timestamp_ns,w_x,w_y,w_z,a_x,a_y,a_z
148418461825,-0.004791260,0.012776692,0.001330905,0.764947474,-9.622296333,0.514753342
148419722737,-0.005855984,0.015704684,-0.005323622,0.776918471,-9.634267807,0.578199744
148420983650,0.001064724,0.012776692,-0.007719252,0.822408319,-9.649829865,0.560243189
148422244525,-0.004258898,0.011978149,-0.002927992,0.785298169,-9.647436142,0.526724398
148423505412,-0.007719252,0.018366495,-0.002661811,0.796072066,-9.673771858,0.610521436
148424766325,-0.005323622,0.017567953,-0.003194173,0.792480767,-9.682151794,0.545877993
148426027212,-0.000798543,0.012776692,-0.001064724,0.800860465,-9.674968719,0.500388145
148427288112,-0.001330905,0.010913425,-0.003460354,0.802057564,-9.637859344,0.503979445
148428549000,-0.007985433,0.014373779,-0.000266181,0.808043063,-9.654618263,0.488417149
148429809925,-0.005589803,0.012510511,0.001863268,0.849941611,-9.651026726,0.535104096
148431070800,-0.003992716,0.014373779,0.000266181,0.830788016,-9.682151794,0.513556242
148432331687,-0.004791260,0.010647244,0.001863268,0.828393817,-9.657012939,0.581791043
148433592587,-0.008251614,0.012244331,0.000532362,0.831985116,-9.658209801,0.523133099
148434853500,-0.009316338,0.010381063,0.001863268,0.831985116,-9.657012939,0.557848990
148436114400,-0.007985433,0.007186890,0.002661811,0.834379315,-9.653421402,0.575805485
148437375287,-0.008783977,0.016503228,0.002927992,0.859518409,-9.697713852,0.581791043
148438636175,-0.009848701,0.014373779,0.007186890,0.827196717,-9.668983459,0.509964943
148439897062,-0.011445787,0.014373779,0.005855984,0.845153213,-9.624691010,0.553060591
148441157975,-0.006654528,0.011179605,0.002395630,0.846350312,-9.621099472,0.554257691
148442418887,-0.009316338,0.007186890,0.009050157,0.811634362,-9.654618263,0.524330199
148443679775,-0.009316338,0.005323622,0.010913425,0.873883605,-9.664195061,0.499191046
148444940662,-0.008251614,0.004258898,0.008783977,0.841561913,-9.617507935,0.544680893
148446201562,-0.007453070,0.009582520,0.008783977,0.843956113,-9.651026726,0.535104096
148447462462,-0.004258898,0.008517795,0.007453070,0.836773515,-9.647436142,0.497993946
148448723350,-0.006654528,0.003726535,0.001064724,0.843956113,-9.672574997,0.563834488
148449984262,-0.007719252,0.006920708,0.007719252,0.846350312,-9.635464668,0.520738900
148451245150,-0.012244331,0.005323622,0.007186890,0.873883605,-9.668983459,0.523133099
148452506037,-0.011711968,0.002395630,0.001863268,0.837970614,-9.653421402,0.529118598
148453766950,-0.007985433,0.002661811,0.005057441,0.855927110,-9.615114212,0.497993946
148455027837,-0.009848701,0.008517795,0.003726535,0.864306808,-9.627084732,0.526724398
148456288762,-0.007719252,0.007719252,0.007985433,0.848744512,-9.645041466,0.529118598
148457549637,-0.009050157,0.002395630,0.007719252,0.852335811,-9.657012939,0.512359142
148458810525,-0.012244331,0.004258898,0.004791260,0.908599555,-9.619902611,0.506373644
148460071425,-0.011711968,0.004258898,0.003726535,0.858321309,-9.625887871,0.502782345
148461332325,-0.007719252,0.001597087,0.002661811,0.822408319,-9.616311073,0.537498295
148462593225,-0.015970865,-0.000798543,0.001064724,0.828393817,-9.642647743,0.513556242
148463854112,-0.013575235,-0.002927992,0.003992716,0.842759013,-9.621099472,0.535104096
148465115012,-0.006122165,-0.005323622,-0.001597087,0.884657562,-9.692925453,0.503979445
148466375900,-0.002927992,-0.009582520,-0.000266181,0.851138711,-9.628282547,0.487220049
148467636812,-0.005855984,-0.003992716,0.002661811,0.818816960,-9.635464668,0.508767843
148468897700,-0.006388346,-0.005057441,0.005855984,0.818816960,-9.636661530,0.493205547
148470158600,-0.009848701,-0.006920708,0.004525078,0.835576415,-9.646238327,0.465672225
148471419512,-0.011179605,-0.005057441,0.002395630,0.827196717,-9.630676270,0.503979445
148472680400,-0.012244331,-0.004791260,0.002927992,0.828393817,-9.636661530,0.524330199
148473941300,-0.008251614,-0.007719252,0.001330905,0.810437262,-9.582792282,0.511162043
148475202175,-0.009316338,-0.007985433,-0.002129449,0.811634362,-9.633070946,0.501585245
148476463087,-0.010913425,-0.008251614,-0.003194173,0.839167714,-9.634267807,0.500388145
148477723975,-0.009316338,-0.009582520,0.001330905,0.809240162,-9.621099472,0.517147601
148478984862,-0.008783977,-0.007453070,0.003992716,0.833182216,-9.641449928,0.486022949
148480245762,-0.008783977,-0.011445787,-0.001330905,0.888248861,-9.612719536,0.492008448
148481506662,-0.006920708,-0.014107598,-0.000798543,0.806845963,-9.598354340,0.468066424
148482767562,-0.007453070,-0.013575235,0.002661811,0.781706870,-9.615114212,0.521935999
148484028475,-0.010381063,-0.010647244,0.003194173,0.825999618,-9.604340553,0.483628750
148485289350,-0.009316338,-0.012244331,0.000798543,0.809240162,-9.582792282,0.501585245
148486550250,-0.008517795,-0.016237047,0.003194173,0.842759013,-9.585186958,0.495599747
148487811150,-0.009582520,-0.015438504,-0.000798543,0.806845963,-9.615114212,0.500388145
148489072050,-0.006920708,-0.015438504,0.000798543,0.805648863,-9.617507935,0.453701228
148490332937,-0.012510511,-0.014639961,0.005323622,0.816422760,-9.603142738,0.484825850
148491593837,-0.011978149,-0.012244331,-0.001330905,0.842759013,-9.594763756,0.445321530
148492854725,-0.010913425,-0.014906141,-0.003726535,0.805648863,-9.593565941,0.466869324
148494115625,-0.012510511,-0.016237047,-0.007719252,0.814028561,-9.601945877,0.468066424
148495376525,-0.011978149,-0.019165039,-0.005057441,0.809240162,-9.594763756,0.527921498
148496637425,-0.003194173,-0.018366495,0.001330905,0.806845963,-9.581595421,0.501585245
148497898312,-0.011445787,-0.018100314,-0.000266181,0.790086567,-9.597157478,0.465672225
148499159212,-0.013042874,-0.015438504,0.000266181,0.802057564,-9.601945877,0.492008448
148500420112,-0.007186890,-0.017834133,0.001064724,0.787692368,-9.645041466,0.494402647
148501681000,-0.007453070,-0.017301772,-0.001064724,0.840364814,-9.640253067,0.482431650
148502941912,-0.009582520,-0.014373779,0.000798543,0.814028561,-9.639056206,0.515950441
148504202800,-0.008251614,-0.011445787,-0.005323622,0.772130072,-9.642647743,0.496796846
148505463712,-0.008251614,-0.014639961,-0.005057441,0.804451764,-9.634267807,0.492008448
148506724600,-0.012244331,-0.018898858,-0.002927992,0.750582218,-9.647436142,0.456095427
148507985475,-0.009582520,-0.017834133,0.000798543,0.782903969,-9.619902611,0.527921498
148509246375,-0.008251614,-0.013575235,-0.000266181,0.792480767,-9.646238327,0.508767843
148510507300,-0.006122165,-0.014107598,-0.001064724,0.803254664,-9.666589737,0.482431650
148511768175,-0.002661811,-0.014107598,-0.000798543,0.761356175,-9.652224541,0.490811348
148513029087,-0.009582520,-0.013309055,-0.001330905,0.794874966,-9.684545517,0.508767843
148514289987,-0.010114881,-0.011711968,-0.001597087,0.788889468,-9.652224541,0.556651890
148515550862,-0.006654528,-0.019963583,-0.001597087,0.811634362,-9.695320129,0.511162043
148516811762,-0.008517795,-0.021560669,0.000266181,0.804451764,-9.678560257,0.550666392
148518072662,-0.009316338,-0.018898858,0.002661811,0.786495268,-9.666589737,0.517147601
148519333562,-0.007453070,-0.014639961,-0.001064724,0.784101069,-9.674968719,0.527921498
148520594450,-0.005057441,-0.010647244,0.002129449,0.784101069,-9.619902611,0.527921498
148521855362,-0.009582520,-0.012776692,0.001863268,0.770932972,-9.604340553,0.581791043
148523116250,-0.009848701,-0.011179605,0.001064724,0.796072066,-9.612719536,0.489614248
148524377137,-0.007453070,-0.017035590,0.006654528,0.792480767,-9.605537415,0.506373644
148525638050,-0.011179605,-0.014906141,0.006122165,0.784101069,-9.623494148,0.494402647
148526898925,-0.010913425,-0.013575235,0.006654528,0.800860465,-9.637859344,0.489614248
148528159825,-0.007453070,-0.012244331,0.006122165,0.809240162,-9.598354340,0.478840351
148529420737,-0.008517795,-0.017834133,0.008251614,0.793677866,-9.570821762,0.436941803
148530681650,-0.011179605,-0.019431220,0.007453070,0.767341673,-9.621099472,0.471657753
148531942525,-0.008783977,-0.017567953,0.007985433,0.785298169,-9.662998199,0.466869324
148533203412,-0.006920708,-0.011711968,0.005855984,0.815225661,-9.653421402,0.482431650
148534464312,-0.006122165,-0.013575235,0.010381063,0.755370617,-9.643844604,0.456095427
148535725212,-0.007186890,-0.012244331,0.011978149,0.781706870,-9.641449928,0.458489627
148536986125,-0.006122165,-0.014373779,0.010114881,0.811634362,-9.659406662,0.445321530
148538247012,-0.007186890,-0.016237047,0.007453070,0.757764816,-9.651026726,0.462080926
148539507912,-0.006654528,-0.018100314,0.007719252,0.763750374,-9.651026726,0.464475125
148540768800,-0.007453070,-0.018366495,0.006654528,0.787692368,-9.676166534,0.490811348
148542029712,-0.005589803,-0.019963583,0.010647244,0.761356175,-9.683348656,0.481234550
148543290587,-0.004258898,-0.015704684,0.015172322,0.749385118,-9.649829865,0.446518630
148544551487,-0.009050157,-0.016769409,0.013575235,0.774524271,-9.690531731,0.470460624
148545812387,-0.006388346,-0.020762125,0.009848701,0.757764816,-9.724050522,0.506373644
148547073262,-0.006654528,-0.018898858,0.010913425,0.757764816,-9.706093788,0.511162043
148548334187,-0.005057441,-0.021294488,0.011445787,0.809240162,-9.706093788,0.458489627
148549595075,-0.010647244,-0.017035590,0.007719252,0.794874966,-9.655815125,0.500388145
148550855962,-0.008517795,-0.022093032,0.010913425,0.757764816,-9.689333916,0.447715729
148552116887,-0.006654528,-0.017301772,0.012244331,0.823605418,-9.714473724,0.420182407
148553377762,-0.004258898,-0.017035590,0.013042874,0.835576415,-9.682151794,0.452504128
148554638662,-0.006654528,-0.019431220,0.011445787,0.842759013,-9.694122314,0.494402647
148555899562,-0.009050157,-0.021294488,0.017035590,0.804451764,-9.677363396,0.489614248
148557160462,-0.008783977,-0.017834133,0.016769409,0.848744512,-9.652224541,0.508767843
148558421362,-0.009050157,-0.016769409,0.010913425,0.835576415,-9.655815125,0.466869324
148559682250,-0.006654528,-0.017567953,0.014107598,0.822408319,-9.676166534,0.459686726
148560943162,-0.008783977,-0.015704684,0.011711968,0.790086567,-9.674968719,0.457292527
148562204037,-0.006920708,-0.018100314,0.012510511,0.852335811,-9.686940193,0.492008448
148563464925,-0.004525078,-0.022093032,0.012244331,0.833182216,-9.635464668,0.500388145
148564725825,-0.008251614,-0.025021022,0.009582520,0.797269166,-9.633070946,0.468066424
148565986725,-0.010647244,-0.024488661,0.006654528,0.817619860,-9.623494148,0.483628750
148567247625,-0.005057441,-0.021560669,0.005589803,0.773327172,-9.633070946,0.444124430
148568508525,-0.004258898,-0.022891574,0.001330905,0.780509770,-9.636661530,0.463278025
148569769425,-0.005057441,-0.023956299,0.004258898,0.784101069,-9.629479408,0.482431650
148571030300,-0.010913425,-0.020495944,0.000532362,0.790086567,-9.585186958,0.477643251
148572291225,-0.010381063,-0.019165039,0.002395630,0.784101069,-9.576807022,0.500388145
148573552125,-0.006388346,-0.015438504,-0.001330905,0.763750374,-9.607931137,0.482431650
148574813000,-0.006920708,-0.021294488,-0.001863268,0.741005421,-9.576807022,0.472854853
148576073900,-0.007985433,-0.022359211,-0.003992716,0.785298169,-9.581595421,0.495599747
148577334812,-0.009050157,-0.015970865,-0.003194173,0.762553275,-9.581595421,0.428562105
148578595687,-0.004258898,-0.016503228,-0.006388346,0.774524271,-9.569623947,0.459686726
148579856600,-0.001330905,-0.022625392,-0.009316338,0.754173517,-9.561244965,0.434547603
148581117500,-0.006388346,-0.017301772,-0.014639961,0.756567717,-9.562441826,0.422576606
148582378387,-0.002395630,-0.019165039,-0.017567953,0.744596720,-9.583989143,0.456095427
148583639275,-0.002661811,-0.021028306,-0.015970865,0.748188019,-9.556456566,0.471657753
148584900175,-0.003194173,-0.019165039,-0.013309055,0.736217022,-9.549273491,0.457292527
148586161087,0.000000000,-0.014906141,-0.013841417,0.760159075,-9.595960617,0.441730231
148587421975,0.001064724,-0.013309055,-0.017567953,0.764947474,-9.572018623,0.480037451
148588682875,0.000532362,-0.018632676,-0.013841417,0.767341673,-9.581595421,0.469263524
148589943787,0.001064724,-0.014906141,-0.013841417,0.786495268,-9.549273491,0.470460624
148591204650,0.003992716,-0.021294488,-0.016769409,0.779312670,-9.533711433,0.472854853
148592465562,0.004258898,-0.018100314,-0.010647244,0.762553275,-9.539696693,0.469263524
148593726462,0.003726535,-0.015172322,-0.014107598,0.774524271,-9.516951561,0.519541800
148594987350,0.002395630,-0.017834133,-0.015438504,0.784101069,-9.501389503,0.489614248
148596248262,0.004525078,-0.014906141,-0.011445787,0.793677866,-9.507374763,0.447715729
148597509162,0.007453070,-0.010647244,-0.013042874,0.804451764,-9.481039047,0.483628750
148598770037,0.011179605,-0.012510511,-0.010913425,0.778115571,-9.476250648,0.480037451
148600030925,0.007985433,-0.015970865,-0.011711968,0.800860465,-9.500192642,0.517147601
148601291837,0.009316338,-0.016503228,-0.007719252,0.835576415,-9.463082314,0.483628750
148602552725,0.009582520,-0.009316338,-0.011978149,0.803254664,-9.461885452,0.464475125
148603813625,0.013309055,-0.013042874,-0.009582520,0.798466265,-9.484629631,0.452504128
148605074525,0.012776692,-0.013575235,-0.007453070,0.815225661,-9.422380447,0.435744703
148606335412,0.015172322,-0.015970865,-0.007453070,0.809240162,-9.440337181,0.435744703
148607596325,0.018632676,-0.015172322,-0.004525078,0.834379315,-9.472659111,0.459686726
148608857225,0.018366495,-0.016237047,-0.005323622,0.812831461,-9.470264435,0.469263524
148610118100,0.016237047,-0.015438504,-0.011978149,0.797269166,-9.428366661,0.454898328
148611379000,0.017301772,-0.020762125,-0.007186890,0.836773515,-9.415198326,0.422576606
148612639900,0.021560669,-0.015438504,-0.007985433,0.814028561,-9.459490776,0.454898328
148613900800,0.023956299,-0.015172322,-0.011445787,0.855927110,-9.424775124,0.521935999
148615161700,0.027416652,-0.013042874,-0.009848701,0.869095206,-9.463082314,0.412999809
148616422587,0.028481377,-0.011978149,-0.006654528,0.790086567,-9.442731857,0.367509961
148617683475,0.031143188,-0.017567953,-0.005855984,0.810437262,-9.482235909,0.412999809
148618944375,0.027949015,-0.017567953,-0.010381063,0.837970614,-9.558850288,0.464475125
148620205275,0.029279921,-0.021028306,-0.010647244,0.812831461,-9.542091370,0.398634583
148621466162,0.035135906,-0.023956299,-0.011711968,0.799663365,-9.543288231,0.378283858
148622727050,0.034071181,-0.019697402,-0.010114881,0.800860465,-9.572018623,0.424970806
148623987950,0.039927166,-0.021294488,-0.013841417,0.773327172,-9.625887871,0.408211380
148625248862,0.042056613,-0.021826850,-0.014639961,0.774524271,-9.629479408,0.438138902
148626509762,0.033006456,-0.022093032,-0.013309055,0.805648863,-9.639056206,0.401028782
148627770662,0.037531536,-0.015970865,-0.014639961,0.774524271,-9.640253067,0.383072287
148629031562,0.041258071,-0.020229762,-0.014107598,0.803254664,-9.635464668,0.459686726
148630292450,0.042855155,-0.024754841,-0.012244331,0.754173517,-9.645041466,0.414196908
148631553362,0.033804998,-0.020495944,-0.012510511,0.817619860,-9.690531731,0.380678087
148632814225,0.035934448,-0.018632676,-0.016237047,0.845153213,-9.676166534,0.453701228
148634075150,0.034603544,-0.021826850,-0.014906141,0.803254664,-9.682151794,0.426167905
148635336025,0.037265353,-0.022625392,-0.013575235,0.806845963,-9.684545517,0.420182407
148636596937,0.037265353,-0.020495944,-0.011445787,0.830788016,-9.664195061,0.380678087
148637857837,0.038862441,-0.026085747,-0.006920708,0.797269166,-9.664195061,0.463278025
148639118737,0.038596258,-0.026085747,-0.015704684,0.822408319,-9.676166534,0.404620081
148640379637,0.039128620,-0.023956299,-0.017035590,0.799663365,-9.670180321,0.438138902
148641640525,0.038330078,-0.022093032,-0.013042874,0.812831461,-9.665391922,0.428562105
148642901412,0.035402086,-0.024488661,-0.010114881,0.815225661,-9.634267807,0.421379507
148644162325,0.036732990,-0.027416652,-0.009050157,0.805648863,-9.640253067,0.423773706
148645423212,0.039927166,-0.024754841,-0.012510511,0.849941611,-9.605537415,0.385466486
148646684100,0.041524250,-0.030877007,-0.011711968,0.883460462,-9.588777542,0.438138902
148647945000,0.045516968,-0.032207914,-0.007186890,0.863109708,-9.533711433,0.389057785
148649205900,0.040193345,-0.029546101,-0.012510511,0.920570552,-9.543288231,0.407014281
148650466800,0.037265353,-0.023157755,-0.011978149,0.915782154,-9.526528358,0.341173738
148651727687,0.035668265,-0.026351929,-0.008783977,0.891840160,-9.457097054,0.409408480
148652988587,0.034071181,-0.028747559,-0.003992716,0.825999618,-9.500192642,0.354341865
148654249487,0.045250785,-0.029279921,-0.011445787,0.849941611,-9.498995781,0.300472319
148655510387,0.048178777,-0.031409368,-0.013042874,0.873883605,-9.466673851,0.369904160
148656771287,0.041524250,-0.030344645,-0.010381063,0.916979253,-9.489418983,0.371101260
148658032187,0.048977323,-0.030344645,-0.008251614,0.827196717,-9.508572578,0.357933164
148659293075,0.051372953,-0.035668265,-0.015172322,0.810437262,-9.415198326,0.337582439
148660553962,0.049243502,-0.039128620,-0.011179605,0.847547412,-9.447520256,0.310049117
148661814875,0.053502399,-0.033006456,-0.010381063,0.855927110,-9.441534042,0.324414343
148663075737,0.052703857,-0.033804998,-0.018898858,0.851138711,-9.454702377,0.312443316
148664336650,0.051372953,-0.035934448,-0.022891574,0.837970614,-9.391256332,0.311246216
148665597550,0.056430392,-0.038862441,-0.017834133,0.837970614,-9.421183586,0.323217243
148666858450,0.058559842,-0.040459525,-0.019431220,0.818816960,-9.434351921,0.341173738
148668119337,0.058826022,-0.042056613,-0.022359211,0.812831461,-9.396044731,0.322020143
148669380250,0.059890747,-0.041258071,-0.018632676,0.816422760,-9.435548782,0.338779539
148670641137,0.060156927,-0.040991887,-0.018366495,0.802057564,-9.427168846,0.374692559
148671902037,0.063351102,-0.040991887,-0.014373779,0.833182216,-9.408015251,0.366312861
148673162937,0.063617282,-0.042855155,-0.013309055,0.798466265,-9.415198326,0.292092621
148674423825,0.064149641,-0.041258071,-0.020762125,0.788889468,-9.415198326,0.310049117
148675684725,0.067876182,-0.043121338,-0.019963583,0.792480767,-9.445125580,0.311246216
148676945625,0.070271812,-0.046049330,-0.014107598,0.785298169,-9.436745644,0.326808542
148678206512,0.068408541,-0.043919880,-0.015438504,0.778115571,-9.453505516,0.277727395
148679467412,0.068940900,-0.046049330,-0.014373779,0.785298169,-9.459490776,0.237025976
148680728300,0.070804171,-0.046315510,-0.013309055,0.758961916,-9.445125580,0.253785372
148681989212,0.072135076,-0.048178777,-0.012776692,0.746990919,-9.507374763,0.244208574
148683250100,0.068674721,-0.045516968,-0.011179605,0.749385118,-9.502586365,0.276530296
148684511000,0.073998347,-0.047114052,-0.011445787,0.758961916,-9.485827446,0.246602774
148685771900,0.077192515,-0.047114052,-0.009848701,0.820014060,-9.519346237,0.238223076
148687032800,0.076393977,-0.049775865,-0.008783977,0.767341673,-9.524134636,0.266953498
148688293675,0.075595431,-0.048444960,-0.010114881,0.748188019,-9.548076630,0.220266551
148689554587,0.074530706,-0.049775865,-0.005589803,0.713472128,-9.540893555,0.179565132
148690815487,0.074530706,-0.050574407,-0.008251614,0.712275028,-9.605537415,0.181959331
148692076387,0.079321966,-0.048977323,-0.001064724,0.718260527,-9.625887871,0.203507140
148693337262,0.079055786,-0.048444960,-0.002129449,0.721851826,-9.613917351,0.193930343
148694598175,0.077192515,-0.050840590,-0.008517795,0.672770679,-9.639056206,0.237025976
148695859075,0.073732160,-0.053236220,-0.005323622,0.657208383,-9.660603523,0.196324542
148697119975,0.076393977,-0.052437674,-0.001597087,0.632069230,-9.673771858,0.177170932
148698380887,0.075063072,-0.055631850,-0.002129449,0.641646087,-9.694122314,0.186747730
148699641762,0.075595431,-0.055898029,-0.001597087,0.611718535,-9.710882187,0.177170932
148700902637,0.077991061,-0.046581693,-0.001330905,0.592564940,-9.684545517,0.185550630
148702163550,0.078523420,-0.050840590,0.001863268,0.645237386,-9.700108528,0.148440510
148703424450,0.081185237,-0.050042044,0.002927992,0.616506934,-9.707290649,0.190339044
148704685325,0.076393977,-0.049509682,0.001330905,0.580593944,-9.719262123,0.191536143
148705946237,0.073199801,-0.051639132,0.002395630,0.563834488,-9.728838921,0.191536143
148707207137,0.069739446,-0.049775865,0.005323622,0.596156240,-9.689333916,0.221463665
148708468050,0.070537992,-0.052703857,0.005057441,0.578199744,-9.683348656,0.146046311
148709728937,0.069207087,-0.056430392,0.010647244,0.586579442,-9.722852707,0.158017308
148710989837,0.070271812,-0.052437674,0.009050157,0.582988143,-9.684545517,0.132878199
148712250737,0.071336530,-0.050840590,0.011445787,0.556651890,-9.685743332,0.161608621
148713511625,0.066012911,-0.050308228,0.010114881,0.580593944,-9.652224541,0.202310041
148714772512,0.063351102,-0.046581693,0.006654528,0.563834488,-9.635464668,0.213083953
148716033425,0.068940900,-0.047646414,0.011445787,0.616506934,-9.609128952,0.178368032
148717294300,0.070537992,-0.048711140,0.012776692,0.578199744,-9.556456566,0.159214407
148718555212,0.064149641,-0.047646414,0.012510511,0.562637389,-9.569623947,0.168791220
148719816100,0.059890747,-0.046049330,0.012776692,0.626083732,-9.557653427,0.165199921
148721077000,0.065480553,-0.047380235,0.012776692,0.593762040,-9.522937775,0.131681100
148722337900,0.063351102,-0.046049330,0.015438504,0.596156240,-9.516951561,0.102950677
148723598812,0.066811457,-0.047912598,0.017567953,0.573411286,-9.502586365,0.079008654
148724859687,0.064415827,-0.052703857,0.019697402,0.565031588,-9.494207382,0.088585466
148726120587,0.064682007,-0.050042044,0.024222480,0.557848990,-9.460687637,0.110133275
148727381487,0.065746732,-0.050042044,0.018632676,0.525527298,-9.467870712,0.137666598
148728642375,0.057495117,-0.050308228,0.019963583,0.574608386,-9.451110840,0.107739076
148729903275,0.060423110,-0.046315510,0.019431220,0.531512797,-9.422380447,0.119710088
148731164150,0.065746732,-0.046315510,0.022359211,0.521935999,-9.400833130,0.105344877
148732425075,0.069207087,-0.051372953,0.026884291,0.539892495,-9.379284859,0.118512988
148733685962,0.067876182,-0.050840590,0.021294488,0.538695395,-9.334992409,0.083797060
148734946862,0.066545270,-0.050042044,0.023690118,0.541089594,-9.330204010,0.075417355
148736207750,0.070271812,-0.051905312,0.028481377,0.579396844,-9.334992409,0.056263741
148737468662,0.070271812,-0.048178777,0.024488661,0.538695395,-9.385271072,0.044292733
148738729537,0.073199801,-0.048711140,0.021294488,0.502782345,-9.308656693,0.135272399
148739990462,0.075329252,-0.048977323,0.023690118,0.511162043,-9.317035675,0.110133275
148741251350,0.075595431,-0.053502399,0.027416652,0.525527298,-9.318233490,0.022744916
148742512262,0.078789607,-0.053768583,0.026351929,0.495599747,-9.285911560,0.077811554
148743773125,0.077724881,-0.052171495,0.021294488,0.518344700,-9.281123161,0.092176765
148745034037,0.078523420,-0.058559842,0.027150471,0.565031588,-9.257181168,0.062249243
148746294937,0.084379405,-0.054833304,0.028481377,0.548272192,-9.260772705,0.040701430
148747555837,0.085710309,-0.055898029,0.029812282,0.532709897,-9.293093681,0.118512988
148748816725,0.088638306,-0.054833304,0.031941731,0.530315697,-9.288305283,0.049081136
148750077625,0.086508855,-0.054300942,0.029812282,0.543483794,-9.267954826,0.100556470
148751338512,0.085976496,-0.056696571,0.028747559,0.539892495,-9.242815971,0.071826048
148752599412,0.089170665,-0.059358384,0.027949015,0.549469292,-9.283516884,0.076614454
148753860325,0.090767756,-0.060955472,0.024222480,0.566228688,-9.276334763,0.058657940
148755121225,0.091300115,-0.056430392,0.021028306,0.584185243,-9.228450775,0.076614454
148756382087,0.090501569,-0.061754014,0.022891574,0.560243189,-9.260772705,0.063446343
148757643000,0.092897199,-0.061754014,0.025819566,0.622492433,-9.297882080,0.033518825
148758903900,0.094494291,-0.063883461,0.024754841,0.568622887,-9.290699959,0.021547815
148760164812,0.095026650,-0.068674721,0.024754841,0.645237386,-9.339780807,0.021547815
148761425675,0.097688459,-0.067077637,0.026351929,0.594959140,-9.303868294,0.051475339
148762686600,0.100882635,-0.068674721,0.026884291,0.597353339,-9.321824074,0.061052144
148763947475,0.105940074,-0.071336530,0.026351929,0.639251888,-9.354146004,-0.027533319
148765208387,0.102745906,-0.076926336,0.024488661,0.627280831,-9.317035675,0.020350715
148766469275,0.105940074,-0.072135076,0.025021022,0.567425787,-9.330204010,0.014365210
148767730187,0.106738620,-0.074264526,0.025287203,0.577002585,-9.369708061,0.035913024
148768991087,0.112328425,-0.078789607,0.026884291,0.590170741,-9.391256332,0.044292733
148770251975,0.108335704,-0.078789607,0.023157755,0.582988143,-9.391256332,0.010773907
148771512850,0.111263700,-0.079588145,0.025287203,0.513556242,-9.388861656,-0.001197101
148772773762,0.114191689,-0.086242676,0.024222480,0.584185243,-9.458293915,0.008379706
148774034675,0.115788773,-0.081451416,0.024488661,0.586579442,-9.443928719,0.070628949
148775295550,0.114724055,-0.087839760,0.022359211,0.574608386,-9.458293915,0.045489833
148776556450,0.118450589,-0.089170665,0.022625392,0.579396844,-9.463082314,0.021547815
148777817362,0.117652044,-0.085177951,0.021826850,0.537498295,-9.465476036,0.015562311
148779078237,0.119515315,-0.089436844,0.019963583,0.503979445,-9.484629631,0.032321725
148780339125,0.122709483,-0.088105939,0.017834133,0.555454791,-9.538499832,0.028730420
148781600050,0.121112399,-0.091566294,0.016769409,0.553060591,-9.464279175,0.045489833
148782860925,0.118184403,-0.090235390,0.017834133,0.533906996,-9.501389503,0.047884036
148784121812,0.122709483,-0.091566294,0.019697402,0.492008448,-9.488221169,0.038307227
148785382725,0.118450589,-0.097156100,0.014107598,0.484825850,-9.534908295,0.031124622
148786643625,0.119781494,-0.090501569,0.010114881,0.543483794,-9.526528358,0.102950677
148787904525,0.124572754,-0.091033936,0.017301772,0.452504128,-9.551668167,0.064643450
148789165412,0.126968384,-0.096623734,0.016237047,0.470460624,-9.582792282,0.065840550
148790426312,0.124838933,-0.095026650,0.007186890,0.442927331,-9.527726173,0.083797060
148791687212,0.125371292,-0.096623734,0.014906141,0.441730231,-9.557653427,0.096965171
148792948125,0.127766922,-0.099285550,0.013575235,0.427365005,-9.542091370,0.086191259
148794209012,0.122177124,-0.099285550,0.009848701,0.418985307,-9.580398560,0.079008654
148795469900,0.125371292,-0.098220825,0.012244331,0.448912829,-9.589975357,0.046686932
148796730800,0.128033102,-0.099019364,0.014107598,0.401028782,-9.537302971,0.076614454
148797991700,0.127766922,-0.103012085,0.009050157,0.392649084,-9.539696693,0.058657940
148799252612,0.129896373,-0.103544444,0.008251614,0.385466486,-9.507374763,0.003591303
148800513487,0.128033102,-0.102745906,0.008517795,0.421379507,-9.538499832,0.039504327
148801774375,0.129097834,-0.102479719,0.008517795,0.424970806,-9.494207382,0.040701430
148803035275,0.128831655,-0.099019364,0.007453070,0.410605609,-9.528923035,0.051475339
148804296162,0.129896373,-0.095292829,0.009050157,0.432153404,-9.519346237,0.031124622
148805557075,0.133622915,-0.097954646,0.003194173,0.414196908,-9.530119896,0.084994160
148806817987,0.133889094,-0.097954646,0.003726535,0.424970806,-9.510966301,-0.014365210
148808078875,0.136284724,-0.100084089,0.005855984,0.430956304,-9.525331497,0.038307227
148809339762,0.135486171,-0.095292829,0.007453070,0.414196908,-9.508572578,0.079008654
148810600662,0.135219991,-0.099019364,0.007453070,0.433350503,-9.498995781,0.023942018
148811861562,0.138414174,-0.099817909,0.008783977,0.458489627,-9.510966301,0.022744916
148813122462,0.134421453,-0.098487005,0.003194173,0.454898328,-9.485827446,-0.002394202
148814383362,0.139478892,-0.101148814,0.007186890,0.484825850,-9.508572578,0.038307227
148815644250,0.139478892,-0.098753184,0.007719252,0.486022949,-9.487024307,-0.002394202
148816905125,0.137349442,-0.099285550,0.006920708,0.521935999,-9.491812706,0.011971009
148818166037,0.139478892,-0.100616455,0.009050157,0.478840351,-9.489418983,0.029927522
148819426937,0.141874522,-0.104342990,0.013575235,0.497993946,-9.522937775,0.044292733
148820687825,0.141874522,-0.103278264,0.010647244,0.496796846,-9.485827446,0.082599960
148821948725,0.146665782,-0.105940074,0.008783977,0.551863492,-9.451110840,0.008379706
148823209625,0.145334885,-0.109134249,0.006654528,0.579396844,-9.446322441,0.063446343
148824470512,0.145601064,-0.108335704,0.004525078,0.565031588,-9.485827446,0.052672438
148825731425,0.149593771,-0.107803345,0.010114881,0.608127236,-9.472659111,0.055066638
148826992325,0.150126144,-0.114191689,0.011179605,0.579396844,-9.482235909,0.025139118
148828253237,0.147996694,-0.116587318,0.010913425,0.605733037,-9.483432770,0.026336219
148829514112,0.149061412,-0.116587318,0.010647244,0.616506934,-9.488221169,0.023942018
148830775012,0.148529053,-0.118982948,0.008251614,0.596156240,-9.479841232,0.053869538
148832035900,0.151989400,-0.118716769,0.012244331,0.638054729,-9.472659111,0.044292733
148833296800,0.155183583,-0.120846219,0.014373779,0.656011283,-9.454702377,0.058657940
148834557687,0.155715942,-0.122709483,0.017834133,0.661996782,-9.515754700,0.107739076
148835818600,0.160773382,-0.129896373,0.020229762,0.681150377,-9.473855972,0.020350715
148837079487,0.159974843,-0.131759644,0.016237047,0.663193882,-9.509769440,-0.011971009
148838340387,0.158111572,-0.132025823,0.014906141,0.706289530,-9.507374763,-0.008379706
148839601275,0.159974843,-0.135219991,0.017834133,0.683544576,-9.522937775,-0.009576807
148840862200,0.167694092,-0.135219991,0.018898858,0.733822823,-9.543288231,0.026336219
148842123087,0.163967550,-0.140011251,0.015704684,0.678756177,-9.576807022,0.043095630
148843383975,0.162902832,-0.139745072,0.013575235,0.657208383,-9.583989143,0.071826048
148844644875,0.166097000,-0.141075984,0.012776692,0.647631586,-9.604340553,0.071826048
148845905762,0.167161733,-0.145867243,0.015172322,0.650025785,-9.635464668,0.106541976
148847166675,0.168226451,-0.150924683,0.010381063,0.640448987,-9.617507935,0.090979666
148848427537,0.169024989,-0.149327591,0.006920708,0.630872130,-9.653421402,0.089782566
148849688462,0.169823542,-0.153320312,0.007453070,0.653617084,-9.671378136,0.130484000
148850949350,0.170622081,-0.158643931,0.010114881,0.629675031,-9.734824181,0.106541976
148852210250,0.168758810,-0.159176290,0.006122165,0.585382342,-9.724050522,0.088585466
148853471137,0.169823542,-0.160241023,0.003726535,0.584185243,-9.744400978,0.095768072
148854732050,0.165564641,-0.163435191,0.000266181,0.588973641,-9.749189377,0.114921682
148855992937,0.167161733,-0.165564641,-0.001064724,0.565031588,-9.799468040,0.111330383
148857253850,0.166363180,-0.168492630,0.000000000,0.629675031,-9.791088104,0.087388359
148858514737,0.165564641,-0.168226451,-0.001597087,0.635660529,-9.803058624,0.138863698
148859775637,0.161305740,-0.173550069,-0.005323622,0.590170741,-9.823410034,0.135272399
148861036525,0.165564641,-0.178075150,-0.007985433,0.605733037,-9.825803757,0.130484000
148862297412,0.167161733,-0.181269318,-0.007985433,0.596156240,-9.807847023,0.173579618
148863558337,0.164233729,-0.177808970,-0.013042874,0.644040287,-9.787496567,0.099359371
148864819225,0.164766103,-0.182067871,-0.011179605,0.657208383,-9.801861763,0.192733243
148866080125,0.165830821,-0.191118032,-0.013575235,0.636857629,-9.816226959,0.148440510
148867341012,0.162370473,-0.189254761,-0.011978149,0.688332975,-9.795876503,0.114921682
148868601900,0.161039561,-0.190319479,-0.012776692,0.709880829,-9.859322548,0.123301387
148869862787,0.161039561,-0.195110738,-0.018632676,0.640448987,-9.849745750,0.140060797
148871123700,0.161571920,-0.200966731,-0.020229762,0.665588081,-9.821015358,0.123301387
148872384587,0.158643931,-0.199103460,-0.015704684,0.679953277,-9.809044838,0.150834709
148873645475,0.156248301,-0.200966731,-0.019431220,0.623689532,-9.846154213,0.158017308
148874906387,0.153054133,-0.204160899,-0.021560669,0.673967779,-9.829395294,0.166397020
148876167287,0.151723221,-0.208952159,-0.026351929,0.615309834,-9.832986832,0.168791220
148877428187,0.154385030,-0.207355067,-0.027150471,0.616506934,-9.846154213,0.149637610
148878689087,0.152255580,-0.209484518,-0.022891574,0.605733037,-9.827000618,0.199915841
148879949975,0.152787954,-0.211347789,-0.023423936,0.602141738,-9.815030098,0.118512988
148881210887,0.151457042,-0.217469960,-0.028481377,0.542286694,-9.821015358,0.160411522
148882471762,0.146665782,-0.219599396,-0.024222480,0.535104096,-9.785102844,0.149637610
148883732675,0.146665782,-0.221728846,-0.022891574,0.543483794,-9.811438560,0.125695586
148884993550,0.145334885,-0.223059759,-0.027416652,0.470460624,-9.817423820,0.128089786
148886254450,0.145867243,-0.222793579,-0.030877007,0.478840351,-9.853337288,0.081402861
148887515350,0.146665782,-0.227318659,-0.028215196,0.481234550,-9.858125687,0.137666598
148888776237,0.144003972,-0.228649557,-0.029279921,0.377086759,-9.849745750,0.102950677
148890037162,0.138680354,-0.226786286,-0.033006456,0.434547603,-9.819818497,0.108936176
148891298037,0.136018544,-0.230779007,-0.033006456,0.465672225,-9.876082420,0.083797060
148892558950,0.139745072,-0.235037908,-0.028747559,0.439336002,-9.829395294,0.084994160
148893819837,0.134953812,-0.237699717,-0.031143188,0.420182407,-9.862914085,0.084994160
148895080737,0.136817083,-0.237167358,-0.033272635,0.420182407,-9.827000618,0.098162271
148896341625,0.137083262,-0.242490977,-0.031409368,0.424970806,-9.827000618,0.061052144
148897602525,0.132025823,-0.240893885,-0.032740276,0.403422982,-9.824606895,0.095768072
148898863437,0.129630193,-0.239829168,-0.031143188,0.395043284,-9.806650162,0.084994160
148900124312,0.132558182,-0.244620427,-0.029013740,0.393846184,-9.852140427,0.128089786
148901385225,0.125371292,-0.244620427,-0.026351929,0.372298360,-9.846154213,0.065840550
148902646112,0.127500743,-0.239562988,-0.029279921,0.355538964,-9.817423820,0.069431849
148903907012,0.127234563,-0.243821889,-0.028481377,0.319625944,-9.823410034,0.053869538
148905167912,0.123508029,-0.246217519,-0.026351929,0.332794040,-9.823410034,0.081402861
148906428800,0.121112399,-0.245418966,-0.027416652,0.305260718,-9.832986832,0.098162271
148907689687,0.118184403,-0.244886607,-0.025287203,0.326808542,-9.817423820,0.098162271
148908950587,0.111263700,-0.247548416,-0.021028306,0.299275219,-9.842563629,0.099359371
148910211487,0.113925509,-0.252605855,-0.018898858,0.256179571,-9.841365814,0.073023155
148911472387,0.113126963,-0.251008779,-0.018898858,0.240617275,-9.804256439,0.038307227
148912733287,0.113925509,-0.246483698,-0.015970865,0.274136096,-9.835380554,0.043095630
148913994187,0.108601883,-0.245685145,-0.017035590,0.289698422,-9.825803757,0.043095630
148915255087,0.108601883,-0.246483698,-0.017567953,0.199915841,-9.812635422,0.045489833
148916516000,0.107803345,-0.244088069,-0.016237047,0.233434662,-9.813833237,0.098162271
148917776875,0.102745906,-0.240361527,-0.015704684,0.150834709,-9.788693428,0.094570965
148919037775,0.101414993,-0.240893885,-0.016503228,0.130484000,-9.822212219,0.040701430
148920298675,0.097954646,-0.236368805,-0.013575235,0.134075299,-9.759963036,0.029927522
148921559575,0.095292829,-0.235836446,-0.016503228,0.128089786,-9.751584053,0.038307227
148922820450,0.097156100,-0.244354248,-0.009848701,0.101753570,-9.785102844,0.025139118
148924081375,0.098220825,-0.237965897,-0.004791260,0.063446343,-9.830592155,0.002394202
148925342262,0.088638306,-0.233973175,-0.008517795,0.093373865,-9.798270226,0.039504327
148926603150,0.083314680,-0.233973175,-0.009848701,0.033518825,-9.769539833,0.040701430
148927864062,0.087573580,-0.231843740,-0.008251614,0.038307227,-9.806650162,0.017956512
148929124950,0.090767756,-0.229980469,-0.003460354,0.052672438,-9.825803757,0.007182605
148930385850,0.084911771,-0.230246648,0.004525078,0.038307227,-9.792284966,0.038307227
148931646750,0.082249962,-0.228383377,0.002661811,0.010773907,-9.822212219,0.010773907
148932907650,0.082782321,-0.224656850,-0.001330905,-0.020350715,-9.840168953,0.038307227
148934168550,0.079321966,-0.220131770,-0.000798543,-0.043095630,-9.873687744,0.033518825
148935429425,0.079055786,-0.215606689,-0.001597087,-0.053869538,-9.910798073,0.053869538
148936690337,0.079854332,-0.211880147,0.003194173,-0.029927522,-9.902418137,0.084994160
148937951225,0.081717595,-0.215074331,0.005057441,-0.025139118,-9.935936928,0.088585466
148939212125,0.080120511,-0.211613968,0.006388346,-0.041898530,-9.952696800,0.081402861
148940473012,0.079321966,-0.204160899,0.006122165,-0.061052144,-9.953893661,0.037110128
148941733912,0.077458702,-0.209750697,0.014639961,-0.067037649,-9.945513725,0.061052144
148942994800,0.074530706,-0.206024170,0.012510511,-0.089782566,-9.961075783,0.077811554
148944255712,0.072135076,-0.196974009,0.007985433,-0.071826048,-9.980230331,0.084994160
148945516600,0.071336530,-0.195376918,0.008251614,-0.120907187,-9.971850395,0.104147777
148946777512,0.073465981,-0.192448929,0.011179605,-0.116118781,-10.014945984,0.124498487
148948038387,0.071336530,-0.189787120,0.013309055,-0.183156431,-9.963470459,0.149637610
148949299275,0.071336530,-0.186060578,0.008251614,-0.071826048,-9.967061996,0.122104287
148950560187,0.071868896,-0.184463501,0.016769409,-0.136469498,-9.950302124,0.155623108
148951821087,0.068674721,-0.177542791,0.018366495,-0.129286900,-9.965864182,0.193930343
148953081975,0.067343816,-0.176211879,0.016769409,-0.164002821,-9.992200851,0.130484000
148954342875,0.063883461,-0.169024989,0.017301772,-0.148440510,-9.952696800,0.137666598
148955603775,0.060689289,-0.163435191,0.016769409,-0.173579618,-9.931148529,0.189141929
148956864662,0.058559842,-0.162370473,0.020495944,-0.148440510,-9.943120003,0.203507140
148958125550,0.061221652,-0.158111572,0.020229762,-0.148440510,-9.919178009,0.227449164
148959386475,0.059092201,-0.151190862,0.015970865,-0.132878199,-9.904812813,0.257376671
148960647362,0.058293659,-0.147730514,0.024222480,-0.189141929,-9.888052940,0.192733243
148961908250,0.057495117,-0.145601064,0.022093032,-0.152031809,-9.872490883,0.227449164
148963169162,0.056962755,-0.146931961,0.019963583,-0.140060797,-9.843760490,0.243011475
148964430050,0.053768583,-0.141342163,0.023690118,-0.177170932,-9.813833237,0.263362199
148965690962,0.058293659,-0.135486171,0.028215196,-0.191536143,-9.805453300,0.246602774
148966951850,0.058293659,-0.133889094,0.025553385,-0.158017308,-9.805453300,0.252588272
148968212737,0.059890747,-0.129097834,0.022359211,-0.150834709,-9.771934509,0.234631762
148969473650,0.060689289,-0.123774208,0.025021022,-0.142454997,-9.789891243,0.231040463
148970734550,0.056430392,-0.120313853,0.023157755,-0.159214407,-9.780314445,0.254982471
148971995437,0.060955472,-0.120047674,0.025553385,-0.178368032,-9.740809441,0.266953498
148973256337,0.066279091,-0.113393143,0.022625392,-0.146046311,-9.691728592,0.183156431
148974517225,0.064415827,-0.109400429,0.020495944,-0.156820208,-9.756372452,0.238223076
148975778125,0.061487831,-0.106472440,0.017035590,-0.168791220,-9.743204117,0.232237563
148977039012,0.063351102,-0.105407715,0.018898858,-0.204704240,-9.769539833,0.270544797
148978299900,0.070271812,-0.102745906,0.021560669,-0.202310041,-9.750386238,0.231040463
148979560800,0.067609996,-0.097688459,0.016769409,-0.185550630,-9.721655846,0.227449164
148980821712,0.072401255,-0.091566294,0.017035590,-0.125695586,-9.764751434,0.209492654
148982082612,0.070271812,-0.085444130,0.016769409,-0.220266551,-9.708487511,0.278924495
148983343487,0.073465981,-0.084911771,0.014639961,-0.248996973,-9.718064308,0.312443316
148984604387,0.074530706,-0.081983775,0.014107598,-0.217872351,-9.722852707,0.335188240
148985865287,0.072667442,-0.075063072,0.016237047,-0.185550630,-9.742007256,0.353144765
148987126200,0.073199801,-0.074530706,0.015970865,-0.222660765,-9.744400978,0.310049117
148988387075,0.077192515,-0.066279091,0.011978149,-0.235828876,-9.736021042,0.304063618
148989647975,0.077458702,-0.065746732,0.006654528,-0.232237563,-9.767146111,0.333991140
148990908887,0.078257240,-0.063084923,0.005323622,-0.290895522,-9.755174637,0.342370838
148992169787,0.082516141,-0.058027480,0.006654528,-0.259770900,-9.767146111,0.328005642
148993430675,0.084911771,-0.058559842,0.004258898,-0.251391172,-9.780314445,0.402225882
148994691562,0.082249962,-0.053502399,0.005855984,-0.211886853,-9.751584053,0.380678087
148995952475,0.081451416,-0.050574407,0.003460354,-0.278924495,-9.804256439,0.375889659
148997213375,0.080652870,-0.047114052,0.002661811,-0.250194073,-9.830592155,0.316034615
148998474262,0.085177951,-0.044452243,0.000798543,-0.271741897,-9.817423820,0.351947665
148999735150,0.085177951,-0.039927166,-0.003992716,-0.227449164,-9.787496567,0.371101260
149000996062,0.085976496,-0.037797716,-0.004258898,-0.214281052,-9.847352028,0.374692559
149002256950,0.083847046,-0.031941731,-0.000798543,-0.256179571,-9.841365814,0.429759204
149003517850,0.087307401,-0.029013740,-0.000266181,-0.238223076,-9.817423820,0.403422982
149004778750,0.085177951,-0.026884291,-0.005057441,-0.252588272,-9.861717224,0.390254885
149006039637,0.084379405,-0.021028306,-0.011711968,-0.221463665,-9.810241699,0.368707061
149007300537,0.079055786,-0.019431220,-0.011711968,-0.241814375,-9.854534149,0.368707061
149008561425,0.083314680,-0.019697402,-0.013575235,-0.225054964,-9.873687744,0.420182407
149009822337,0.081185237,-0.015172322,-0.015172322,-0.274136096,-9.848548889,0.420182407
149011083225,0.083048500,-0.011978149,-0.018366495,-0.223857865,-9.858125687,0.463278025
149012344125,0.081983775,-0.011445787,-0.016237047,-0.226252064,-9.886856079,0.407014281
149013605012,0.079321966,-0.007453070,-0.019963583,-0.235828876,-9.830592155,0.410605609
149014865925,0.078257240,-0.005057441,-0.022359211,-0.193930343,-9.872490883,0.407014281
149016126812,0.074796885,-0.000798543,-0.020229762,-0.178368032,-9.868899345,0.393846184
149017387700,0.077192515,0.003460354,-0.023956299,-0.156820208,-9.921571732,0.418985307
149018648612,0.077991061,0.006920708,-0.025553385,-0.175973833,-9.906009674,0.451307029
149019909512,0.081185237,0.004525078,-0.025553385,-0.120907187,-9.896432877,0.351947665
149021170387,0.083314680,0.001330905,-0.029279921,-0.141257897,-9.907206535,0.403422982
149022431300,0.081451416,0.003726535,-0.029812282,-0.131681100,-9.908403397,0.398634583
149023692200,0.077724881,0.007985433,-0.028215196,-0.084994160,-9.872490883,0.432153404
149024953075,0.076393977,0.010647244,-0.027682833,-0.086191259,-9.870096207,0.405817181
149026213975,0.081185237,0.006920708,-0.030078463,-0.099359371,-9.909601212,0.371101260
149027474875,0.079588145,0.006654528,-0.029013740,-0.101753570,-9.921571732,0.415394008
149028735787,0.077192515,0.008783977,-0.033272635,-0.074220255,-9.876082420,0.444124430
149029996687,0.077724881,0.007985433,-0.031675551,-0.049081136,-9.903614998,0.446518630
149031257600,0.075595431,0.005855984,-0.032740276,-0.113724582,-9.888052940,0.484825850
149032518487,0.073199801,0.005855984,-0.035135906,-0.070628949,-9.894038200,0.464475125
149033779362,0.073732160,0.008517795,-0.033538818,-0.050278235,-9.868899345,0.501585245
149035040275,0.068674721,0.010913425,-0.035668265,-0.056263741,-9.897629738,0.481234550
149036301162,0.068408541,0.011711968,-0.034337360,-0.043095630,-9.898826599,0.475249052
149037562075,0.072933622,0.007985433,-0.040459525,-0.089782566,-9.830592155,0.436941803
149038822962,0.073732160,0.014107598,-0.040193345,-0.053869538,-9.847352028,0.446518630
149040083850,0.068408541,0.013841417,-0.040991887,-0.068234749,-9.789891243,0.483628750
149041344762,0.072667442,0.007453070,-0.043653701,-0.075417355,-9.800664902,0.470460624
149042605637,0.072667442,0.005323622,-0.047114052,-0.087388359,-9.788693428,0.408211380
149043866537,0.067343816,0.007453070,-0.045250785,-0.071826048,-9.738415718,0.441730231
149045127437,0.067876182,0.007453070,-0.041258071,-0.062249243,-9.726444244,0.433350503
149046388337,0.067609996,0.004525078,-0.046049330,-0.073023155,-9.731232643,0.444124430
149047649237,0.066012911,0.005855984,-0.046581693,-0.064643450,-9.730035782,0.460883826
149048910137,0.059624564,0.013575235,-0.044718422,-0.045489833,-9.700108528,0.444124430
149050171025,0.066012911,0.010114881,-0.044984605,-0.032321725,-9.686940193,0.371101260
149051431937,0.067077637,0.006654528,-0.045783147,-0.019153614,-9.660603523,0.420182407
149052692825,0.064682007,0.010114881,-0.051639132,-0.044292733,-9.659406662,0.415394008
149053953725,0.065214366,0.005323622,-0.051905312,-0.051475339,-9.651026726,0.362721562
149055214612,0.066012911,0.002661811,-0.049775865,-0.003591303,-9.667786598,0.383072287
149056475512,0.060955472,0.001597087,-0.051372953,0.049081136,-9.659406662,0.411802709
149057736400,0.058293659,0.004525078,-0.054833304,-0.022744916,-9.665391922,0.401028782
149058997312,0.060423110,0.002395630,-0.054567125,-0.005985504,-9.667786598,0.392649084
149060258187,0.061221652,0.001863268,-0.057228934,-0.035913024,-9.664195061,0.368707061
149061519087,0.056962755,0.001597087,-0.057761297,0.035913024,-9.688137054,0.446518630
149062780000,0.057228934,-0.003460354,-0.055365667,-0.014365210,-9.689333916,0.407014281
149064040900,0.055898029,-0.005323622,-0.056164213,-0.040701430,-9.727641106,0.390254885
149065301800,0.055631850,-0.008251614,-0.056430392,-0.045489833,-9.706093788,0.429759204
149066562700,0.053502399,-0.006122165,-0.063617282,0.013168110,-9.736021042,0.401028782
149067823600,0.055898029,-0.005589803,-0.059358384,-0.028730420,-9.722852707,0.401028782
149069084475,0.053236220,-0.005589803,-0.060423110,-0.069431849,-9.747992516,0.441730231
149070345400,0.050574407,-0.007186890,-0.063617282,-0.077811554,-9.739612579,0.423773706
149071606275,0.047114052,-0.011445787,-0.064149641,-0.058657940,-9.740809441,0.458489627
149072867175,0.049243502,-0.012510511,-0.061221652,-0.026336219,-9.750386238,0.396240383
149074128075,0.042588975,-0.013309055,-0.060156927,-0.023942018,-9.734824181,0.428562105
149075388975,0.036466811,-0.009050157,-0.063617282,-0.058657940,-9.726444244,0.428562105
149076649862,0.034337360,-0.009050157,-0.062818736,-0.083797060,-9.708487511,0.420182407
149077910775,0.034337360,-0.008517795,-0.062286377,-0.082599960,-9.721655846,0.444124430
149079171662,0.033804998,-0.009582520,-0.062552556,-0.081402861,-9.694122314,0.453701228
149080432562,0.033272635,-0.011179605,-0.065746732,-0.053869538,-9.692925453,0.484825850
149081693462,0.030344645,-0.012510511,-0.066811457,-0.107739076,-9.734824181,0.471657753
149082954362,0.031143188,-0.014639961,-0.066012911,-0.084994160,-9.679757118,0.472854853
149084215237,0.027150471,-0.012510511,-0.071070351,-0.046686932,-9.721655846,0.521935999
149085476150,0.022625392,-0.009050157,-0.069473267,-0.113724582,-9.695320129,0.507570744
149086737025,0.023690118,-0.013575235,-0.068408541,-0.105344877,-9.715670586,0.442927331
149087997937,0.020495944,-0.013309055,-0.075595431,-0.102950677,-9.634267807,0.450109929
149089258837,0.019165039,-0.011711968,-0.079055786,-0.136469498,-9.627084732,0.424970806
149090519737,0.015172322,-0.012510511,-0.072135076,-0.112527482,-9.643844604,0.424970806
149091780637,0.022625392,-0.012776692,-0.072401255,-0.142454997,-9.654618263,0.442927331
149093041512,0.020762125,-0.007719252,-0.078789607,-0.102950677,-9.613917351,0.384269387
149094302425,0.012776692,-0.013575235,-0.075329252,-0.156820208,-9.592369080,0.435744703
149095563312,0.007453070,-0.011711968,-0.078789607,-0.185550630,-9.621099472,0.409408480
149096824212,0.009050157,-0.008251614,-0.077458702,-0.197521642,-9.573215485,0.428562105
149098085125,0.005057441,-0.010114881,-0.081717595,-0.187944829,-9.597157478,0.418985307
149099346012,0.004258898,-0.011978149,-0.079321966,-0.168791220,-9.616311073,0.421379507
149100606900,0.004791260,-0.007186890,-0.079055786,-0.148440510,-9.598354340,0.397437483
149101867787,0.003992716,-0.007453070,-0.082516141,-0.158017308,-9.585186958,0.396240383
149103128700,0.002661811,-0.010647244,-0.080386691,-0.155623108,-9.604340553,0.384269387
149104389612,-0.001597087,-0.009848701,-0.077724881,-0.179565132,-9.573215485,0.393846184
149105650500,0.000532362,-0.006920708,-0.074796885,-0.152031809,-9.591172218,0.355538964
149106911387,-0.003992716,-0.007453070,-0.076393977,-0.156820208,-9.572018623,0.462080926
149108172312,-0.011445787,-0.007453070,-0.076926336,-0.189141929,-9.594763756,0.409408480
149109433187,-0.012244331,-0.005323622,-0.076127790,-0.131681100,-9.572018623,0.428562105
149110694087,-0.005589803,-0.008783977,-0.071602717,-0.179565132,-9.561244965,0.405817181
149111954975,-0.009316338,-0.004791260,-0.074530706,-0.171185419,-9.507374763,0.481234550
149113215875,-0.016769409,-0.006122165,-0.072933622,-0.167594120,-9.531316757,0.452504128
149114476775,-0.013841417,-0.009582520,-0.070005625,-0.146046311,-9.489418983,0.436941803
149115737662,-0.014639961,-0.003992716,-0.066545270,-0.130484000,-9.503784180,0.466869324
149116998575,-0.018100314,-0.001064724,-0.062286377,-0.143652096,-9.441534042,0.477643251
149118259462,-0.017301772,-0.002395630,-0.058826022,-0.160411522,-9.481039047,0.440533102
149119520362,-0.015704684,-0.006122165,-0.059092201,-0.128089786,-9.458293915,0.389057785
149120781250,-0.020495944,-0.005323622,-0.056164213,-0.171185419,-9.412803650,0.429759204
149122042150,-0.018100314,-0.005589803,-0.050308228,-0.079008654,-9.442731857,0.426167905
149123303050,-0.019431220,-0.003992716,-0.047912598,-0.132878199,-9.399636269,0.447715729
149124563937,-0.019697402,-0.007186890,-0.045783147,-0.118512988,-9.378087997,0.423773706
149125824837,-0.021826850,-0.000532362,-0.047912598,-0.120907187,-9.327810287,0.395043284
149127085737,-0.021028306,-0.002129449,-0.040459525,-0.108936176,-9.376891136,0.426167905
149128346637,-0.019431220,-0.002395630,-0.032740276,-0.130484000,-9.348160744,0.463278025
149129607525,-0.017035590,0.000000000,-0.027682833,-0.112527482,-9.350554466,0.397437483
149130868425,-0.014906141,0.000798543,-0.027682833,-0.034715924,-9.336189270,0.409408480
149132129312,-0.017567953,-0.001863268,-0.017035590,-0.113724582,-9.369708061,0.393846184
149133390225,-0.019963583,-0.002129449,-0.016237047,-0.106541976,-9.302670479,0.409408480
149134651100,-0.014107598,-0.008517795,-0.015172322,-0.123301387,-9.355342865,0.398634583
149135912012,-0.012244331,-0.004791260,-0.010114881,-0.089782566,-9.323021889,0.421379507
149137172925,-0.018100314,0.000532362,-0.008517795,-0.102950677,-9.360131264,0.393846184
149138433812,-0.018100314,-0.001330905,-0.008251614,-0.065840550,-9.378087997,0.456095427
149139694700,-0.014107598,0.001863268,-0.002661811,-0.089782566,-9.397241592,0.434547603
149140955612,-0.011711968,-0.002927992,-0.001064724,-0.044292733,-9.421183586,0.397437483
149142216500,-0.012244331,-0.001863268,0.007453070,-0.051475339,-9.415198326,0.418985307
149143477400,-0.013042874,-0.001863268,0.014107598,-0.099359371,-9.396044731,0.420182407
149144738300,-0.013309055,-0.006122165,0.017834133,-0.077811554,-9.429563522,0.408211380
149145999200,-0.008517795,-0.007719252,0.015704684,-0.062249243,-9.437943459,0.407014281
149147260087,-0.012510511,-0.005855984,0.018366495,-0.055066638,-9.384073257,0.426167905
149148520987,-0.013575235,-0.003194173,0.027416652,-0.071826048,-9.429563522,0.450109929
149149781862,-0.011711968,0.000000000,0.030344645,-0.007182605,-9.437943459,0.453701228
149151042787,-0.006122165,-0.005589803,0.035934448,-0.055066638,-9.370905876,0.458489627
149152303687,-0.004791260,-0.006388346,0.040725708,-0.008379706,-9.400833130,0.423773706
149153564562,-0.013575235,-0.006122165,0.038862441,-0.053869538,-9.393650055,0.426167905
149154825462,-0.013309055,-0.007719252,0.041790433,-0.049081136,-9.357737541,0.441730231
149156086375,-0.010114881,-0.007719252,0.050840590,-0.047884036,-9.346963882,0.428562105
149157347262,-0.012244331,-0.007186890,0.052970037,-0.073023155,-9.331400871,0.469263524
149158608162,-0.014107598,-0.006388346,0.047646414,-0.005985504,-9.317035675,0.433350503
149159869050,-0.014107598,-0.006388346,0.049243502,-0.009576807,-9.291896820,0.458489627
149161129950,-0.012244331,-0.006920708,0.055099487,-0.025139118,-9.293093681,0.481234550
149162390850,-0.011445787,-0.002927992,0.055099487,-0.056263741,-9.291896820,0.444124430
149163651750,-0.011445787,-0.005057441,0.056962755,-0.032321725,-9.279926300,0.432153404
149164912662,-0.011179605,-0.007985433,0.060156927,-0.026336219,-9.269151688,0.429759204
149166173525,-0.010913425,-0.006388346,0.063351102,-0.035913024,-9.232041359,0.422576606
149167434437,-0.007985433,-0.003992716,0.064948186,-0.046686932,-9.220070839,0.458489627
149168695325,-0.006654528,-0.006122165,0.060689289,-0.050278235,-9.205705643,0.371101260
149169956225,-0.011445787,-0.012244331,0.066811457,-0.049081136,-9.251195908,0.381875187
149171217125,-0.006122165,-0.007985433,0.064948186,-0.041898530,-9.253589630,0.391451985
149172478025,-0.002661811,-0.010114881,0.065746732,0.005985504,-9.240421295,0.387860686
149173738912,-0.001064724,-0.012510511,0.064682007,-0.001197101,-9.247604370,0.399831682
149174999812,-0.007453070,-0.015172322,0.064948186,0.045489833,-9.228450775,0.412999809
149176260712,0.000532362,-0.013575235,0.068142362,0.000000000,-9.178172112,0.412999809
149177521612,0.006388346,-0.011711968,0.072401255,0.017956512,-9.196128845,0.403422982
149178782512,0.010647244,-0.016237047,0.070804171,0.046686932,-9.168595314,0.377086759
149180043400,0.008517795,-0.014373779,0.070537992,0.007182605,-9.162610054,0.378283858
149181304312,0.010913425,-0.020495944,0.070537992,-0.004788403,-9.174580574,0.492008448
149182565175,0.012510511,-0.016237047,0.070537992,0.011971009,-9.111134529,0.434547603
149183826100,0.015438504,-0.015438504,0.069207087,0.031124622,-9.151836395,0.456095427
149185086975,0.015438504,-0.020495944,0.068408541,0.010773907,-9.123106003,0.430956304
149186347887,0.018366495,-0.023956299,0.067609996,0.038307227,-9.127894402,0.470460624
149187608800,0.024222480,-0.022093032,0.069473267,0.073023155,-9.132682800,0.454898328
149188869675,0.025287203,-0.024222480,0.071336530,0.043095630,-9.096769333,0.429759204
149190130575,0.030610826,-0.024754841,0.070537992,0.065840550,-9.115922928,0.439336002
149191391475,0.029279921,-0.021294488,0.068940900,0.093373865,-9.154230118,0.469263524
149192652362,0.029546101,-0.021826850,0.071336530,0.092176765,-9.111134529,0.476446152
149193913287,0.031675551,-0.033272635,0.072135076,0.067037649,-9.120711327,0.426167905
149195174175,0.035668265,-0.034869723,0.067876182,0.102950677,-9.124302864,0.447715729
149196435062,0.039927166,-0.039660983,0.072667442,0.096965171,-9.130288124,0.462080926
149197695950,0.040725708,-0.039128620,0.071336530,0.100556470,-9.186552048,0.453701228
149198956862,0.043919880,-0.038596258,0.071070351,0.119710088,-9.196128845,0.433350503
149200217750,0.046847872,-0.046049330,0.075063072,0.110133275,-9.184157372,0.439336002
149201478662,0.048711140,-0.046847872,0.075329252,0.086191259,-9.186552048,0.436941803
149202739537,0.054300942,-0.040991887,0.072401255,0.113724582,-9.144653320,0.423773706
149204000450,0.054567125,-0.046049330,0.074796885,0.134075299,-9.222464561,0.452504128
149205261337,0.058293659,-0.050574407,0.075063072,0.093373865,-9.210494041,0.427365005
149206522225,0.063617282,-0.051639132,0.073998347,0.101753570,-9.267954826,0.429759204
149207783125,0.062552556,-0.053236220,0.075329252,0.043095630,-9.261969566,0.462080926
149209044037,0.065214366,-0.051905312,0.070537992,0.064643450,-9.294291496,0.445321530
149210304912,0.067343816,-0.057495117,0.073199801,0.064643450,-9.277531624,0.422576606
149211565800,0.060689289,-0.057495117,0.070005625,0.074220255,-9.307458878,0.439336002
149212826712,0.068142362,-0.062552556,0.075861610,0.049081136,-9.338583946,0.445321530
149214087625,0.072933622,-0.072401255,0.079321966,0.047884036,-9.381679535,0.434547603
149215348512,0.072401255,-0.066012911,0.074796885,0.019153614,-9.368511200,0.454898328
149216609412,0.076127790,-0.066811457,0.072135076,0.010773907,-9.368511200,0.421379507
149217870300,0.077192515,-0.069207087,0.075595431,-0.020350715,-9.446322441,0.426167905
149219131200,0.075329252,-0.073199801,0.079055786,0.015562311,-9.475052834,0.470460624
149220392100,0.075063072,-0.075063072,0.079588145,0.025139118,-9.466673851,0.464475125
149221653000,0.074530706,-0.077192515,0.077991061,-0.032321725,-9.485827446,0.448912829
149222913912,0.078523420,-0.079588145,0.077991061,-0.011971009,-9.478644371,0.445321530
149224174800,0.076660156,-0.079588145,0.078257240,0.005985504,-9.477447510,0.511162043
149225435675,0.075861610,-0.084113225,0.077192515,0.011971009,-9.536105156,0.481234550
149226696575,0.075861610,-0.088372126,0.079055786,-0.026336219,-9.521739960,0.433350503
149227957487,0.075861610,-0.087573580,0.077724881,-0.034715924,-9.501389503,0.471657753
149229218387,0.074264526,-0.085976496,0.082249962,-0.047884036,-9.521739960,0.448912829
149230479275,0.077458702,-0.092897199,0.082516141,-0.035913024,-9.510966301,0.511162043
149231740162,0.074264526,-0.092098661,0.082249962,-0.052672438,-9.481039047,0.530315697
149233001062,0.073199801,-0.094228104,0.085444130,-0.020350715,-9.516951561,0.514753342
149234261975,0.074530706,-0.094228104,0.082516141,0.000000000,-9.494207382,0.532709897
149235522862,0.072933622,-0.096623734,0.085976496,-0.037110128,-9.475052834,0.469263524
149236783762,0.069207087,-0.100616455,0.089170665,-0.046686932,-9.464279175,0.489614248
149238044662,0.078257240,-0.104609169,0.087041214,-0.052672438,-9.491812706,0.512359142
149239305562,0.073465981,-0.104609169,0.086242676,-0.065840550,-9.475052834,0.477643251
149240566450,0.072401255,-0.107537165,0.082249962,-0.032321725,-9.442731857,0.445321530
149241827337,0.073732160,-0.110465154,0.085444130,-0.074220255,-9.485827446,0.488417149
149243088250,0.072135076,-0.108601883,0.090767756,-0.117315881,-9.430760384,0.445321530
149244349125,0.070271812,-0.109666608,0.090767756,-0.131681100,-9.412803650,0.463278025
149245610025,0.071868896,-0.112860784,0.088638306,-0.068234749,-9.425971985,0.477643251
149246870925,0.069473267,-0.115788773,0.088904485,-0.117315881,-9.416395187,0.457292527
149248131850,0.068408541,-0.110731333,0.089969210,-0.086191259,-9.394847870,0.462080926
149249392737,0.069739446,-0.113925509,0.092098661,-0.120907187,-9.412803650,0.472854853
149250653625,0.069207087,-0.124572754,0.087839760,-0.110133275,-9.418789864,0.430956304
149251914512,0.064682007,-0.124572754,0.094494291,-0.159214407,-9.358934402,0.484825850
149253175412,0.067609996,-0.120313853,0.096623734,-0.149637610,-9.368511200,0.423773706
149254436300,0.069739446,-0.120313853,0.095559016,-0.138863698,-9.354146004,0.521935999
149255697212,0.072135076,-0.127766922,0.099019364,-0.113724582,-9.384073257,0.414196908
149256958112,0.067343816,-0.125903651,0.095292829,-0.167594120,-9.355342865,0.411802709
149258219000,0.066012911,-0.127766922,0.094228104,-0.156820208,-9.344569206,0.460883826
149259479912,0.066811457,-0.128299281,0.098487005,-0.142454997,-9.369708061,0.472854853
149260740800,0.068408541,-0.128033102,0.100616455,-0.158017308,-9.337387085,0.418985307
149262001700,0.069473267,-0.127234563,0.099551730,-0.132878199,-9.325415611,0.450109929
149263262600,0.070005625,-0.131493464,0.102213539,-0.160411522,-9.323021889,0.397437483
149264523500,0.069473267,-0.134155273,0.103278264,-0.150834709,-9.337387085,0.454898328
149265784400,0.067343816,-0.134421453,0.104609169,-0.158017308,-9.364919662,0.372298360
149267045300,0.063617282,-0.134687632,0.106738620,-0.207098454,-9.311050415,0.377086759
149268306187,0.063883461,-0.133356735,0.108069524,-0.171185419,-9.350554466,0.345962137
149269567075,0.067077637,-0.138147995,0.105141535,-0.156820208,-9.346963882,0.359130263
149270827962,0.067609996,-0.139212713,0.107004799,-0.149637610,-9.333795547,0.444124430
149272088875,0.064948186,-0.137083262,0.110731333,-0.156820208,-9.317035675,0.451307029
149273349787,0.067077637,-0.141874522,0.110997513,-0.159214407,-9.339780807,0.380678087
149274610662,0.068674721,-0.141608343,0.111263700,-0.171185419,-9.369708061,0.371101260
149275871562,0.067876182,-0.142406881,0.112062238,-0.174776718,-9.357737541,0.402225882
149277132450,0.063883461,-0.147464320,0.110997513,-0.258573800,-9.344569206,0.429759204
149278393362,0.065214366,-0.144536331,0.111263700,-0.240617275,-9.382876396,0.363918662
149279654262,0.062552556,-0.145601064,0.110997513,-0.154426008,-9.373299599,0.418985307
149280915137,0.059358384,-0.147996694,0.109400429,-0.177170932,-9.409213066,0.387860686
149282176062,0.063617282,-0.149859950,0.114191689,-0.164002821,-9.397241592,0.337582439
149283436950,0.062020194,-0.149593771,0.118450589,-0.184353530,-9.409213066,0.377086759
149284697850,0.058027480,-0.143205434,0.119515315,-0.161608621,-9.391256332,0.377086759
149285958750,0.059358384,-0.152521774,0.114990234,-0.153228909,-9.372102737,0.338779539
149287219650,0.061221652,-0.154917404,0.118450589,-0.162805721,-9.385271072,0.360327363
149288480537,0.053236220,-0.146931961,0.121910945,-0.131681100,-9.387664795,0.363918662
149289741437,0.054300942,-0.145068690,0.121644758,-0.137666598,-9.352949142,0.354341865
149291002325,0.057761297,-0.156248301,0.123241849,-0.124498487,-9.388861656,0.351947665
149292263225,0.053768583,-0.154385030,0.125637472,-0.131681100,-9.394847870,0.337582439
149293524125,0.053502399,-0.153586492,0.123774208,-0.129286900,-9.425971985,0.319625944
149294785025,0.056164213,-0.159708664,0.128831655,-0.080205761,-9.417592049,0.308852017
149296045925,0.057761297,-0.162636653,0.132558182,-0.129286900,-9.443928719,0.336385339
149297306812,0.057495117,-0.158111572,0.130961105,-0.118512988,-9.431957245,0.343567938
149298567725,0.055631850,-0.162104294,0.128033102,-0.136469498,-9.453505516,0.287304193
149299828612,0.059624564,-0.164499924,0.128831655,-0.122104287,-9.451110840,0.307654917
149301089500,0.053768583,-0.163701370,0.130694911,-0.083797060,-9.460687637,0.307654917
149302350400,0.056696571,-0.167427912,0.134687632,-0.073023155,-9.482235909,0.277727395
149303611275,0.059092201,-0.167161733,0.136817083,-0.125695586,-9.495404243,0.305260718
149304872187,0.054300942,-0.169823542,0.133889094,-0.129286900,-9.479841232,0.356736064
149306133087,0.054300942,-0.172219172,0.138680354,-0.122104287,-9.477447510,0.357933164
149307393975,0.052703857,-0.169823542,0.137349442,-0.134075299,-9.501389503,0.362721562
149308654875,0.056164213,-0.171686798,0.136284724,-0.120907187,-9.520543098,0.373495460
149309915787,0.059358384,-0.171420619,0.137881801,-0.150834709,-9.564835548,0.366312861
149311176687,0.058559842,-0.174614802,0.142406881,-0.160411522,-9.552865028,0.389057785
149312437575,0.059358384,-0.179139882,0.141075984,-0.149637610,-9.544485092,0.351947665
149313698475,0.056164213,-0.178075150,0.141608343,-0.161608621,-9.538499832,0.427365005
149314959362,0.058027480,-0.177276611,0.137615621,-0.150834709,-9.589975357,0.438138902
149316220262,0.059624564,-0.180470780,0.140277430,-0.201112941,-9.600749016,0.389057785
149317481162,0.056696571,-0.182067871,0.143737793,-0.191536143,-9.627084732,0.375889659
149318742050,0.054833304,-0.185794398,0.146665782,-0.193930343,-9.585186958,0.417788208
149320002962,0.055365667,-0.179938421,0.142406881,-0.187944829,-9.595960617,0.384269387
149321263862,0.052171495,-0.182600230,0.142939255,-0.250194073,-9.595960617,0.379480958
149322524762,0.050308228,-0.184729680,0.141874522,-0.184353530,-9.619902611,0.375889659
149323785650,0.050308228,-0.183931142,0.145334885,-0.221463665,-9.583989143,0.363918662
149325046550,0.051905312,-0.181535512,0.147730514,-0.211886853,-9.573215485,0.393846184
149326307437,0.047380235,-0.181269318,0.141608343,-0.213083953,-9.601945877,0.350750566
149327568337,0.047114052,-0.183931142,0.143737793,-0.247799873,-9.557653427,0.356736064
149328829237,0.049509682,-0.182600230,0.145334885,-0.250194073,-9.542091370,0.451307029
149330090125,0.047114052,-0.183132589,0.144003972,-0.237025976,-9.542091370,0.432153404
149331351025,0.041790433,-0.186060578,0.148795232,-0.181959331,-9.515754700,0.384269387
149332611925,0.044186063,-0.183931142,0.145867243,-0.187944829,-9.519346237,0.401028782
149333872812,0.043653701,-0.182067871,0.146931961,-0.227449164,-9.550470352,0.386663586
149335133712,0.045783147,-0.185262039,0.146399602,-0.198718742,-9.530119896,0.363918662
149336394612,0.045783147,-0.185528219,0.145867243,-0.193930343,-9.530119896,0.410605609
149337655500,0.046049330,-0.184729680,0.149327591,-0.211886853,-9.530119896,0.342370838
149338916400,0.047114052,-0.189254761,0.149327591,-0.226252064,-9.548076630,0.412999809
149340177300,0.047912598,-0.191118032,0.149859950,-0.239420176,-9.483432770,0.418985307
149341438212,0.044718422,-0.190851837,0.149593771,-0.174776718,-9.495404243,0.432153404
149342699112,0.048444960,-0.189520940,0.149061412,-0.183156431,-9.501389503,0.416591108
149343959987,0.049243502,-0.191650391,0.150924683,-0.222660765,-9.537302971,0.403422982
149345220887,0.051372953,-0.193247467,0.155982122,-0.196324542,-9.528923035,0.438138902
149346481775,0.047114052,-0.196175471,0.153320312,-0.169988319,-9.494207382,0.375889659
149347742675,0.046315510,-0.195909292,0.153054133,-0.173579618,-9.496601105,0.344765037
149349003575,0.048711140,-0.197772548,0.154118851,-0.162805721,-9.513360977,0.366312861
149350264475,0.051106770,-0.197506368,0.152255580,-0.190339044,-9.536105156,0.390254885
149351525375,0.052703857,-0.197506368,0.153586492,-0.216675252,-9.524134636,0.397437483
149352786275,0.050042044,-0.201232910,0.160507202,-0.175973833,-9.528923035,0.372298360
149354047175,0.053502399,-0.204160899,0.156514481,-0.137666598,-9.524134636,0.404620081
149355308062,0.054034762,-0.208153620,0.157579213,-0.132878199,-9.548076630,0.353144765
149356568950,0.055099487,-0.207621247,0.159442469,-0.076614454,-9.513360977,0.317231715
149357829862,0.049775865,-0.206556529,0.157046840,-0.177170932,-9.554061890,0.383072287
149359090750,0.052703857,-0.208419800,0.156514481,-0.158017308,-9.540893555,0.347159237
149360351662,0.055898029,-0.212678701,0.159974843,-0.129286900,-9.599552155,0.333991140
149361612562,0.058293659,-0.208685979,0.162636653,-0.141257897,-9.607931137,0.301669419
149362873450,0.057761297,-0.211081609,0.163435191,-0.150834709,-9.647436142,0.423773706
149364134350,0.060689289,-0.218268499,0.165830821,-0.132878199,-9.637859344,0.393846184
149365395237,0.061487831,-0.217469960,0.162104294,-0.106541976,-9.630676270,0.326808542
149366656125,0.060423110,-0.219067037,0.161305740,-0.126892686,-9.628282547,0.380678087
149367917037,0.065214366,-0.223858297,0.166097000,-0.093373865,-9.659406662,0.362721562
149369177925,0.063084923,-0.227318659,0.165830821,-0.083797060,-9.646238327,0.387860686
149370438850,0.066279091,-0.227052480,0.160773382,-0.111330383,-9.739612579,0.391451985
149371699737,0.068408541,-0.231843740,0.161838099,-0.108936176,-9.733627319,0.354341865
149372960625,0.063883461,-0.234239370,0.161305740,-0.093373865,-9.749189377,0.405817181
149374221537,0.065746732,-0.232376099,0.166097000,-0.100556470,-9.752780914,0.417788208
149375482412,0.067609996,-0.237965897,0.166629359,-0.069431849,-9.762357712,0.444124430
149376743300,0.069207087,-0.243821889,0.171154439,-0.084994160,-9.768342972,0.422576606
149378004212,0.066012911,-0.247016057,0.170888260,-0.037110128,-9.726444244,0.446518630
149379265112,0.066811457,-0.245685145,0.174880981,-0.013168110,-9.689333916,0.408211380
149380526000,0.067077637,-0.247814596,0.177276611,-0.017956512,-9.732430458,0.415394008
149381786912,0.069207087,-0.251807302,0.179938421,0.002394202,-9.688137054,0.441730231
149383047787,0.066279091,-0.254202932,0.180470780,-0.028730420,-9.707290649,0.472854853
149384308700,0.065746732,-0.255533844,0.182600230,-0.001197101,-9.643844604,0.460883826
149385569600,0.071868896,-0.257929474,0.184995860,0.009576807,-9.649829865,0.389057785
149386830487,0.073199801,-0.260857463,0.190319479,0.007182605,-9.696516991,0.441730231
149388091387,0.070271812,-0.264051646,0.188456208,-0.028730420,-9.628282547,0.458489627
149389352287,0.070804171,-0.261922210,0.195376918,-0.046686932,-9.585186958,0.451307029
149390613187,0.072667442,-0.264051646,0.198304921,-0.005985504,-9.603142738,0.465672225
149391874087,0.071336530,-0.268044353,0.197240189,0.013168110,-9.585186958,0.487220049
149393134975,0.077458702,-0.274965078,0.197772548,-0.009576807,-9.513360977,0.493205547
149394395875,0.080120511,-0.270706177,0.195643097,-0.047884036,-9.508572578,0.525527298
149395656775,0.077192515,-0.274698883,0.198837280,-0.027533319,-9.512163162,0.535104096
149396917687,0.080652870,-0.276562154,0.200966731,-0.011971009,-9.506177902,0.502782345
149398178562,0.084645584,-0.279223979,0.203362361,-0.033518825,-9.500192642,0.562637389
149399439475,0.088638306,-0.277893066,0.203628540,-0.077811554,-9.497797966,0.531512797
149400700350,0.092631020,-0.278957784,0.205491811,-0.083797060,-9.449913979,0.561440289
149401961262,0.087573580,-0.284281403,0.204427078,-0.096965171,-9.445125580,0.571017087
149403222150,0.091832474,-0.288274139,0.205757990,-0.090979666,-9.437943459,0.592564940
149404483050,0.095559016,-0.285079956,0.210283071,-0.068234749,-9.409213066,0.575805485
149405743937,0.103544444,-0.286677033,0.209484518,-0.108936176,-9.382876396,0.584185243
149407004850,0.098487005,-0.286677033,0.209750697,-0.117315881,-9.390059471,0.622492433
149408265725,0.099285550,-0.287741750,0.206556529,-0.116118781,-9.376891136,0.590170741
149409526637,0.108069524,-0.291734487,0.212146327,-0.114921682,-9.360131264,0.547075093
149410787525,0.104609169,-0.292266846,0.209218338,-0.096965171,-9.379284859,0.566228688
149412048437,0.108868070,-0.291734487,0.205225617,-0.149637610,-9.332598686,0.616506934
149413309325,0.116587318,-0.289871216,0.207887441,-0.112527482,-9.337387085,0.639251888
149414570237,0.111796059,-0.290403575,0.204427078,-0.107739076,-9.381679535,0.606930137
149415831125,0.115522593,-0.292533010,0.208952159,-0.118512988,-9.363722801,0.666785181
149417092012,0.124040388,-0.286943227,0.209484518,-0.026336219,-9.428366661,0.597353339
149418352912,0.124572754,-0.289072663,0.207887441,-0.009576807,-9.418789864,0.618901134
149419613812,0.121644758,-0.296525747,0.206024170,0.029927522,-9.441534042,0.588973641
149420874712,0.124040388,-0.297058105,0.205225617,0.102950677,-9.526528358,0.559046090
149422135637,0.129630193,-0.298389018,0.209484518,0.082599960,-9.548076630,0.584185243
149423396500,0.130961105,-0.298122823,0.204427078,0.053869538,-9.605537415,0.531512797
149424657400,0.132025823,-0.300252289,0.200700551,0.129286900,-9.689333916,0.569819987
149425918300,0.141075984,-0.307439178,0.203362361,0.167594120,-9.733627319,0.608127236
149427179200,0.142673060,-0.309568614,0.203628540,0.142454997,-9.819818497,0.640448987
149428440100,0.147996694,-0.314626068,0.203894719,0.100556470,-9.908403397,0.574608386
149429700987,0.151457042,-0.322079122,0.204693258,0.148440510,-9.979032516,0.590170741
149430961887,0.151723221,-0.324208587,0.205757990,0.159214407,-10.064026833,0.598550439
149432222775,0.153586492,-0.322611481,0.213211060,0.160411522,-10.172963142,0.617704034
149433483687,0.157313034,-0.326604217,0.211880147,0.140060797,-10.308235168,0.614112735
149434744587,0.156514481,-0.333791077,0.211613968,0.098162271,-10.435128212,0.646434486
149436005475,0.159442469,-0.338049978,0.214541957,0.082599960,-10.579977036,0.626083732
149437266375,0.160241023,-0.346301615,0.216937587,0.096965171,-10.648212433,0.658405483
149438527287,0.156248301,-0.349229604,0.218534678,0.028730420,-10.766725540,0.580593944
149439788150,0.155982122,-0.352956116,0.224390656,-0.023942018,-10.924742699,0.584185243
149441049062,0.155449763,-0.356416494,0.229448110,-0.023942018,-11.046846390,0.620098233
149442309962,0.153054133,-0.360941559,0.223858297,-0.040701430,-11.123460770,0.658405483
149443570875,0.149859950,-0.364934266,0.235836446,-0.062249243,-11.225214958,0.594959140
149444831762,0.144536331,-0.369193166,0.241692439,-0.100556470,-11.362881660,0.623689532
149446092650,0.136817083,-0.372653544,0.252872050,-0.063446343,-11.425130844,0.665588081
149447353562,0.129364014,-0.376380056,0.261656016,-0.059855044,-11.462241173,0.697909772
149448614450,0.127234563,-0.381437510,0.273900360,-0.053869538,-11.621455193,0.694318473
149449875337,0.120047674,-0.380905151,0.284547597,-0.047884036,-11.632228851,0.729034424
149451136250,0.108069524,-0.383034587,0.294396281,-0.041898530,-11.702857971,0.695515573
149452397137,0.101947360,-0.387027323,0.298921376,-0.046686932,-11.701661110,0.693121374
149453658037,0.093695745,-0.388092041,0.315158427,-0.037110128,-11.682507515,0.725443125
149454918937,0.081717595,-0.388092041,0.326870382,-0.011971009,-11.732785225,0.798466265
149456179825,0.071336530,-0.392084748,0.335920542,0.003591303,-11.666944504,0.829590917
149457440725,0.066811457,-0.394214213,0.354020864,0.014365210,-11.677719116,0.841561913
149458701637,0.051905312,-0.395545095,0.360143006,0.025139118,-11.620258331,0.814028561
149459962525,0.041790433,-0.393415660,0.367063731,0.041898530,-11.541249275,0.872686505
149461223425,0.035934448,-0.393149465,0.382236063,0.070628949,-11.474211693,0.883460462
149462484300,0.023956299,-0.395545095,0.393415660,0.050278235,-11.437101364,0.944512606
149463745225,0.018100314,-0.403264344,0.401667267,0.094570965,-11.395202637,0.902614057
149465006112,0.011445787,-0.400336355,0.412580699,0.137666598,-11.292252541,0.895431459
149466267000,-0.002129449,-0.396609843,0.417105764,0.125695586,-11.239580154,0.913387954
149467527912,-0.007453070,-0.398739278,0.422961771,0.132878199,-11.180921555,0.940921247
149468788800,-0.010381063,-0.397940725,0.434939921,0.122104287,-11.107898712,0.891840160
149470049700,-0.016769409,-0.401401103,0.442392975,0.129286900,-10.992977142,0.893037260
149471310587,-0.017035590,-0.405659974,0.446918070,0.096965171,-10.969035149,0.830788016
149472571487,-0.023423936,-0.407523245,0.452507854,0.080205761,-10.900800705,0.821211219
149473832375,-0.026085747,-0.406724721,0.456500590,0.058657940,-10.843339920,0.808043063
149475093287,-0.033006456,-0.406458527,0.457299113,0.037110128,-10.831368446,0.846350312
149476354175,-0.030610826,-0.403796732,0.456234396,0.082599960,-10.779892921,0.818816960
149477615075,-0.032207914,-0.405127615,0.462888926,0.069431849,-10.692504883,0.815225661
149478875975,-0.031941731,-0.408321798,0.465284556,0.104147777,-10.636240959,0.797269166
149480136875,-0.035402086,-0.409918875,0.467147827,0.080205761,-10.698490143,0.756567717
149481397762,-0.033006456,-0.408854157,0.468478739,0.063446343,-10.649409294,0.772130072
149482658675,-0.031143188,-0.408055604,0.468212545,0.081402861,-10.654197693,0.748188019
149483919562,-0.031675551,-0.410451233,0.466615468,0.090979666,-10.673351288,0.773327172
149485180462,-0.029546101,-0.414443970,0.467147827,0.100556470,-10.681731224,0.822408319
149486441362,-0.023690118,-0.413645416,0.466083109,0.071826048,-10.708066940,0.808043063
149487702250,-0.024488661,-0.416041046,0.468478739,0.100556470,-10.758345604,0.816422760
149488963162,-0.021028306,-0.418170512,0.465018362,0.106541976,-10.773907661,0.805648863
149490224050,-0.012510511,-0.414710134,0.466083109,0.131681100,-10.802638054,0.821211219
149491484962,-0.007985433,-0.415774882,0.468212545,0.155623108,-10.864887238,0.808043063
149492745850,-0.014373779,-0.415242493,0.460759461,0.159214407,-10.916362762,0.894234359
149494006750,-0.014107598,-0.419501394,0.460759461,0.137666598,-10.906785965,0.875080705
149495267637,-0.015172322,-0.421897024,0.455435842,0.169988319,-11.019313812,0.958877802
149496528550,-0.010114881,-0.420832306,0.458097667,0.210689753,-11.027692795,0.960074902
149497789425,-0.002927992,-0.420299947,0.458630025,0.216675252,-11.057621002,0.934935749
149499050325,-0.003460354,-0.421897024,0.455169678,0.221463665,-11.060014725,0.981622696
149500311225,0.000000000,-0.423760295,0.452774048,0.231040463,-11.107898712,0.961272001
149501572125,-0.002129449,-0.427220643,0.447184235,0.223857865,-11.122263908,0.995987892
149502833025,0.002927992,-0.425623566,0.443723887,0.272938997,-11.191696167,0.972045898
149504093937,0.007985433,-0.425889760,0.434939921,0.268150598,-11.184513092,0.995987892
149505354812,0.006920708,-0.429882467,0.440263540,0.268150598,-11.182119370,1.036689401
149506615700,0.006654528,-0.425091207,0.440529704,0.299275219,-11.188104630,1.017535686
149507876612,0.013575235,-0.424558848,0.435738444,0.318428814,-11.225214958,1.100135684
149509137487,0.017567953,-0.429882467,0.431479543,0.359130263,-11.224018097,1.100135684
149510398412,0.017567953,-0.431479543,0.428285390,0.349553436,-11.250353813,1.061828494
149511659312,0.020495944,-0.429350108,0.427486837,0.282515794,-11.255142212,1.084573388
149512920187,0.027949015,-0.434141368,0.421364665,0.310049117,-11.243171692,1.071405292
149514181087,0.030344645,-0.431213379,0.415508687,0.337582439,-11.201272964,1.098938584
149515441987,0.038330078,-0.429616272,0.420566142,0.345962137,-11.194089890,1.061828494
149516702900,0.037797716,-0.429616272,0.414976329,0.366312861,-11.218031883,1.072602391
149517963787,0.040193345,-0.432011902,0.404595256,0.397437483,-11.203666687,1.070208192
149519224687,0.045516968,-0.430947185,0.401401103,0.412999809,-11.166556358,1.133654475
149520485587,0.049509682,-0.430414826,0.401401103,0.372298360,-11.190499306,1.119289279
149521746475,0.050574407,-0.432011902,0.391552389,0.398634583,-11.110293388,1.130063176
149523007375,0.056430392,-0.430681020,0.389955312,0.427365005,-11.067197800,1.130063176
149524268262,0.055898029,-0.433875173,0.383833140,0.460883826,-11.056423187,1.120486379
149525529162,0.057761297,-0.436270803,0.379041880,0.427365005,-11.062409401,1.114500880
149526790075,0.063351102,-0.432810456,0.378509521,0.415394008,-11.016919136,1.076193690
149528050962,0.073732160,-0.435206085,0.371322632,0.430956304,-10.971429825,1.103726983
149529311850,0.078257240,-0.436536998,0.366265178,0.423773706,-10.973823547,1.080982089
149530572750,0.077991061,-0.430947185,0.359078288,0.392649084,-10.964246750,1.098938584
149531833662,0.081451416,-0.430947185,0.349761963,0.381875187,-10.907982826,1.124077678
149533094562,0.084113225,-0.438134074,0.347100139,0.396240383,-10.872070312,1.046266198
149534355450,0.089170665,-0.434407532,0.347100139,0.432153404,-10.846930504,1.057040095
149535616362,0.093429565,-0.437069356,0.341244161,0.427365005,-10.839748383,1.024718285
149536877262,0.097954646,-0.439731181,0.332726359,0.505176544,-10.787075996,1.017535686
149538138125,0.103544444,-0.439198792,0.330863088,0.458489627,-10.755950928,1.023521185
149539399037,0.111529879,-0.438134074,0.324474752,0.432153404,-10.737995148,0.997184992
149540659937,0.111529879,-0.441594422,0.319151133,0.412999809,-10.728418350,0.995987892
149541920837,0.114724055,-0.436803162,0.312230438,0.506373644,-10.726023674,0.993593693
149543181737,0.118982948,-0.444522440,0.308503896,0.518344700,-10.661379814,0.991199493
149544442625,0.124040388,-0.445587158,0.307172984,0.490811348,-10.651803017,0.969651699
149545703512,0.128033102,-0.439464986,0.301050812,0.464475125,-10.680533409,0.960074902
149546964425,0.131759644,-0.443191528,0.302647918,0.487220049,-10.644620895,0.958877802
149548225312,0.137615621,-0.446119517,0.301317006,0.475249052,-10.612298965,0.991199493
149549486225,0.137881801,-0.445320964,0.289605021,0.432153404,-10.613495827,1.023521185
149550747112,0.144536331,-0.447982788,0.290403575,0.478840351,-10.584765434,1.018732786
149552008000,0.147996694,-0.447184235,0.290403575,0.470460624,-10.594342232,1.013944387
149553268912,0.147730514,-0.444256246,0.288274139,0.452504128,-10.595540047,1.013944387
149554529800,0.152255580,-0.447184235,0.281353414,0.432153404,-10.527304649,0.958877802
149555790700,0.158910111,-0.450378418,0.279223979,0.451307029,-10.534487724,1.007958889
149557051587,0.159974843,-0.447982788,0.278425425,0.428562105,-10.557232857,0.985213995
149558312500,0.161571920,-0.450112224,0.274166524,0.435744703,-10.559626579,0.980425596
149559573400,0.167427912,-0.447716594,0.271238536,0.436941803,-10.487800598,0.969651699
149560834275,0.170355901,-0.446918070,0.272835612,0.448912829,-10.522516251,0.940921247
149562095175,0.167694092,-0.448515147,0.271504730,0.442927331,-10.455478668,0.962469101
149563356087,0.169557363,-0.449579865,0.274698883,0.401028782,-10.465055466,0.991199493
149564616962,0.171952993,-0.453040212,0.273101807,0.421379507,-10.451887131,0.978031397
149565877875,0.174614802,-0.452774048,0.276295990,0.414196908,-10.420763016,1.011550188
149567138775,0.175147161,-0.451443136,0.271770895,0.409408480,-10.411186218,1.043871999
149568399675,0.175679520,-0.452774048,0.277360708,0.405817181,-10.414777756,1.019929886
149569660575,0.175945699,-0.451176941,0.279490143,0.420182407,-10.414777756,0.980425596
149570921475,0.176744252,-0.450378418,0.284547597,0.393846184,-10.394426346,0.943315506
149572182362,0.171420619,-0.450112224,0.291468292,0.377086759,-10.389637947,0.926556051
149573443275,0.172219172,-0.451975495,0.295993388,0.436941803,-10.351330757,0.915782154
149574704162,0.173550069,-0.448781312,0.296791911,0.470460624,-10.362105370,0.928950250
149575965062,0.169024989,-0.450910777,0.301050812,0.497993946,-10.333374977,0.861912608
149577225950,0.169823542,-0.455169678,0.312496603,0.502782345,-10.348937035,0.879869103
149578486837,0.167161733,-0.448781312,0.317820221,0.515950441,-10.347740173,0.908599555
149579747750,0.167161733,-0.447184235,0.320482045,0.566228688,-10.329783440,0.973242998
149581008650,0.164766103,-0.453838766,0.326338023,0.469263524,-10.310629845,0.946906805
149582269537,0.161838099,-0.457032949,0.332460195,0.478840351,-10.313023567,0.883460462
149583530437,0.160773382,-0.453306407,0.339380890,0.497993946,-10.342951775,0.918176353
149584791337,0.153852671,-0.453040212,0.350294322,0.515950441,-10.345345497,0.936132848
149586052250,0.157313034,-0.453838766,0.356948853,0.520738900,-10.338163376,0.870292306
149587313125,0.155715942,-0.455435842,0.361207753,0.542286694,-10.330980301,0.895431459
149588574012,0.143205434,-0.455968201,0.366531372,0.572214186,-10.333374977,0.859518409
149589834937,0.141874522,-0.457299113,0.381969869,0.569819987,-10.341753960,0.905008256
149591095825,0.141342163,-0.461025655,0.384365499,0.547075093,-10.340557098,0.915782154
149592356712,0.134155273,-0.461291850,0.390221477,0.553060591,-10.311826706,0.899022758
149593617612,0.129896373,-0.462622732,0.398473084,0.588973641,-10.310629845,0.937329948
149594878500,0.126436025,-0.462090373,0.400336355,0.602141738,-10.303446770,0.972045898
149596139425,0.119515315,-0.462888926,0.409120351,0.592564940,-10.287884712,0.998382092
149597400312,0.116054960,-0.459960938,0.415774882,0.560243189,-10.238803864,0.979228497
149598661200,0.114457868,-0.463953644,0.424292654,0.616506934,-10.205285072,0.987608194
149599922087,0.110465154,-0.462888926,0.421897024,0.521935999,-10.202890396,0.990002394
149601183000,0.104342990,-0.462356567,0.426954478,0.509964943,-10.169371605,1.029506683
149602443900,0.101681180,-0.459162384,0.427753031,0.494402647,-10.156203270,1.043871999
149603704787,0.097688459,-0.462888926,0.432544291,0.490811348,-10.169371605,1.042674899
149604965687,0.087307401,-0.461291850,0.434939921,0.518344700,-10.114305496,1.069011092
149606226587,0.084645584,-0.459428579,0.432278097,0.466869324,-10.092757225,1.058237195
149607487462,0.076393977,-0.454637319,0.436004639,0.465672225,-10.055646896,1.116895080
149608748375,0.074796885,-0.453040212,0.433875173,0.477643251,-10.025719643,1.076193690
149610009262,0.068408541,-0.454371125,0.427753031,0.460883826,-9.970652580,1.085770488
149611270162,0.068674721,-0.452774048,0.430681020,0.434547603,-9.913191795,1.084573388
149612531050,0.065746732,-0.447982788,0.431745738,0.434547603,-9.862914085,1.071405292
149613791950,0.057228934,-0.446651876,0.427753031,0.412999809,-9.828198433,1.097741485
149615052850,0.054567125,-0.443191528,0.426954478,0.393846184,-9.815030098,1.097741485
149616313775,0.049509682,-0.440795898,0.421630859,0.380678087,-9.798270226,1.154005170
149617574650,0.044452243,-0.434939921,0.416839600,0.342370838,-9.731232643,1.103726983
149618835562,0.040193345,-0.434141368,0.416573405,0.322020143,-9.690531731,1.148019671
149620096437,0.034337360,-0.432278097,0.413379252,0.311246216,-9.649829865,1.091755986
149621357350,0.030344645,-0.431479543,0.406458527,0.326808542,-9.622296333,1.114500880
149622618250,0.023157755,-0.427753031,0.398206919,0.295683920,-9.615114212,1.142034173
149623879150,0.024754841,-0.414443970,0.391020030,0.266953498,-9.598354340,1.059434295
149625140025,0.021826850,-0.412580699,0.388092041,0.274136096,-9.581595421,1.128866076
149626400950,0.017301772,-0.414443970,0.387293488,0.281318694,-9.504981041,1.086967587
149627661850,0.016237047,-0.411249787,0.382236063,0.245405674,-9.446322441,1.085770488
149628922737,0.009050157,-0.407257080,0.377710968,0.280121595,-9.469067574,1.092953086
149630183637,0.009582520,-0.398739278,0.368128449,0.221463665,-9.478644371,1.088164687
149631444537,0.002129449,-0.400868714,0.364135742,0.283712894,-9.464279175,1.089361787
149632705425,0.004791260,-0.398473084,0.361473918,0.253785372,-9.445125580,1.039083600
149633966325,0.002129449,-0.394480377,0.353222311,0.244208574,-9.461885452,1.012747288
149635227212,-0.006388346,-0.391286194,0.348164856,0.240617275,-9.431957245,1.052251697
149636488125,-0.006920708,-0.388358206,0.346301615,0.215478152,-9.436745644,1.070208192
149637749000,-0.003992716,-0.379041880,0.340711802,0.209492654,-9.472659111,1.070208192
149639009900,-0.004258898,-0.374782979,0.333524913,0.177170932,-9.418789864,1.071405292
149640270825,-0.009316338,-0.377444804,0.327935100,0.198718742,-9.463082314,1.019929886
149641531700,-0.015704684,-0.372387350,0.320748210,0.193930343,-9.452308655,1.042674899
149642792612,-0.017301772,-0.366265178,0.319417328,0.243011475,-9.481039047,1.070208192
149644053512,-0.012776692,-0.368660808,0.314359874,0.162805721,-9.457097054,1.007958889
149645314400,-0.011445787,-0.364934266,0.307705343,0.168791220,-9.491812706,1.031900883
149646575287,-0.015172322,-0.364934266,0.304244995,0.175973833,-9.489418983,1.039083600
149647836187,-0.020229762,-0.359078288,0.300784647,0.191536143,-9.491812706,1.022324085
149649097100,-0.023690118,-0.355351746,0.292000651,0.125695586,-9.501389503,1.034295201
149650357987,-0.025553385,-0.354287028,0.289605021,0.160411522,-9.461885452,1.036689401
149651618875,-0.022625392,-0.347632498,0.285346121,0.186747730,-9.452308655,1.007958889
149652879762,-0.028481377,-0.346035421,0.280821055,0.173579618,-9.454702377,1.028309584
149654140675,-0.027150471,-0.340711802,0.275763601,0.161608621,-9.503784180,1.011550188
149655401575,-0.028481377,-0.342042714,0.273634166,0.173579618,-9.449913979,1.024718285
149656662450,-0.034071181,-0.338316172,0.274432719,0.161608621,-9.424775124,0.998382092
149657923375,-0.034337360,-0.328999847,0.272303253,0.132878199,-9.412803650,0.956483603
149659184275,-0.030610826,-0.330330729,0.263785452,0.165199921,-9.366117477,0.976834297
149660445162,-0.040459525,-0.324474752,0.256864756,0.199915841,-9.379284859,0.956483603
149661706062,-0.042056613,-0.325273305,0.255267680,0.180762231,-9.360131264,0.964863300
149662966962,-0.038862441,-0.325539470,0.252605855,0.192733243,-9.326612473,0.927753150
149664227850,-0.041790433,-0.322345316,0.247814596,0.184353530,-9.343372345,0.913387954
149665488750,-0.039128620,-0.319417328,0.240095347,0.164002821,-9.391256332,0.926556051
149666749662,-0.037265353,-0.312496603,0.233174637,0.159214407,-9.369708061,0.882263362
149668010562,-0.036732990,-0.312496603,0.231843740,0.135272399,-9.442731857,0.840364814
149669271450,-0.034869723,-0.308770061,0.223325938,0.113724582,-9.441534042,0.903811157
149670532337,-0.034603544,-0.306108266,0.211613968,0.111330383,-9.464279175,0.839167714
149671793250,-0.033538818,-0.303180277,0.211613968,0.107739076,-9.490615845,0.851138711
149673054125,-0.028747559,-0.302115530,0.202829987,0.124498487,-9.552865028,0.823605418
149674315050,-0.024222480,-0.302115530,0.197772548,0.062249243,-9.611522675,0.790086567
149675575937,-0.025819566,-0.299453735,0.195376918,0.052672438,-9.666589737,0.784101069
149676836837,-0.020495944,-0.290669769,0.182334051,0.112527482,-9.732430458,0.754173517
149678097725,-0.023423936,-0.294928640,0.170888260,0.033518825,-9.811438560,0.730231524
149679358637,-0.018898858,-0.292533010,0.174614802,0.052672438,-9.848548889,0.746990919
149680619512,-0.015704684,-0.291202128,0.170622081,0.071826048,-9.876082420,0.729034424
149681880437,-0.019697402,-0.286410868,0.163169011,0.007182605,-9.917980194,0.763750374
149683141325,-0.016769409,-0.288274139,0.158910111,0.011971009,-9.983820915,0.733822823
149684402225,-0.016769409,-0.285878509,0.156514481,-0.019153614,-10.006566048,0.701501131
149685663112,-0.012776692,-0.280022502,0.147996694,0.007182605,-10.048464775,0.731428623
149686924012,-0.014373779,-0.281353414,0.146133423,-0.015562311,-10.077195168,0.754173517
149688184925,-0.017301772,-0.279223979,0.144003972,0.020350715,-10.066421509,0.760159075
149689445800,-0.018898858,-0.274965078,0.140011251,-0.005985504,-10.059238434,0.725443125
149690706700,-0.016503228,-0.275497437,0.134953812,-0.008379706,-10.101137161,0.778115571
149691967600,-0.018366495,-0.271504730,0.131227285,-0.026336219,-10.166977882,0.757764816
149693228512,-0.018100314,-0.268842906,0.129097834,-0.063446343,-10.150218010,0.766144574
149694489400,-0.019431220,-0.259792745,0.123774208,-0.015562311,-10.182539940,0.738611221
149695750275,-0.020229762,-0.261922210,0.119515315,0.013168110,-10.156203270,0.811634362
149697011187,-0.019697402,-0.260591298,0.116587318,-0.005985504,-10.114305496,0.793677866
149698272087,-0.024222480,-0.253670573,0.108335704,-0.002394202,-10.115502357,0.792480767
149699532975,-0.020229762,-0.251807302,0.106738620,-0.029927522,-10.103530884,0.754173517
149700793887,-0.022625392,-0.247282237,0.102213539,-0.033518825,-10.072406769,0.756567717
149702054787,-0.018898858,-0.244354248,0.096623734,-0.041898530,-10.064026833,0.785298169
149703315675,-0.018100314,-0.246483698,0.091300115,-0.052672438,-10.010157585,0.743399620
149704576587,-0.019697402,-0.247016057,0.087307401,-0.071826048,-10.019734383,0.695515573
149705837487,-0.016769409,-0.240361527,0.081983775,-0.002394202,-9.926360130,0.641646087
149707098362,-0.019697402,-0.236102626,0.074530706,-0.029927522,-9.874884605,0.669179380
149708359275,-0.017834133,-0.231045187,0.069473267,-0.049081136,-9.788693428,0.682347476
149709620162,-0.015172322,-0.225455388,0.062020194,-0.062249243,-9.726444244,0.675164878
149710881075,-0.016769409,-0.222793579,0.058826022,-0.027533319,-9.689333916,0.667982280
149712141962,-0.015172322,-0.221462667,0.055898029,-0.092176765,-9.619902611,0.635660529
149713402862,-0.014373779,-0.220397949,0.050042044,-0.019153614,-9.570821762,0.678756177
149714663750,-0.013575235,-0.218268499,0.043121338,0.009576807,-9.488221169,0.663193882
149715924650,-0.010647244,-0.213477239,0.037531536,-0.014365210,-9.449913979,0.666785181
149717185537,-0.009848701,-0.208685979,0.032474093,-0.044292733,-9.364919662,0.672770679
149718446462,-0.005855984,-0.201765269,0.030610826,-0.026336219,-9.307458878,0.696712673
149719707350,-0.005323622,-0.199369639,0.019697402,-0.056263741,-9.222464561,0.721851826
149720968250,-0.003992716,-0.193513662,0.011179605,-0.077811554,-9.168595314,0.687135875
149722229162,-0.000266181,-0.194578379,0.005323622,-0.088585466,-9.124302864,0.659602582
149723490037,-0.000798543,-0.188190028,-0.001597087,-0.084994160,-9.034520149,0.667982280
149724750950,0.006122165,-0.188190028,-0.009848701,-0.064643450,-9.004592896,0.675164878
149726011837,0.014906141,-0.188190028,-0.021560669,-0.058657940,-8.914810181,0.663193882
149727272725,0.014373779,-0.181801692,-0.028747559,-0.051475339,-8.906430244,0.627280831
149728533612,0.017834133,-0.177542791,-0.031409368,-0.084994160,-8.838195801,0.605733037
149729794525,0.025553385,-0.173816249,-0.047114052,-0.055066638,-8.826224327,0.609324336
149731055425,0.035934448,-0.170089722,-0.055898029,-0.098162271,-8.784326553,0.633266330
149732316325,0.038862441,-0.171154439,-0.061487831,-0.067037649,-8.795100212,0.588973641
149733577225,0.044718422,-0.165564641,-0.074264526,-0.113724582,-8.787917137,0.614112735
149734838125,0.052437674,-0.160773382,-0.084379405,-0.061052144,-8.732851028,0.590170741
149736099012,0.055099487,-0.158910111,-0.093163386,-0.077811554,-8.741230011,0.623689532
149737359912,0.059092201,-0.154385030,-0.098220825,-0.137666598,-8.762778282,0.629675031
149738620800,0.067077637,-0.148795232,-0.107270978,-0.081402861,-8.786720276,0.620098233
149739881700,0.076926336,-0.150126144,-0.113925509,-0.070628949,-8.845377922,0.623689532
149741142612,0.084379405,-0.149593771,-0.126968384,-0.122104287,-8.819042206,0.640448987
149742403487,0.085976496,-0.142673060,-0.133090541,-0.107739076,-8.804677010,0.609324336
149743664400,0.090767756,-0.139478892,-0.141874522,-0.094570965,-8.863334656,0.650025785
149744925312,0.100616455,-0.136817083,-0.148262873,-0.089782566,-8.927978516,0.602141738
149746186212,0.105940074,-0.134155273,-0.158111572,-0.098162271,-8.951920509,0.638054729
149747447087,0.108601883,-0.126436025,-0.164766103,-0.120907187,-8.984241486,0.672770679
149748707987,0.114457868,-0.128831655,-0.165830821,-0.068234749,-9.030928612,0.647631586
149749968887,0.119781494,-0.128299281,-0.178873688,-0.059855044,-9.081207275,0.706289530
149751229775,0.121112399,-0.122709483,-0.184197322,-0.043095630,-9.130288124,0.695515573
149752490687,0.122975662,-0.114724055,-0.184463501,-0.128089786,-9.188945770,0.646434486
149753751587,0.128033102,-0.115788773,-0.189520940,-0.056263741,-9.214085579,0.693121374
149755012475,0.129896373,-0.114990234,-0.193513662,-0.037110128,-9.277531624,0.675164878
149756273375,0.124572754,-0.114990234,-0.194046021,-0.039504327,-9.327810287,0.647631586
149757534275,0.124838933,-0.111529879,-0.197772548,-0.045489833,-9.334992409,0.701501131
149758795187,0.129097834,-0.113393143,-0.200168177,-0.056263741,-9.351752281,0.717063427
149760056075,0.130428731,-0.110731333,-0.199103460,-0.043095630,-9.367314339,0.720654726
149761316975,0.126968384,-0.100882635,-0.199103460,-0.068234749,-9.447520256,0.688332975
149762577862,0.124572754,-0.100616455,-0.201232910,-0.046686932,-9.449913979,0.671573579
149763838762,0.124306574,-0.102479719,-0.204693258,-0.008379706,-9.451110840,0.679953277
149765099650,0.121378578,-0.105673894,-0.203096181,-0.041898530,-9.533711433,0.666785181
149766360562,0.114457868,-0.101681180,-0.200700551,-0.028730420,-9.481039047,0.717063427
149767621450,0.114457868,-0.095825195,-0.199901998,-0.037110128,-9.475052834,0.667982280
149768882362,0.110465154,-0.095292829,-0.201499090,-0.050278235,-9.464279175,0.683544576
149770143250,0.103810623,-0.093695745,-0.203894719,0.020350715,-9.460687637,0.711077929
149771404162,0.102745906,-0.088904485,-0.197506368,-0.040701430,-9.471462250,0.717063427
149772665050,0.101947360,-0.088638306,-0.191384211,-0.055066638,-9.428366661,0.702698231
149773925950,0.096357554,-0.092364840,-0.195643097,-0.005985504,-9.423578262,0.723048925
149775186837,0.087573580,-0.089969210,-0.195110738,-0.013168110,-9.357737541,0.712275028
149776447762,0.083314680,-0.090501569,-0.191384211,0.021547815,-9.319430351,0.696712673
149777708650,0.086775035,-0.090767756,-0.188190028,0.057460841,-9.249998093,0.735019922
149778969537,0.083314680,-0.084911771,-0.189787120,0.049081136,-9.214085579,0.731428623
149780230425,0.078523420,-0.079854332,-0.188988581,0.039504327,-9.216479301,0.701501131
149781491337,0.074530706,-0.079321966,-0.186592951,0.026336219,-9.125499725,0.762553275
149782752237,0.071602717,-0.082516141,-0.185262039,0.028730420,-9.057265282,0.733822823
149784013137,0.069207087,-0.083314680,-0.184729680,0.074220255,-9.023746490,0.712275028
149785274025,0.067077637,-0.080386691,-0.180204600,0.108936176,-8.973467827,0.711077929
149786534950,0.064682007,-0.080652870,-0.181003138,0.122104287,-8.936357498,0.738611221
149787795812,0.070005625,-0.081185237,-0.175147161,0.123301387,-8.899248123,0.731428623
149789056712,0.060423110,-0.074796885,-0.175945699,0.152031809,-8.857349396,0.743399620
149790317625,0.061754014,-0.075595431,-0.176478058,0.146046311,-8.799888611,0.730231524
149791578512,0.061754014,-0.076660156,-0.176478058,0.162805721,-8.775946617,0.724246025
149792839412,0.057761297,-0.077192515,-0.171154439,0.165199921,-8.698134422,0.711077929
149794100300,0.060689289,-0.079854332,-0.171952993,0.215478152,-8.690952301,0.718260527
149795361200,0.059358384,-0.072933622,-0.173283890,0.211886853,-8.674192429,0.654814184
149796622100,0.060423110,-0.073465981,-0.169024989,0.204704240,-8.583212852,0.779312670
149797882987,0.060689289,-0.072933622,-0.167960271,0.235828876,-8.589199066,0.708683729
149799143900,0.059890747,-0.075861610,-0.167960271,0.209492654,-8.571242332,0.733822823
149800404787,0.059624564,-0.077991061,-0.168226451,0.210689753,-8.550891876,0.763750374
149801665712,0.060689289,-0.080386691,-0.166895539,0.227449164,-8.455122948,0.739808321
149802926587,0.061754014,-0.080386691,-0.164766103,0.264559299,-8.445546150,0.752976418
149804187487,0.065214366,-0.077458702,-0.160773382,0.244208574,-8.451532364,0.778115571
149805448387,0.059092201,-0.076127790,-0.164233729,0.225054964,-8.391676903,0.736217022
149806709287,0.058293659,-0.079055786,-0.162636653,0.281318694,-8.380903244,0.729034424
149807970162,0.063883461,-0.080120511,-0.156248301,0.316034615,-8.376114845,0.697909772
149809231075,0.067343816,-0.081717595,-0.158910111,0.296881020,-8.344989777,0.687135875
149810491975,0.065480553,-0.084911771,-0.154118851,0.299275219,-8.304288864,0.677559078
149811752875,0.064149641,-0.087573580,-0.156780660,0.318428814,-8.317457199,0.695515573
149813013775,0.065214366,-0.086242676,-0.156514481,0.367509961,-8.316259384,0.665588081
149814274675,0.071602717,-0.085444130,-0.148795232,0.365115762,-8.249221802,0.696712673
149815535550,0.074264526,-0.086242676,-0.146399602,0.310049117,-8.244433403,0.712275028
149816796475,0.072135076,-0.087573580,-0.149327591,0.341173738,-8.264783859,0.729034424
149818057362,0.074530706,-0.087041214,-0.151190862,0.422576606,-8.238448143,0.726640224
149819318250,0.079321966,-0.087839760,-0.144802511,0.371101260,-8.249221802,0.667982280
149820579162,0.071868896,-0.083314680,-0.145334885,0.345962137,-8.232462883,0.679953277
149821840062,0.077991061,-0.082516141,-0.148262873,0.385466486,-8.201337814,0.685938776
149823100962,0.081185237,-0.088904485,-0.145867243,0.357933164,-8.206126213,0.713472128
149824361850,0.077192515,-0.089436844,-0.142140701,0.356736064,-8.213309288,0.711077929
149825622737,0.083580866,-0.092897199,-0.142406881,0.387860686,-8.203732491,0.663193882
149826883662,0.086242676,-0.096889921,-0.149593771,0.369904160,-8.238448143,0.682347476
149828144550,0.083048500,-0.091566294,-0.149327591,0.384269387,-8.233659744,0.669179380
149829405437,0.083847046,-0.090767756,-0.148262873,0.387860686,-8.245630264,0.650025785
149830666350,0.081451416,-0.094228104,-0.142939255,0.343567938,-8.298303604,0.645237386
149831927237,0.087573580,-0.097688459,-0.142939255,0.354341865,-8.282740593,0.647631586
149833188137,0.091832474,-0.099285550,-0.144802511,0.318428814,-8.295908928,0.634463429
149834449037,0.091566294,-0.100350276,-0.146399602,0.338779539,-8.323442459,0.630872130
149835709925,0.095026650,-0.095292829,-0.145601064,0.341173738,-8.321047783,0.688332975
149836970825,0.096623734,-0.099551730,-0.145867243,0.362721562,-8.323442459,0.638054729
149838231737,0.099817909,-0.098753184,-0.147996694,0.397437483,-8.347384453,0.626083732
149839492612,0.098753184,-0.103012085,-0.146931961,0.391451985,-8.373720169,0.645237386
149840753512,0.098487005,-0.102213539,-0.148529053,0.344765037,-8.429984093,0.685938776
149842014425,0.097156100,-0.100084089,-0.145867243,0.320823044,-8.438364029,0.622492433
149843275300,0.101681180,-0.100882635,-0.144003972,0.342370838,-8.456320763,0.624886632
149844536212,0.100350276,-0.104076810,-0.144536331,0.323217243,-8.469488144,0.664390981
149845797100,0.095026650,-0.107270978,-0.146665782,0.298078120,-8.486248016,0.636857629
149847058012,0.092631020,-0.110465154,-0.148262873,0.343567938,-8.480262756,0.616506934
149848318887,0.096623734,-0.104875349,-0.147198141,0.335188240,-8.517373085,0.622492433
149849579787,0.095292829,-0.102745906,-0.144802511,0.307654917,-8.571242332,0.634463429
149850840700,0.095559016,-0.105673894,-0.143205434,0.305260718,-8.574833870,0.600944638
149852101587,0.095559016,-0.104342990,-0.141075984,0.312443316,-8.579622269,0.678756177
149853362487,0.092631020,-0.107537165,-0.142406881,0.256179571,-8.605957985,0.657208383
149854623387,0.094494291,-0.107004799,-0.147464320,0.296881020,-8.588001251,0.689530075
149855884287,0.092897199,-0.107004799,-0.139212713,0.293289721,-8.647856712,0.590170741
149857145187,0.089969210,-0.107270978,-0.136284724,0.311246216,-8.665813446,0.603338838
149858406100,0.084645584,-0.105940074,-0.138680354,0.317231715,-8.657433510,0.628477931
149859666975,0.083580866,-0.108069524,-0.140543625,0.234631762,-8.635885239,0.575805485
149860927875,0.083847046,-0.111263700,-0.139212713,0.228646263,-8.639476776,0.553060591
149862188775,0.081983775,-0.105940074,-0.132025823,0.250194073,-8.638279915,0.596156240
149863449675,0.079055786,-0.105407715,-0.132025823,0.220266551,-8.633491516,0.591367841
149864710562,0.075861610,-0.109134249,-0.134421453,0.235828876,-8.712499619,0.527921498
149865971462,0.075861610,-0.110198975,-0.129630193,0.223857865,-8.690952301,0.517147601
149867232387,0.072135076,-0.105673894,-0.132558182,0.202310041,-8.716091156,0.525527298
149868493262,0.063351102,-0.103012085,-0.135219991,0.171185419,-8.684967041,0.514753342
149869754162,0.064149641,-0.105940074,-0.132558182,0.177170932,-8.726864815,0.531512797
149871015062,0.065214366,-0.107803345,-0.131493464,0.195127442,-8.704120636,0.518344700
149872275975,0.062020194,-0.103810623,-0.126436025,0.159214407,-8.767566681,0.480037451
149873536862,0.055631850,-0.100350276,-0.130961105,0.172382519,-8.742427826,0.525527298
149874797750,0.051106770,-0.097156100,-0.129896373,0.164002821,-8.762778282,0.512359142
149876058650,0.053502399,-0.097954646,-0.126968384,0.149637610,-8.840589523,0.537498295
149877319562,0.051639132,-0.097156100,-0.126436025,0.081402861,-8.793903351,0.526724398
149878580450,0.041258071,-0.098487005,-0.127766922,0.152031809,-8.842984200,0.567425787
149879841337,0.036732990,-0.097156100,-0.125371292,0.098162271,-8.816647530,0.537498295
149881102237,0.037531536,-0.099019364,-0.128033102,0.065840550,-8.834604263,0.519541800
149882363150,0.033538818,-0.094760470,-0.124040388,0.101753570,-8.807070732,0.477643251
149883624037,0.025553385,-0.090235390,-0.124040388,0.061052144,-8.842984200,0.499191046
149884884937,0.025553385,-0.086775035,-0.126702204,0.117315881,-8.868123055,0.497993946
149886145850,0.023956299,-0.078257240,-0.122975662,0.119710088,-8.884882927,0.501585245
149887406737,0.022359211,-0.077991061,-0.123774208,0.063446343,-8.869319916,0.509964943
149888667625,0.018100314,-0.083847046,-0.126968384,0.090979666,-8.884882927,0.500388145
149889928525,0.010913425,-0.078257240,-0.122443303,0.070628949,-8.880094528,0.508767843
149891189437,0.008517795,-0.075063072,-0.128299281,0.067037649,-8.884882927,0.521935999
149892450325,0.006920708,-0.075329252,-0.125105113,0.044292733,-8.888473511,0.513556242
149893711225,0.000798543,-0.071868896,-0.121910945,0.096965171,-8.901641846,0.502782345
149894972137,-0.002129449,-0.068674721,-0.125105113,0.122104287,-8.924386978,0.561440289
149896233025,-0.005323622,-0.066545270,-0.123241849,0.065840550,-8.890868187,0.538695395
149897493925,-0.009582520,-0.063084923,-0.123508029,0.045489833,-8.905233383,0.529118598
149898754812,-0.010647244,-0.060156927,-0.124838933,0.041898530,-8.906430244,0.527921498
149900015700,-0.014107598,-0.058293659,-0.120846219,0.041898530,-8.908824921,0.562637389
149901276612,-0.014906141,-0.058826022,-0.118184403,0.027533319,-8.949525833,0.506373644
149902537525,-0.018366495,-0.056696571,-0.122975662,0.057460841,-8.919598579,0.501585245
149903798400,-0.022359211,-0.054300942,-0.122709483,0.082599960,-8.889671326,0.519541800
149905059312,-0.023423936,-0.053768583,-0.118184403,0.059855044,-8.932766914,0.503979445
149906320200,-0.029812282,-0.051372953,-0.120580032,0.037110128,-8.977059364,0.523133099
149907581112,-0.031941731,-0.047114052,-0.119781494,0.044292733,-8.913613319,0.544680893
149908841987,-0.027150471,-0.040193345,-0.115522593,0.111330383,-8.927978516,0.542286694
149910102887,-0.025819566,-0.038330078,-0.120846219,0.081402861,-8.941145897,0.542286694
149911363775,-0.029546101,-0.035934448,-0.125105113,0.132878199,-8.925583839,0.465672225
149912624712,-0.029546101,-0.033538818,-0.126968384,0.117315881,-8.967482567,0.501585245
149913885575,-0.031409368,-0.031409368,-0.117385864,0.137666598,-8.907627106,0.481234550
149915146475,-0.033538818,-0.024754841,-0.118450589,0.180762231,-8.912415504,0.465672225
149916407400,-0.031675551,-0.022093032,-0.122177124,0.130484000,-8.938752174,0.547075093
149917668275,-0.031675551,-0.023423936,-0.121910945,0.100556470,-8.960299492,0.506373644
149918929175,-0.032474093,-0.023423936,-0.118450589,0.159214407,-8.914810181,0.518344700
149920190075,-0.034869723,-0.017567953,-0.116587318,0.142454997,-8.900444984,0.494402647
149921450975,-0.033006456,-0.017035590,-0.120047674,0.153228909,-8.933963776,0.508767843
149922711875,-0.030877007,-0.015704684,-0.118450589,0.149637610,-8.913613319,0.518344700
149923972775,-0.033272635,-0.013042874,-0.112062238,0.161608621,-8.955511093,0.474051952
149925233662,-0.030344645,-0.006654528,-0.115522593,0.158017308,-8.919598579,0.459686726
149926494562,-0.030344645,-0.003726535,-0.116321139,0.190339044,-8.926780701,0.468066424
149927755475,-0.026351929,-0.008251614,-0.113659330,0.192733243,-8.913613319,0.496796846
149929016375,-0.022891574,-0.008517795,-0.112328425,0.217872351,-8.864531517,0.478840351
149930277275,-0.026618110,-0.003460354,-0.115788773,0.232237563,-8.850166321,0.482431650
149931538162,-0.022625392,0.001597087,-0.110731333,0.253785372,-8.850166321,0.493205547
149932799062,-0.023690118,0.003460354,-0.114457868,0.264559299,-8.881291389,0.503979445
149934059950,-0.019697402,0.007719252,-0.106206253,0.287304193,-8.831012726,0.448912829
149935320862,-0.019165039,0.010647244,-0.102479719,0.317231715,-8.872911453,0.450109929
149936581750,-0.017035590,0.007453070,-0.106472440,0.298078120,-8.814253807,0.411802709
149937842650,-0.014373779,0.007985433,-0.100084089,0.319625944,-8.878896713,0.456095427
149939103562,-0.011978149,0.010114881,-0.095825195,0.343567938,-8.886079788,0.417788208
149940364450,-0.009582520,0.010913425,-0.098753184,0.351947665,-8.883685112,0.367509961
149941625350,-0.009582520,0.013309055,-0.099019364,0.363918662,-8.911218643,0.396240383
149942886237,-0.010913425,0.017035590,-0.096889921,0.363918662,-8.933963776,0.422576606
149944147150,-0.007719252,0.013309055,-0.094760470,0.383072287,-8.945934296,0.369904160
149945408037,-0.008783977,0.020229762,-0.091832474,0.368707061,-8.941145897,0.402225882
149946668937,-0.007186890,0.015438504,-0.097156100,0.374692559,-8.975862503,0.439336002
149947929837,-0.003992716,0.019963583,-0.096357554,0.377086759,-9.003396034,0.361524463
149949190737,-0.005323622,0.021560669,-0.089170665,0.343567938,-9.032126427,0.377086759
149950451637,-0.005855984,0.017567953,-0.089703031,0.371101260,-9.041703224,0.402225882
149951712525,-0.001064724,0.022359211,-0.089436844,0.366312861,-9.033323288,0.348356336
149952973425,0.000000000,0.026351929,-0.088372126,0.407014281,-9.091980934,0.436941803
149954234325,-0.000532362,0.025553385,-0.087839760,0.371101260,-9.130288124,0.372298360
149955495212,0.001330905,0.025021022,-0.085177951,0.360327363,-9.149441719,0.354341865
149956756125,-0.004791260,0.027682833,-0.086775035,0.415394008,-9.166201591,0.416591108
149958017012,-0.006388346,0.027150471,-0.087839760,0.378283858,-9.188945770,0.384269387
149959277925,0.001064724,0.027150471,-0.086775035,0.390254885,-9.186552048,0.344765037
149960538825,0.002129449,0.030610826,-0.089170665,0.367509961,-9.228450775,0.343567938
149961799725,-0.000266181,0.034071181,-0.084911771,0.440533102,-9.242815971,0.339976639
149963060612,-0.002661811,0.031941731,-0.087041214,0.393846184,-9.261969566,0.356736064
149964321512,0.000266181,0.032207914,-0.089170665,0.397437483,-9.296685219,0.333991140
149965582400,0.004525078,0.035135906,-0.086508855,0.465672225,-9.284714699,0.411802709
149966843312,-0.001597087,0.038063895,-0.089170665,0.444124430,-9.381679535,0.399831682
149968104187,-0.002661811,0.038862441,-0.092098661,0.420182407,-9.346963882,0.356736064
149969365100,0.001330905,0.042588975,-0.085710309,0.418985307,-9.375694275,0.381875187
149970625987,0.003726535,0.038330078,-0.088904485,0.453701228,-9.402029991,0.347159237
149971886887,-0.005057441,0.041258071,-0.091566294,0.490811348,-9.417592049,0.414196908
149973147800,-0.005589803,0.049775865,-0.089969210,0.429759204,-9.463082314,0.404620081
149974408675,-0.001330905,0.050308228,-0.093429565,0.557848990,-9.522937775,0.404620081
149975669587,-0.001330905,0.051639132,-0.092897199,0.507570744,-9.495404243,0.427365005
149976930487,-0.003992716,0.051905312,-0.097156100,0.464475125,-9.512163162,0.384269387
149978191387,-0.003992716,0.053768583,-0.096889921,0.527921498,-9.576807022,0.354341865
149979452300,-0.003460354,0.051106770,-0.095292829,0.514753342,-9.572018623,0.384269387
149980713200,-0.009050157,0.050840590,-0.098753184,0.551863492,-9.625887871,0.325611442
149981974087,-0.003460354,0.054034762,-0.105141535,0.592564940,-9.562441826,0.271741897
149983234987,-0.001330905,0.056164213,-0.097954646,0.521935999,-9.629479408,0.307654917
149984495875,-0.009848701,0.058293659,-0.093163386,0.591367841,-9.689333916,0.324414343
149985756775,-0.007985433,0.059624564,-0.095026650,0.611718535,-9.685743332,0.374692559
149987017662,-0.007453070,0.058559842,-0.099019364,0.616506934,-9.706093788,0.324414343
149988278562,-0.006654528,0.057495117,-0.096889921,0.634463429,-9.698910713,0.323217243
149989539462,-0.005057441,0.060156927,-0.094494291,0.654814184,-9.712079048,0.294486821
149990800362,-0.007719252,0.058559842,-0.093695745,0.612915635,-9.694122314,0.348356336
149992061275,-0.012244331,0.054300942,-0.091832474,0.768538773,-9.690531731,0.353144765
149993322175,-0.013309055,0.053502399,-0.089703031,0.761356175,-9.745597839,0.326808542
149994583050,-0.014373779,0.056164213,-0.091033936,0.792480767,-9.755174637,0.331596941
149995843962,-0.013575235,0.059358384,-0.088105939,0.820014060,-9.685743332,0.302866518
149997104875,-0.012510511,0.056962755,-0.082782321,0.867898107,-9.750386238,0.299275219
149998365762,-0.014639961,0.051905312,-0.080120511,0.869095206,-9.684545517,0.351947665
149999626650,-0.014906141,0.052171495,-0.081451416,0.906205356,-9.674968719,0.286107093
150000887550,-0.014107598,0.050840590,-0.077458702,0.910993755,-9.703699112,0.338779539
150002148437,-0.017035590,0.049243502,-0.077991061,0.940921247,-9.722852707,0.282515794
150003409362,-0.016503228,0.048444960,-0.074264526,0.946906805,-9.680954933,0.266953498
150004670237,-0.014107598,0.043653701,-0.068674721,0.973242998,-9.710882187,0.290895522
150005931162,-0.015438504,0.039128620,-0.067609996,1.009155989,-9.710882187,0.214281052
150007192037,-0.018898858,0.039128620,-0.063617282,1.069011092,-9.709685326,0.231040463
150008452950,-0.019431220,0.038330078,-0.059358384,1.076193690,-9.697713852,0.202310041
150009713825,-0.017035590,0.033804998,-0.060689289,1.033097982,-9.716867447,0.187944829
150010974737,-0.019697402,0.031941731,-0.058027480,1.022324085,-9.666589737,0.162805721
150012235650,-0.021294488,0.030877007,-0.054833304,1.043871999,-9.710882187,0.138863698
150013496537,-0.022093032,0.025819566,-0.054833304,1.055842996,-9.726444244,0.154426008
150014757425,-0.023690118,0.027949015,-0.050308228,1.084573388,-9.719262123,0.181959331
150016018337,-0.022359211,0.020495944,-0.048444960,1.067813993,-9.747992516,0.108936176
150017279225,-0.019963583,0.017035590,-0.050042044,1.033097982,-9.753977776,0.089782566
150018540125,-0.022093032,0.014639961,-0.046847872,1.033097982,-9.827000618,0.089782566
150019801025,-0.025021022,0.011179605,-0.045516968,1.011550188,-9.853337288,0.099359371
150021061912,-0.020762125,0.004791260,-0.042855155,1.015141487,-9.867702484,0.093373865
150022322812,-0.022891574,0.005323622,-0.045250785,1.025915384,-9.860519409,0.068234749
150023583725,-0.022891574,0.001064724,-0.042322792,0.982819796,-9.876082420,0.094570965
150024844637,-0.020229762,-0.002129449,-0.037531536,0.955286503,-9.919178009,0.092176765
150026105512,-0.025819566,-0.005855984,-0.040725708,0.987608194,-9.949105263,0.112527482
150027366400,-0.023157755,-0.008251614,-0.037797716,0.985213995,-9.952696800,0.083797060
150028627300,-0.027949015,-0.005057441,-0.034603544,0.931344450,-9.999383926,0.032321725
150029888212,-0.028481377,-0.010647244,-0.037797716,0.937329948,-10.056844711,0.027533319
150031149087,-0.025819566,-0.011445787,-0.041524250,0.877474904,-10.078392029,0.082599960
150032410012,-0.027682833,-0.014107598,-0.038862441,0.933738649,-10.060435295,0.106541976
150033670900,-0.022891574,-0.015172322,-0.033538818,0.956483603,-10.099940300,0.086191259
150034931800,-0.027150471,-0.015970865,-0.037265353,0.883460462,-10.151414871,0.026336219
150036192700,-0.033272635,-0.017567953,-0.037797716,0.817619860,-10.229227066,0.090979666
150037453587,-0.030078463,-0.021826850,-0.041790433,0.837970614,-10.298658371,0.053869538
150038714487,-0.029812282,-0.026618110,-0.039128620,0.812831461,-10.345345497,0.032321725
150039975400,-0.030610826,-0.028747559,-0.037265353,0.766144574,-10.347740173,0.035913024
150041236300,-0.029013740,-0.026618110,-0.038862441,0.746990919,-10.380061150,0.032321725
150042497187,-0.030877007,-0.023690118,-0.034869723,0.703895330,-10.471041679,0.029927522
150043758087,-0.031409368,-0.019963583,-0.031409368,0.673967779,-10.541669846,0.026336219
150045018975,-0.033006456,-0.020495944,-0.031409368,0.632069230,-10.571598053,-0.005985504
150046279875,-0.038596258,-0.021294488,-0.038330078,0.606930137,-10.649409294,0.067037649
150047540787,-0.036200628,-0.019165039,-0.035135906,0.610521436,-10.669759750,0.038307227
150048801675,-0.037265353,-0.020762125,-0.031941731,0.577002585,-10.753557205,0.051475339
150050062587,-0.043121338,-0.020229762,-0.033006456,0.532709897,-10.805032730,0.016759412
150051323475,-0.049509682,-0.021560669,-0.029546101,0.500388145,-10.805032730,0.061052144
150052584375,-0.047646414,-0.016769409,-0.025553385,0.471657753,-10.872070312,0.086191259
150053845287,-0.053502399,-0.015970865,-0.026884291,0.472854853,-10.923544884,0.055066638
150055106150,-0.058293659,-0.013309055,-0.025819566,0.487220049,-10.966641426,0.082599960
150056367062,-0.062020194,-0.007719252,-0.023157755,0.465672225,-10.983400345,0.082599960
150057627987,-0.064948186,-0.007719252,-0.015970865,0.422576606,-11.012130737,0.059855044
150058888862,-0.067609996,-0.004791260,-0.015172322,0.390254885,-11.042057991,0.087388359
150060149762,-0.071070351,-0.009050157,-0.022625392,0.366312861,-11.009737015,0.096965171
150061410650,-0.077991061,-0.001330905,-0.015970865,0.335188240,-10.954669952,0.118512988
150062671562,-0.077991061,0.002927992,-0.011179605,0.326808542,-10.977415085,0.148440510
150063932450,-0.080652870,0.002395630,-0.011711968,0.289698422,-10.936713219,0.094570965
150065193350,-0.087307401,0.006654528,-0.007985433,0.319625944,-10.967838287,0.101753570
150066454262,-0.089436844,0.013042874,-0.005057441,0.307654917,-10.906785965,0.106541976
150067715150,-0.090501569,0.013042874,-0.003726535,0.306457818,-10.862493515,0.077811554
150068976050,-0.098487005,0.015704684,-0.006122165,0.286107093,-10.827776909,0.083797060
150070236950,-0.099019364,0.024754841,-0.005323622,0.288501292,-10.789469719,0.074220255
150071497837,-0.102479719,0.021028306,0.002661811,0.319625944,-10.758345604,0.059855044
150072758725,-0.104609169,0.026618110,0.009050157,0.329202741,-10.735600471,0.062249243
150074019637,-0.107803345,0.032474093,0.009582520,0.254982471,-10.643424034,0.049081136
150075280525,-0.109932795,0.034337360,0.007985433,0.245405674,-10.568006516,0.069431849
150076541412,-0.109134249,0.038862441,0.013575235,0.298078120,-10.520122528,0.075417355
150077802337,-0.109666608,0.043121338,0.016237047,0.342370838,-10.490195274,0.049081136
150079063225,-0.108601883,0.045783147,0.015704684,0.336385339,-10.420763016,0.049081136
150080324125,-0.108868070,0.047380235,0.019431220,0.294486821,-10.380061150,0.049081136
150081585025,-0.100350276,0.048977323,0.024754841,0.286107093,-10.311826706,0.031124622
150082845925,-0.104609169,0.048977323,0.021560669,0.277727395,-10.280702591,-0.021547815
150084106800,-0.107803345,0.053236220,0.025553385,0.272938997,-10.249577522,0.019153614
150085367700,-0.098753184,0.057495117,0.025021022,0.289698422,-10.198101997,-0.023942018
150086628612,-0.097422279,0.059890747,0.025287203,0.301669419,-10.207678795,0.003591303
150087889512,-0.098220825,0.065214366,0.026351929,0.301669419,-10.152612686,0.002394202
150089150425,-0.095559016,0.068674721,0.030610826,0.288501292,-10.132261276,-0.047884036
150090411312,-0.094760470,0.069207087,0.031675551,0.296881020,-10.105925560,-0.001197101
150091672225,-0.097156100,0.067343816,0.031409368,0.299275219,-10.091560364,-0.020350715
150092933112,-0.089436844,0.068674721,0.030344645,0.281318694,-10.102334023,-0.083797060
150094194012,-0.081717595,0.076393977,0.031675551,0.274136096,-10.132261276,-0.046686932
150095454912,-0.083048500,0.079854332,0.028747559,0.336385339,-10.123882294,-0.059855044
150096715825,-0.079854332,0.076926336,0.033272635,0.316034615,-10.090363503,0.011971009
150097976712,-0.077724881,0.077458702,0.029279921,0.374692559,-10.207678795,0.008379706
150099237600,-0.075329252,0.083048500,0.024488661,0.365115762,-10.153809547,-0.055066638
150100498487,-0.070005625,0.084113225,0.025819566,0.375889659,-10.214861870,-0.016759412
150101759400,-0.063883461,0.083048500,0.023157755,0.355538964,-10.250774384,0.007182605
150103020300,-0.058293659,0.084645584,0.019963583,0.381875187,-10.342951775,-0.056263741
150104281200,-0.057761297,0.088638306,0.017567953,0.408211380,-10.375272751,0.045489833
150105542087,-0.059092201,0.086508855,0.016769409,0.444124430,-10.413579941,0.058657940
150106803000,-0.052703857,0.085976496,0.013309055,0.398634583,-10.490195274,0.011971009
150108063900,-0.051905312,0.085177951,0.011711968,0.442927331,-10.591948509,0.056263741
150109324800,-0.052437674,0.082782321,0.008517795,0.375889659,-10.613495827,0.088585466
150110585700,-0.047114052,0.084113225,0.001597087,0.430956304,-10.675745010,0.100556470
150111846575,-0.048711140,0.083847046,0.000532362,0.433350503,-10.745177269,0.088585466
150113107487,-0.046581693,0.085710309,0.003460354,0.436941803,-10.746374130,0.083797060
150114368375,-0.047912598,0.085177951,-0.001597087,0.472854853,-10.855310440,0.094570965
150115629287,-0.049243502,0.086775035,-0.003726535,0.475249052,-10.894814491,0.128089786
150116890175,-0.051905312,0.086775035,-0.005855984,0.429759204,-10.959458351,0.113724582
150118151075,-0.047646414,0.083847046,-0.005589803,0.458489627,-11.071986198,0.062249243
150119411962,-0.048444960,0.080919050,-0.010114881,0.475249052,-11.093533516,0.107739076
150120672875,-0.043919880,0.081451416,-0.015970865,0.487220049,-11.142614365,0.187944829
150121933775,-0.043653701,0.078257240,-0.017834133,0.458489627,-11.224018097,0.159214407
150123194662,-0.045250785,0.083580866,-0.020762125,0.439336002,-11.324574471,0.117315881
150124455562,-0.044186063,0.083048500,-0.026351929,0.441730231,-11.440692902,0.129286900
150125716462,-0.043121338,0.079055786,-0.028747559,0.439336002,-11.544840813,0.113724582
150126977362,-0.043387517,0.080919050,-0.031675551,0.434547603,-11.645397186,0.122104287
150128238250,-0.040193345,0.075861610,-0.035135906,0.405817181,-11.760318756,0.102950677
150129499150,-0.037265353,0.075329252,-0.040459525,0.444124430,-11.791443825,0.111330383
150130760062,-0.036466811,0.071602717,-0.045250785,0.428562105,-11.969811440,0.098162271
150132020950,-0.040725708,0.072401255,-0.050308228,0.470460624,-12.073959351,0.093373865
150133281862,-0.040725708,0.069473267,-0.047114052,0.439336002,-12.148179054,0.071826048
150134542750,-0.047912598,0.070537992,-0.052703857,0.448912829,-12.237961769,0.096965171
150135803662,-0.046581693,0.066545270,-0.053768583,0.477643251,-12.296620369,0.100556470
150137064550,-0.045250785,0.065214366,-0.054833304,0.492008448,-12.384008408,0.141257897
150138325450,-0.048711140,0.060156927,-0.057495117,0.476446152,-12.410345078,0.154426008
150139586350,-0.049775865,0.054833304,-0.054300942,0.533906996,-12.435483932,0.193930343
150140847250,-0.056164213,0.053502399,-0.049243502,0.513556242,-12.446257591,0.159214407
150142108137,-0.059358384,0.048178777,-0.050042044,0.593762040,-12.425907135,0.246602774
150143369037,-0.068674721,0.046847872,-0.052970037,0.588973641,-12.384008408,0.282515794
150144629937,-0.075063072,0.043919880,-0.048178777,0.626083732,-12.297817230,0.325611442
150145890825,-0.077458702,0.042855155,-0.046581693,0.617704034,-12.239159584,0.310049117
150147151725,-0.085710309,0.040459525,-0.041790433,0.608127236,-12.188880920,0.363918662
150148412650,-0.093695745,0.036732990,-0.041790433,0.664390981,-12.090718269,0.378283858
150149673525,-0.100616455,0.035668265,-0.040193345,0.684741676,-11.988965034,0.430956304
150150934437,-0.106738620,0.028747559,-0.037797716,0.739808321,-11.833341599,0.448912829
150152195350,-0.109932795,0.030344645,-0.036999173,0.746990919,-11.705252647,0.403422982
150153456225,-0.116587318,0.029546101,-0.034071181,0.754173517,-11.651382446,0.433350503
150154717150,-0.120846219,0.021560669,-0.033538818,0.718260527,-11.538855553,0.440533102
150155978025,-0.122975662,0.021028306,-0.033804998,0.784101069,-11.426327705,0.411802709
150157238925,-0.127500743,0.025287203,-0.038330078,0.752976418,-11.292252541,0.403422982
150158499837,-0.130961105,0.018632676,-0.048977323,0.735019922,-11.214441299,0.318428814
150159760700,-0.126968384,0.013042874,-0.046847872,0.719457626,-11.218031883,0.343567938
150161021612,-0.122177124,0.009050157,-0.049775865,0.663193882,-11.164162636,0.355538964
150162282525,-0.125903651,0.006122165,-0.053768583,0.708683729,-11.110293388,0.275333196
150163543400,-0.125637472,0.000798543,-0.055099487,0.656011283,-11.101913452,0.307654917
150164804325,-0.119249128,-0.001064724,-0.060423110,0.590170741,-11.075576782,0.299275219
150166065212,-0.120047674,0.000798543,-0.069207087,0.555454791,-11.121067047,0.266953498
150167326112,-0.115522593,-0.001863268,-0.071070351,0.532709897,-11.159374237,0.284909993
150168587000,-0.110997513,-0.013042874,-0.072401255,0.463278025,-11.238383293,0.283712894
150169847887,-0.110731333,-0.016237047,-0.081717595,0.450109929,-11.311406136,0.275333196
150171108787,-0.109134249,-0.013309055,-0.085444130,0.375889659,-11.378443718,0.333991140
150172369700,-0.105673894,-0.017834133,-0.085976496,0.372298360,-11.502942085,0.381875187
150173630587,-0.101947360,-0.017834133,-0.088638306,0.337582439,-11.585541725,0.417788208
150174891500,-0.101414993,-0.019963583,-0.091566294,0.333991140,-11.668142319,0.445321530
150176152400,-0.101681180,-0.023423936,-0.094228104,0.271741897,-11.766304016,0.465672225
150177413275,-0.109932795,-0.023690118,-0.097688459,0.233434662,-11.866860390,0.530315697
150178674187,-0.112594604,-0.025021022,-0.097954646,0.235828876,-11.982979774,0.635660529
150179935087,-0.116587318,-0.023157755,-0.095026650,0.220266551,-12.066776276,0.694318473
150181195987,-0.118716769,-0.018100314,-0.095559016,0.210689753,-12.120646477,0.715866327
150182456887,-0.121112399,-0.018898858,-0.094494291,0.207098454,-12.127828598,0.779312670
150183717787,-0.133356735,-0.021028306,-0.089969210,0.199915841,-12.149376869,0.800860465
150184978687,-0.137881801,-0.024488661,-0.088105939,0.258573800,-12.179304123,0.891840160
150186239587,-0.145867243,-0.022093032,-0.081185237,0.296881020,-12.209231377,0.958877802
150187500487,-0.153320312,-0.017035590,-0.072933622,0.283712894,-12.180500984,1.005564690
150188761387,-0.162370473,-0.014107598,-0.070537992,0.342370838,-12.180500984,1.016338587
150190022262,-0.167694092,-0.016503228,-0.070804171,0.312443316,-12.126631737,0.999579191
150191283162,-0.173816249,-0.019697402,-0.059358384,0.348356336,-12.100295067,1.126471877
150192544062,-0.181535512,-0.018100314,-0.051372953,0.375889659,-12.050017357,1.164779186
150193804975,-0.188722402,-0.013575235,-0.045250785,0.391451985,-11.975796700,1.229422569
150195065887,-0.194046021,-0.010381063,-0.043653701,0.403422982,-11.931504250,1.252167463
150196326775,-0.204427078,-0.011179605,-0.031675551,0.439336002,-11.871648788,1.278503776
150197587662,-0.204959437,-0.007453070,-0.030610826,0.460883826,-11.761515617,1.304839969
150198848550,-0.207621247,-0.008251614,-0.029013740,0.458489627,-11.695675850,1.325190663
150200109475,-0.216405228,-0.006920708,-0.021826850,0.468066424,-11.654973984,1.387439847
150201370350,-0.219599396,-0.009316338,-0.016503228,0.446518630,-11.590330124,1.356315255
150202631262,-0.221728846,-0.005589803,-0.011978149,0.447715729,-11.496956825,1.349132657
150203892162,-0.219599396,-0.003992716,-0.009582520,0.448912829,-11.398794174,1.398213744
150205153050,-0.219333217,-0.004258898,-0.009050157,0.478840351,-11.347318649,1.444900751
150206413962,-0.219333217,-0.005057441,-0.004258898,0.453701228,-11.257536888,1.430535555
150207674850,-0.222261220,-0.006920708,-0.000266181,0.442927331,-11.165359497,1.435323954
150208935737,-0.220131770,-0.006122165,-0.001064724,0.458489627,-11.082759857,1.471236944
150210196650,-0.216671407,-0.006388346,-0.000266181,0.434547603,-11.014525414,1.455674648
150211457550,-0.213477239,-0.008783977,-0.001597087,0.440533102,-10.964246750,1.447294950
150212718450,-0.208685979,-0.009050157,0.003194173,0.466869324,-10.861295700,1.466448545
150213979350,-0.206822708,-0.007719252,0.003726535,0.454898328,-10.814609528,1.476025343
150215240237,-0.200700551,-0.006654528,0.007186890,0.471657753,-10.749965668,1.466448545
150216501137,-0.199103460,-0.005855984,0.005057441,0.507570744,-10.716446877,1.498770237
150217762050,-0.197506368,-0.006920708,0.003726535,0.489614248,-10.673351288,1.507149935
150219022950,-0.194578379,-0.005057441,-0.000798543,0.476446152,-10.617087364,1.559822440
150220283837,-0.181269318,-0.007719252,0.004258898,0.599747539,-10.585963249,1.557428241
150221544725,-0.179406062,-0.010913425,0.005057441,0.575805485,-10.474632263,1.594538331
150222805612,-0.174348623,-0.009316338,0.004258898,0.575805485,-10.484209061,1.618480325
150224066525,-0.168492630,-0.012244331,0.003194173,0.627280831,-10.477026939,1.574187636
150225327437,-0.165564641,-0.017035590,0.005323622,0.603338838,-10.406397820,1.606509328
150226588337,-0.160507202,-0.016503228,0.005589803,0.636857629,-10.348937035,1.651999235
150227849225,-0.152255580,-0.018632676,0.003992716,0.659602582,-10.370484352,1.647210836
150229110112,-0.141874522,-0.018366495,0.002661811,0.739808321,-10.358513832,1.715445518
150230371012,-0.138414174,-0.015970865,-0.001863268,0.667982280,-10.317811966,1.698686123
150231631925,-0.129896373,-0.019165039,-0.002661811,0.650025785,-10.260351181,1.716642618
150232892825,-0.124838933,-0.029013740,0.001863268,0.702698231,-10.238803864,1.772906423
150234153725,-0.121378578,-0.027949015,0.003194173,0.707486629,-10.210073471,1.744175911
150235414612,-0.114990234,-0.026085747,-0.003726535,0.746990919,-10.192116737,1.796848416
150236675525,-0.109400429,-0.029546101,0.000000000,0.718260527,-10.153809547,1.775300622
150237936412,-0.104342990,-0.032740276,0.001597087,0.726640224,-10.129867554,1.786074519
150239197312,-0.101681180,-0.032207914,-0.002927992,0.769735873,-10.087968826,1.820790410
150240458212,-0.099019364,-0.033804998,-0.006920708,0.780509770,-10.004172325,1.814804912
150241719112,-0.090501569,-0.039394803,-0.008251614,0.790086567,-9.973047256,1.829170108
150242980025,-0.084911771,-0.041524250,-0.006654528,0.752976418,-9.939528465,1.842338204
150244240912,-0.082249962,-0.043121338,-0.004258898,0.749385118,-9.894038200,1.835155606
150245501812,-0.082782321,-0.042855155,-0.011978149,0.768538773,-9.816226959,1.845929503
150246762700,-0.077192515,-0.046581693,-0.014906141,0.752976418,-9.789891243,1.853112102
150248023600,-0.067876182,-0.052437674,-0.014107598,0.748188019,-9.762357712,1.847126603
150249284500,-0.059624564,-0.049243502,-0.015438504,0.756567717,-9.694122314,1.796848416
150250545400,-0.055631850,-0.051639132,-0.015970865,0.769735873,-9.636661530,1.788468719
150251806300,-0.050840590,-0.056962755,-0.015970865,0.780509770,-9.588777542,1.750161409
150253067200,-0.042588975,-0.063351102,-0.023423936,0.763750374,-9.563638687,1.717839718
150254328100,-0.038063895,-0.066012911,-0.027949015,0.764947474,-9.550470352,1.789665818
150255588987,-0.031675551,-0.062020194,-0.033006456,0.756567717,-9.493009567,1.725022316
150256849887,-0.025819566,-0.067876182,-0.034337360,0.773327172,-9.463082314,1.715445518
150258110787,-0.018898858,-0.075861610,-0.035402086,0.770932972,-9.415198326,1.787271619
150259371687,-0.018898858,-0.075861610,-0.041524250,0.731428623,-9.384073257,1.722628117
150260632575,-0.012510511,-0.082516141,-0.043387517,0.709880829,-9.327810287,1.732204914
150261893487,-0.002395630,-0.085710309,-0.045783147,0.719457626,-9.319430351,1.723825216
150263154387,0.001330905,-0.089436844,-0.049509682,0.697909772,-9.294291496,1.734599113
150264415275,0.001863268,-0.095026650,-0.048178777,0.660799682,-9.259574890,1.733402014
150265676175,0.010381063,-0.092098661,-0.052437674,0.685938776,-9.253589630,1.744175911
150266937087,0.018898858,-0.096091375,-0.056164213,0.681150377,-9.209297180,1.707065821
150268197975,0.014639961,-0.099551730,-0.057761297,0.720654726,-9.151836395,1.744175911
150269458862,0.020495944,-0.104076810,-0.059358384,0.666785181,-9.120711327,1.762132406
150270719787,0.022093032,-0.104875349,-0.066279091,0.640448987,-9.113529205,1.739387512
150271980675,0.021294488,-0.109932795,-0.071868896,0.633266330,-9.070433617,1.784877419
150273241587,0.024488661,-0.115256414,-0.072401255,0.712275028,-9.047688484,1.783680320
150274502475,0.027416652,-0.120580032,-0.069739446,0.675164878,-8.998606682,1.769315124
150275763350,0.029546101,-0.123774208,-0.072401255,0.641646087,-8.951920509,1.760935307
150277024262,0.030877007,-0.126169845,-0.079055786,0.632069230,-8.924386978,1.802833915
150278285150,0.032207914,-0.132292002,-0.079321966,0.602141738,-8.842984200,1.754949808
150279546062,0.033272635,-0.134953812,-0.078789607,0.603338838,-8.831012726,1.720233917
150280806975,0.036999173,-0.135219991,-0.085710309,0.632069230,-8.825027466,1.801636815
150282067850,0.034337360,-0.141608343,-0.083580866,0.599747539,-8.785523415,1.800439715
150283328762,0.037265353,-0.144536331,-0.086508855,0.598550439,-8.748413086,1.778891921
150284589662,0.037797716,-0.149859950,-0.091832474,0.527921498,-8.713697433,1.792060018
150285850575,0.035135906,-0.155183583,-0.089703031,0.531512797,-8.682572365,1.778891921
150287111462,0.031941731,-0.158111572,-0.090235390,0.464475125,-8.629899979,1.781286120
150288372362,0.031409368,-0.166895539,-0.089969210,0.483628750,-8.592789650,1.813607812
150289633225,0.030877007,-0.167960271,-0.096889921,0.509964943,-8.598775864,1.775300622
150290894162,0.029279921,-0.170089722,-0.093429565,0.445321530,-8.579622269,1.740584612
150292155037,0.030344645,-0.169557363,-0.094228104,0.402225882,-8.552088737,1.757344007
150293415962,0.027416652,-0.174082428,-0.097422279,0.344765037,-8.541315079,1.770512223
150294676837,0.029013740,-0.183132589,-0.095559016,0.355538964,-8.486248016,1.719036818
150295937750,0.029279921,-0.183132589,-0.100350276,0.305260718,-8.503006935,1.734599113
150297198650,0.023157755,-0.186060578,-0.101947360,0.292092621,-8.443152428,1.789665818
150298459537,0.019431220,-0.185262039,-0.100084089,0.277727395,-8.457517624,1.752555609
150299720450,0.026351929,-0.187923849,-0.100882635,0.241814375,-8.455122948,1.708262920
150300981350,0.025819566,-0.192182750,-0.104076810,0.240617275,-8.392873764,1.716642618
150302242237,0.020762125,-0.190585658,-0.101681180,0.221463665,-8.418013573,1.699883223
150303503125,0.017567953,-0.194046021,-0.101414993,0.177170932,-8.378508568,1.735796213
150304764050,0.015970865,-0.199901998,-0.102213539,0.134075299,-8.396465302,1.729810715
150306024925,0.014906141,-0.201499090,-0.101148814,0.098162271,-8.388085365,1.668758631
150307285837,0.012776692,-0.198837280,-0.103544444,0.059855044,-8.298303604,1.722628117
150308546725,0.012510511,-0.199369639,-0.099551730,0.035913024,-8.324639320,1.669955730
150309807637,0.006388346,-0.204693258,-0.103544444,0.046686932,-8.318654060,1.680729628
150311068537,0.008251614,-0.211347789,-0.100882635,0.040701430,-8.328230858,1.640028119
150312329437,0.002129449,-0.208685979,-0.101947360,-0.025139118,-8.360552788,1.693897724
150313590300,0.002129449,-0.203894719,-0.104342990,-0.017956512,-8.340201378,1.704671621
150314851225,0.000532362,-0.206290349,-0.106206253,-0.026336219,-8.359354973,1.672349930
150316112125,-0.002661811,-0.207355067,-0.101681180,-0.107739076,-8.348581314,1.636436820
150317373012,-0.003194173,-0.208952159,-0.099019364,-0.087388359,-8.358158112,1.625662923
150318633925,-0.006122165,-0.207887441,-0.103544444,-0.114921682,-8.364143372,1.635239720
150319894825,-0.007719252,-0.203628540,-0.102479719,-0.193930343,-8.341399193,1.653196335
150321155725,-0.006388346,-0.205491811,-0.101947360,-0.216675252,-8.316259384,1.592144132
150322416612,-0.003992716,-0.207088888,-0.105407715,-0.209492654,-8.330624580,1.653196335
150323677512,-0.012776692,-0.204427078,-0.103810623,-0.222660765,-8.325836182,1.612494826
150324938425,-0.013309055,-0.201232910,-0.099019364,-0.220266551,-8.282740593,1.632845521
150326199312,-0.012776692,-0.202297628,-0.097422279,-0.234631762,-8.265981674,1.651999235
150327460212,-0.014373779,-0.199635819,-0.100882635,-0.241814375,-8.328230858,1.641225219
150328721112,-0.013575235,-0.198038727,-0.100882635,-0.263362199,-8.311470985,1.679532528
150329982012,-0.011978149,-0.202829987,-0.095825195,-0.198718742,-8.317457199,1.654393435
150331242900,-0.014107598,-0.203362361,-0.097156100,-0.185550630,-8.293515205,1.667561531
150332503800,-0.011711968,-0.199369639,-0.095825195,-0.153228909,-8.305485725,1.648407936
150333764700,-0.010913425,-0.204160899,-0.093695745,-0.101753570,-8.291120529,1.602918029
150335025600,-0.011179605,-0.196707830,-0.095292829,-0.056263741,-8.307880402,1.572990537
150336286487,-0.008251614,-0.194578379,-0.095292829,0.010773907,-8.340201378,1.596932530
150337547387,-0.007453070,-0.200966731,-0.089170665,0.084994160,-8.299500465,1.552639842
150338808300,0.001597087,-0.204160899,-0.085177951,0.158017308,-8.341399193,1.570596337
150340069200,0.003194173,-0.200966731,-0.086508855,0.192733243,-8.425195694,1.534683347
150341330075,0.007985433,-0.206024170,-0.088638306,0.286107093,-8.439560890,1.491587639
150342591000,0.014639961,-0.204959437,-0.082516141,0.350750566,-8.518569946,1.477222443
150343851887,0.019963583,-0.209218338,-0.078523420,0.396240383,-8.556877136,1.485602140
150345112787,0.023157755,-0.216405228,-0.077991061,0.448912829,-8.586804390,1.527500749
150346373700,0.029546101,-0.222793579,-0.074796885,0.519541800,-8.712499619,1.523909450
150347634600,0.033272635,-0.230246648,-0.070271812,0.539892495,-8.752004623,1.507149935
150348895487,0.037265353,-0.233706996,-0.073998347,0.600944638,-8.870517731,1.484405041
150350156400,0.042855155,-0.243555695,-0.065214366,0.578199744,-8.890868187,1.521515250
150351417287,0.050574407,-0.251541138,-0.059890747,0.605733037,-8.947132111,1.562216640
150352678187,0.057761297,-0.256066203,-0.062020194,0.669179380,-9.004592896,1.574187636
150353939075,0.055099487,-0.265382558,-0.061487831,0.650025785,-9.002198219,1.550245643
150355200000,0.057761297,-0.276029795,-0.056430392,0.653617084,-9.071630478,1.575384736
150356460875,0.060423110,-0.284547597,-0.054034762,0.691924274,-9.087192535,1.565807939
150357721762,0.065746732,-0.288274139,-0.051905312,0.696712673,-9.141061783,1.612494826
150358982675,0.069739446,-0.293863922,-0.043919880,0.715866327,-9.159018517,1.651999235
150360243587,0.072135076,-0.300784647,-0.041790433,0.711077929,-9.180566788,1.611297727
150361504462,0.072135076,-0.309036255,-0.037531536,0.720654726,-9.185355186,1.672349930
150362765375,0.071868896,-0.320215851,-0.034869723,0.715866327,-9.172186852,1.661576033
150364026262,0.077458702,-0.314626068,-0.027682833,0.681150377,-9.196128845,1.625662923
150365287162,0.076127790,-0.323143840,-0.023157755,0.652419984,-9.162610054,1.663970232
150366548075,0.072135076,-0.330064565,-0.022359211,0.694318473,-9.123106003,1.632845521
150367808962,0.078523420,-0.338316172,-0.019165039,0.669179380,-9.076418877,1.630451322
150369069862,0.077991061,-0.341244161,-0.016237047,0.705092430,-9.036914825,1.668758631
150370330762,0.076127790,-0.348697245,-0.015172322,0.652419984,-9.009381294,1.693897724
150371591662,0.077991061,-0.354819387,-0.012776692,0.586579442,-8.931569099,1.618480325
150372852575,0.077724881,-0.352157593,-0.009848701,0.592564940,-8.876502991,1.667561531
150374113462,0.075329252,-0.357481211,-0.010647244,0.565031588,-8.790311813,1.668758631
150375374362,0.076926336,-0.359078288,-0.007186890,0.476446152,-8.747216225,1.673547029
150376635275,0.077192515,-0.364934266,-0.007985433,0.480037451,-8.643068314,1.671152830
150377896162,0.077991061,-0.365200460,-0.008783977,0.410605609,-8.590395927,1.684320927
150379157062,0.078789607,-0.365732819,-0.012244331,0.353144765,-8.525752068,1.666364431
150380417950,0.077724881,-0.374250621,-0.010647244,0.257376671,-8.459911346,1.631648421
150381678862,0.078257240,-0.367862284,-0.012510511,0.225054964,-8.397662163,1.552639842
150382939737,0.076127790,-0.367862284,-0.016503228,0.244208574,-8.377311707,1.543063045
150384200662,0.078523420,-0.366531372,-0.021028306,0.160411522,-8.292317390,1.611297727
150385461550,0.081983775,-0.366797537,-0.025287203,0.107739076,-8.225279808,1.558625340
150386722450,0.079854332,-0.364934266,-0.026884291,0.056263741,-8.197746277,1.521515250
150387983350,0.081185237,-0.365999013,-0.034603544,0.017956512,-8.167819023,1.540668845
150389244250,0.085976496,-0.362006277,-0.037797716,0.013168110,-8.121131897,1.508347034
150390505137,0.081185237,-0.360675395,-0.039660983,-0.031124622,-8.095993042,1.492784739
150391766050,0.082249962,-0.360941559,-0.048444960,-0.013168110,-8.022970200,1.468842745
150393026962,0.092364840,-0.358279765,-0.050574407,-0.065840550,-7.952341080,1.482010841
150394287837,0.096623734,-0.352689952,-0.056696571,-0.111330383,-7.902062893,1.507149935
150395548725,0.096091375,-0.348697245,-0.062818736,-0.092176765,-7.912836552,1.461660147
150396809637,0.099285550,-0.344172150,-0.069207087,-0.113724582,-7.905653954,1.489193439
150398070537,0.110997513,-0.346301615,-0.075063072,-0.092176765,-7.887697697,1.446097851
150399331437,0.113393143,-0.342575073,-0.079588145,-0.101753570,-7.933187485,1.497573137
150400592325,0.115788773,-0.343107432,-0.083580866,-0.134075299,-7.942764282,1.519120932
150401853225,0.118982948,-0.337251455,-0.088372126,-0.104147777,-7.912836552,1.520318151
150403114137,0.128831655,-0.330596924,-0.096357554,-0.174776718,-7.942764282,1.532289147
150404375012,0.128299281,-0.325273305,-0.098487005,-0.162805721,-7.971494675,1.517923832
150405635912,0.130162552,-0.323410034,-0.104609169,-0.210689753,-7.979874134,1.551442742
150406896825,0.139745072,-0.323410034,-0.111796059,-0.222660765,-8.018181801,1.551442742
150408157725,0.140011251,-0.319417328,-0.112062238,-0.179565132,-8.086416245,1.571793437
150409418625,0.143205434,-0.314359874,-0.117652044,-0.208295554,-8.159439087,1.599326730
150410679525,0.148529053,-0.303978801,-0.123241849,-0.235828876,-8.171410561,1.564610839
150411940412,0.148262873,-0.300518453,-0.127766922,-0.227449164,-8.252813339,1.526303649
150413201325,0.151723221,-0.296259552,-0.133889094,-0.240617275,-8.304288864,1.568202138
150414462212,0.154118851,-0.288540304,-0.141075984,-0.258573800,-8.336610794,1.584961534
150415723112,0.158111572,-0.289072663,-0.136550903,-0.275333196,-8.420407295,1.617283225
150416984012,0.158111572,-0.284281403,-0.139212713,-0.238223076,-8.477868080,1.622071624
150418244925,0.161039561,-0.278425425,-0.146399602,-0.325611442,-8.562862396,1.626860023
150419505812,0.157845393,-0.271770895,-0.147730514,-0.320823044,-8.586804390,1.643619537
150420766712,0.156780660,-0.267511994,-0.148795232,-0.299275219,-8.669404030,1.593341231
150422027612,0.155982122,-0.262986928,-0.154917404,-0.305260718,-8.676587105,1.647210836
150423288512,0.155183583,-0.255800039,-0.150392324,-0.310049117,-8.765172958,1.696291924
150424549412,0.154385030,-0.248613149,-0.155715942,-0.371101260,-8.833407402,1.661576033
150425810312,0.152521774,-0.244620427,-0.152521774,-0.351947665,-8.858546257,1.668758631
150427071200,0.149061412,-0.239562988,-0.155449763,-0.384269387,-8.858546257,1.701080322
150428332125,0.150658503,-0.227052480,-0.155715942,-0.320823044,-8.939949036,1.752555609
150429593000,0.149061412,-0.221728846,-0.151723221,-0.344765037,-8.927978516,1.735796213
150430853900,0.141608343,-0.215872869,-0.158910111,-0.387860686,-8.951920509,1.689109325
150432114812,0.143471614,-0.210815430,-0.157313034,-0.381875187,-8.966285706,1.726219416
150433375712,0.143471614,-0.205491811,-0.157313034,-0.351947665,-8.972270966,1.665167332
150434636600,0.134687632,-0.197506368,-0.157046840,-0.322020143,-8.967482567,1.729810715
150435897487,0.136284724,-0.188722402,-0.157845393,-0.344765037,-8.968679428,1.768118024
150437158387,0.136284724,-0.186060578,-0.156514481,-0.377086759,-8.975862503,1.771709323
150438419312,0.134687632,-0.182067871,-0.154917404,-0.333991140,-8.985439301,1.746570110
150439680187,0.131759644,-0.168492630,-0.158111572,-0.347159237,-8.949525833,1.714248419
150440941087,0.128033102,-0.160507202,-0.158643931,-0.338779539,-8.955511093,1.716642618
150442202000,0.127766922,-0.160507202,-0.156780660,-0.356736064,-8.937555313,1.714248419
150443462887,0.126968384,-0.157579213,-0.157046840,-0.305260718,-8.896853447,1.758541107
150444723800,0.121644758,-0.145867243,-0.159442469,-0.295683920,-8.919598579,1.759738207
150445984687,0.118716769,-0.134953812,-0.160507202,-0.295683920,-8.960299492,1.704671621
150447245587,0.121378578,-0.132292002,-0.156248301,-0.313640416,-8.894459724,1.747767210
150448506487,0.120047674,-0.125371292,-0.154917404,-0.343567938,-8.917203903,1.678335428
150449767387,0.120313853,-0.120580032,-0.159442469,-0.258573800,-8.895656586,1.693897724
150451028287,0.121378578,-0.114191689,-0.167960271,-0.272938997,-8.904036522,1.711854219
150452289175,0.114724055,-0.111263700,-0.166097000,-0.271741897,-8.910021782,1.667561531
150453550075,0.116587318,-0.103012085,-0.162104294,-0.239420176,-8.878896713,1.685518026
150454810975,0.116054960,-0.100616455,-0.161838099,-0.167594120,-8.896853447,1.662773132
150456071875,0.109400429,-0.102479719,-0.166895539,-0.167594120,-8.889671326,1.663970232
150457332775,0.112328425,-0.093695745,-0.165564641,-0.144849211,-8.908824921,1.636436820
150458593675,0.111796059,-0.085976496,-0.164766103,-0.146046311,-8.900444984,1.625662923
150459854575,0.109134249,-0.083847046,-0.161039561,-0.167594120,-8.905233383,1.622071624
150461115462,0.104342990,-0.081185237,-0.165032282,-0.146046311,-8.906430244,1.651999235
150462376375,0.104076810,-0.082516141,-0.163701370,-0.117315881,-8.901641846,1.666364431
150463637262,0.100350276,-0.079321966,-0.168758810,-0.110133275,-8.912415504,1.683123827
150464898175,0.102479719,-0.070537992,-0.165032282,-0.092176765,-8.896853447,1.741781712
150466159062,0.097422279,-0.069739446,-0.159708664,-0.067037649,-8.936357498,1.684320927
150467419975,0.096889921,-0.067343816,-0.163967550,-0.108936176,-8.907627106,1.705868721
150468680875,0.095559016,-0.065746732,-0.158643931,-0.075417355,-8.933963776,1.695094824
150469941775,0.093695745,-0.061754014,-0.162902832,0.000000000,-8.936357498,1.669955730
150471202662,0.082782321,-0.062020194,-0.164499924,-0.029927522,-8.961497307,1.673547029
150472463562,0.086775035,-0.060423110,-0.158910111,-0.013168110,-8.930372238,1.725022316
150473724450,0.087041214,-0.058027480,-0.158377752,-0.001197101,-8.972270966,1.739387512
150474985362,0.083580866,-0.054567125,-0.155982122,-0.043095630,-8.992621422,1.715445518
150476246262,0.079321966,-0.055099487,-0.152521774,0.020350715,-8.989029884,1.697489023
150477507150,0.076926336,-0.047114052,-0.149593771,0.014365210,-8.955511093,1.728613615
150478768062,0.073199801,-0.047114052,-0.150924683,0.031124622,-9.004592896,1.727416515
150480028962,0.066545270,-0.047114052,-0.151723221,-0.015562311,-8.983044624,1.704671621
150481289850,0.064948186,-0.046847872,-0.149593771,0.083797060,-9.033323288,1.708262920
150482550750,0.061487831,-0.047380235,-0.144536331,0.004788403,-9.039308548,1.710657120
150483811662,0.063351102,-0.043387517,-0.144003972,0.043095630,-9.063250542,1.731007814
150485072550,0.055631850,-0.043387517,-0.141075984,0.021547815,-9.018958092,1.704671621
150486333450,0.050042044,-0.042322792,-0.143737793,0.037110128,-9.050082207,1.663970232
150487594350,0.048178777,-0.041258071,-0.144003972,0.061052144,-9.048885345,1.653196335
150488855250,0.041790433,-0.042855155,-0.137083262,0.035913024,-9.045293808,1.675941229
150490116137,0.032740276,-0.040459525,-0.138414174,0.045489833,-9.054870605,1.703474522
150491377037,0.032207914,-0.040459525,-0.138414174,0.080205761,-9.063250542,1.665167332
150492637925,0.028747559,-0.043121338,-0.140011251,0.095768072,-9.046491623,1.691503525
150493898837,0.025021022,-0.039927166,-0.137615621,0.089782566,-9.074024200,1.661576033
150495159750,0.022093032,-0.039128620,-0.132558182,0.110133275,-9.095572472,1.629254222
150496420637,0.018366495,-0.041790433,-0.131759644,0.100556470,-9.076418877,1.638831019
150497681525,0.014639961,-0.039927166,-0.131759644,0.149637610,-9.039308548,1.685518026
150498942450,0.011179605,-0.049775865,-0.126702204,0.126892686,-9.045293808,1.649605036
150500203350,0.005323622,-0.041790433,-0.124306574,0.146046311,-9.107542992,1.644816637
150501464237,-0.003194173,-0.043121338,-0.123508029,0.124498487,-9.096769333,1.596932530
150502725137,-0.003992716,-0.040991887,-0.117918223,0.189141929,-9.082404137,1.628057122
150503986037,-0.007186890,-0.044718422,-0.119781494,0.175973833,-9.075222015,1.623268723
150505246925,-0.011711968,-0.047380235,-0.118450589,0.205901355,-9.133879662,1.656787634
150506507850,-0.019963583,-0.051372953,-0.124040388,0.137666598,-9.083600998,1.659181833
150507768725,-0.021294488,-0.048178777,-0.119515315,0.196324542,-9.125499725,1.681926727
150509029637,-0.029013740,-0.042855155,-0.117119685,0.143652096,-9.118317604,1.601720929
150510290537,-0.028215196,-0.052703857,-0.109932795,0.160411522,-9.135076523,1.649605036
150511551437,-0.030078463,-0.054034762,-0.106738620,0.136469498,-9.157821655,1.635239720
150512812337,-0.034869723,-0.055099487,-0.105673894,0.110133275,-9.141061783,1.582567334
150514073237,-0.040725708,-0.057228934,-0.108069524,0.142454997,-9.168595314,1.607706428
150515334125,-0.047114052,-0.060955472,-0.103810623,0.198718742,-9.187748909,1.631648421
150516595025,-0.053768583,-0.060689289,-0.102213539,0.143652096,-9.145850182,1.610100627
150517855925,-0.059624564,-0.059092201,-0.102213539,0.134075299,-9.170989990,1.616086125
150519116825,-0.064149641,-0.063617282,-0.097688459,0.181959331,-9.182960510,1.601720929
150520377712,-0.066279091,-0.063351102,-0.100350276,0.155623108,-9.198522568,1.583764434
150521638600,-0.075329252,-0.065480553,-0.097954646,0.125695586,-9.190143585,1.593341231
150522899512,-0.079055786,-0.067876182,-0.092631020,0.107739076,-9.238027573,1.550245643
150524160412,-0.080919050,-0.068408541,-0.091300115,0.096965171,-9.233239174,1.532289147
150525421300,-0.085177951,-0.073465981,-0.084113225,0.126892686,-9.210494041,1.516726732
150526682200,-0.090501569,-0.076660156,-0.085976496,0.123301387,-9.264363289,1.487996340
150527943125,-0.097422279,-0.077458702,-0.085710309,0.077811554,-9.247604370,1.555034041
150529204012,-0.101414993,-0.079055786,-0.077991061,0.112527482,-9.263166428,1.528697848
150530464900,-0.103278264,-0.079321966,-0.076393977,0.123301387,-9.265561104,1.473631144
150531725812,-0.107803345,-0.082782321,-0.076660156,0.113724582,-9.266757965,1.527500749
150532986725,-0.112328425,-0.086242676,-0.072933622,0.100556470,-9.301473618,1.465251446
150534247612,-0.118982948,-0.088904485,-0.072933622,0.093373865,-9.273940086,1.476025343
150535508487,-0.122443303,-0.087573580,-0.069473267,0.124498487,-9.252392769,1.482010841
150536769387,-0.126968384,-0.087839760,-0.064149641,0.093373865,-9.263166428,1.425747156
150538030312,-0.132025823,-0.093163386,-0.059624564,0.098162271,-9.257181168,1.447294950
150539291212,-0.138414174,-0.096091375,-0.054567125,0.106541976,-9.300276756,1.476025343
150540552100,-0.143205434,-0.096889921,-0.057228934,0.135272399,-9.271546364,1.485602140
150541813000,-0.141874522,-0.102213539,-0.055365667,0.117315881,-9.272743225,1.461660147
150543073900,-0.147996694,-0.107004799,-0.048711140,0.155623108,-9.305065155,1.423352957
150544334812,-0.152787954,-0.104609169,-0.048711140,0.138863698,-9.314641953,1.419761658
150545595700,-0.158377752,-0.110997513,-0.046847872,0.112527482,-9.312247276,1.380257249
150546856587,-0.155449763,-0.115522593,-0.038063895,0.142454997,-9.276334763,1.383848548
150548117500,-0.162370473,-0.117652044,-0.033804998,0.154426008,-9.295488358,1.369483352
150549378400,-0.165830821,-0.111263700,-0.035668265,0.105344877,-9.309853554,1.340752959
150550639287,-0.171154439,-0.117652044,-0.035934448,0.128089786,-9.270349503,1.339555860
150551900212,-0.173550069,-0.120580032,-0.025819566,0.142454997,-9.263166428,1.362300754
150553161075,-0.175413340,-0.123241849,-0.019431220,0.107739076,-9.267954826,1.349132657
150554422000,-0.172485352,-0.120580032,-0.022359211,0.122104287,-9.215282440,1.306037068
150555682887,-0.174880981,-0.121910945,-0.016503228,0.112527482,-9.194931984,1.313219666
150556943787,-0.179406062,-0.134155273,-0.011445787,0.090979666,-9.187748909,1.321599364
150558204687,-0.180204600,-0.136817083,-0.007453070,0.092176765,-9.192537308,1.310825467
150559465587,-0.188722402,-0.137615621,-0.006920708,0.155623108,-9.145850182,1.280897975
150560726475,-0.186060578,-0.144003972,-0.006122165,0.144849211,-9.117119789,1.301248670
150561987375,-0.188722402,-0.143737793,-0.001863268,0.081402861,-9.112331390,1.279700875
150563248287,-0.192715108,-0.146399602,0.002927992,0.147243410,-9.093177795,1.240196466
150564509175,-0.188190028,-0.149593771,0.004525078,0.189141929,-9.057265282,1.278503776
150565770087,-0.187391490,-0.154385030,0.007719252,0.150834709,-9.005789757,1.314416766
150567030975,-0.185528219,-0.157046840,0.011711968,0.197521642,-8.984241486,1.243787766
150568291900,-0.189254761,-0.158111572,0.013042874,0.210689753,-8.884882927,1.266532660
150569552775,-0.187657669,-0.159176290,0.011978149,0.148440510,-8.929175377,1.204283476
150570813662,-0.186060578,-0.165830821,0.018100314,0.197521642,-8.870517731,1.227028370
150572074600,-0.185262039,-0.165830821,0.020762125,0.193930343,-8.852560997,1.254561663
150573335487,-0.186592951,-0.171420619,0.023956299,0.241814375,-8.775946617,1.261744261
150574596375,-0.182866409,-0.171420619,0.029013740,0.248996973,-8.722076416,1.179144382
150575857287,-0.184729680,-0.175945699,0.029812282,0.247799873,-8.676587105,1.231816769
150577118175,-0.183931142,-0.175679520,0.029546101,0.197521642,-8.640673637,1.219845772
150578379087,-0.180736959,-0.177276611,0.033272635,0.229843363,-8.631096840,1.213860273
150579639987,-0.178341329,-0.182334051,0.034337360,0.233434662,-8.531738281,1.177947283
150580900875,-0.174082428,-0.186060578,0.039660983,0.240617275,-8.531738281,1.119289279
150582161775,-0.171686798,-0.186060578,0.041790433,0.251391172,-8.476671219,1.181538582
150583422662,-0.169557363,-0.188722402,0.044452243,0.259770900,-8.392873764,1.238999367
150584683587,-0.165298462,-0.189254761,0.047380235,0.239420176,-8.370129585,1.222239971
150585944475,-0.161571920,-0.193779841,0.044718422,0.209492654,-8.313865662,1.143231273
150587205362,-0.160241023,-0.195110738,0.046581693,0.220266551,-8.287528992,1.183932781
150588466262,-0.153586492,-0.200168177,0.050042044,0.191536143,-8.279150009,1.174355984
150589727175,-0.149061412,-0.204693258,0.051106770,0.155623108,-8.215703011,1.167173386
150590988062,-0.145601064,-0.209218338,0.050574407,0.195127442,-8.225279808,1.165976286
150592248975,-0.137881801,-0.210283071,0.051106770,0.174776718,-8.179790497,1.108515382
150593509850,-0.133090541,-0.209750697,0.050574407,0.093373865,-8.204929352,1.122880578
150594770762,-0.131759644,-0.210283071,0.048977323,0.093373865,-8.190564156,1.088164687
150596031675,-0.118982948,-0.216139048,0.049509682,0.137666598,-8.192957878,1.082179189
150597292575,-0.113126963,-0.217203766,0.048977323,0.105344877,-8.186972618,1.098938584
150598553462,-0.106472440,-0.218002319,0.044984605,0.088585466,-8.201337814,1.063025594
150599814375,-0.100350276,-0.223325938,0.047114052,0.043095630,-8.226476669,1.052251697
150601075250,-0.096623734,-0.219333217,0.044186063,0.016759412,-8.234856606,1.090558887
150602336175,-0.088904485,-0.221462667,0.042056613,-0.044292733,-8.294712067,1.106121182
150603597062,-0.083048500,-0.225189209,0.041790433,-0.100556470,-8.350975990,1.066616893
150604857975,-0.074264526,-0.225455388,0.035668265,-0.090979666,-8.408436775,1.096544385
150606118862,-0.069207087,-0.226253927,0.031409368,-0.107739076,-8.440757751,1.101332784
150607379750,-0.059358384,-0.224390656,0.030610826,-0.110133275,-8.447940826,1.078587890
150608640662,-0.056430392,-0.224390656,0.032474093,-0.124498487,-8.547300339,1.143231273
150609901550,-0.054833304,-0.227318659,0.031941731,-0.144849211,-8.585607529,1.115697980
150611162462,-0.049509682,-0.227052480,0.026618110,-0.185550630,-8.611943245,1.104924083
150612423350,-0.047380235,-0.227052480,0.026884291,-0.183156431,-8.647856712,1.114500880
150613684250,-0.048178777,-0.225189209,0.025021022,-0.190339044,-8.688557625,1.140837073
150614945150,-0.036999173,-0.227318659,0.025553385,-0.198718742,-8.749609947,1.151610970
150616206050,-0.036999173,-0.223592117,0.022093032,-0.208295554,-8.786720276,1.170764685
150617466975,-0.034071181,-0.219865590,0.024754841,-0.196324542,-8.841787338,1.152808070
150618727850,-0.032474093,-0.217469960,0.020495944,-0.229843363,-8.847772598,1.213860273
150619988750,-0.035668265,-0.218268499,0.021028306,-0.178368032,-8.863334656,1.183932781
150621249650,-0.034337360,-0.220930308,0.019697402,-0.241814375,-8.875306129,1.198297977
150622510562,-0.035402086,-0.214541957,0.021028306,-0.233434662,-8.901641846,1.163582087
150623771450,-0.032740276,-0.215872869,0.019697402,-0.220266551,-8.933963776,1.187524080
150625032362,-0.030078463,-0.212678701,0.015704684,-0.211886853,-8.941145897,1.170764685
150626293237,-0.029013740,-0.210549250,0.014373779,-0.234631762,-8.966285706,1.193509579
150627554162,-0.031143188,-0.203894719,0.010381063,-0.204704240,-8.978256226,1.187524080
150628815062,-0.028481377,-0.208952159,0.012510511,-0.220266551,-8.868123055,1.217451572
150630075937,-0.026884291,-0.205757990,0.010647244,-0.231040463,-8.936357498,1.192312479
150631336850,-0.025021022,-0.204959437,0.015172322,-0.222660765,-8.918401718,1.119289279
150632597737,-0.026618110,-0.201232910,0.006388346,-0.197521642,-8.881291389,1.109712481
150633858650,-0.025021022,-0.200168177,0.003726535,-0.191536143,-8.863334656,1.112106681
150635119550,-0.026351929,-0.200168177,0.006122165,-0.209492654,-8.809465408,1.128866076
150636380437,-0.023956299,-0.195376918,0.004791260,-0.254982471,-8.813056946,1.094150186
150637641350,-0.026351929,-0.192715108,0.002661811,-0.256179571,-8.821435928,1.090558887
150638902237,-0.023690118,-0.195376918,0.003460354,-0.251391172,-8.780735016,1.133654475
150640163137,-0.020495944,-0.194578379,0.003194173,-0.210689753,-8.750806808,1.060631394
150641424050,-0.018898858,-0.190053299,0.001597087,-0.247799873,-8.695740700,1.040280700
150642684925,-0.017035590,-0.187923849,-0.005855984,-0.239420176,-8.713697433,1.071405292
150643945837,-0.016769409,-0.188456208,-0.006920708,-0.226252064,-8.695740700,1.119289279
150645206737,-0.013575235,-0.189787120,-0.007186890,-0.234631762,-8.667010307,1.064222693
150646467625,-0.011711968,-0.185794398,-0.009050157,-0.263362199,-8.629899979,1.055842996
150647728537,-0.008783977,-0.184463501,-0.009050157,-0.231040463,-8.661025047,1.095347285
150648989437,-0.004258898,-0.184197322,-0.013309055,-0.237025976,-8.627506256,1.015141487
150650250337,-0.007453070,-0.181535512,-0.015970865,-0.241814375,-8.641871452,1.074996591
150651511237,0.000266181,-0.177276611,-0.017301772,-0.243011475,-8.653841972,1.106121182
150652772137,0.004791260,-0.177010432,-0.016237047,-0.237025976,-8.632294655,1.024718285
150654033025,0.005589803,-0.174614802,-0.017301772,-0.226252064,-8.644265175,1.011550188
150655293925,0.007719252,-0.170355901,-0.017301772,-0.264559299,-8.644265175,1.053448796
150656554812,0.012776692,-0.175945699,-0.019963583,-0.148440510,-8.676587105,1.092953086
150657815725,0.016503228,-0.175147161,-0.023423936,-0.171185419,-8.649053574,1.078587890
150659076637,0.021028306,-0.173816249,-0.020762125,-0.173579618,-8.717288017,1.048660398
150660337525,0.021028306,-0.173283890,-0.020229762,-0.244208574,-8.714894295,1.109712481
150661598425,0.025021022,-0.174082428,-0.021826850,-0.166397020,-8.671798706,1.112106681
150662859337,0.027949015,-0.172219172,-0.019697402,-0.158017308,-8.728062630,1.126471877
150664120237,0.037531536,-0.168758810,-0.021560669,-0.155623108,-8.787917137,1.133654475
150665381137,0.036999173,-0.169024989,-0.021826850,-0.118512988,-8.801085472,1.140837073
150666642012,0.038862441,-0.171686798,-0.018366495,-0.178368032,-8.847772598,1.124077678
150667902925,0.039128620,-0.170622081,-0.015970865,-0.153228909,-8.823830605,1.085770488
150669163825,0.041790433,-0.168758810,-0.019431220,-0.111330383,-8.901641846,1.097741485
150670424737,0.046581693,-0.165564641,-0.021826850,-0.171185419,-8.875306129,1.058237195
150671685625,0.051372953,-0.167427912,-0.017301772,-0.140060797,-8.883685112,1.140837073
150672946525,0.050308228,-0.163701370,-0.017035590,-0.166397020,-8.902838707,1.170764685
150674207425,0.051372953,-0.165564641,-0.013575235,-0.196324542,-8.923190117,1.149216771
150675468312,0.054300942,-0.162902832,-0.010647244,-0.165199921,-8.981847763,1.148019671
150676729225,0.056430392,-0.165032282,-0.010647244,-0.181959331,-9.011775017,1.115697980
150677990125,0.059092201,-0.163435191,-0.011445787,-0.185550630,-8.999804497,1.108515382
150679251012,0.064415827,-0.159442469,-0.011978149,-0.184353530,-9.069235802,1.113303781
150680511912,0.065480553,-0.158111572,-0.011179605,-0.178368032,-9.082404137,1.137245774
150681772800,0.061221652,-0.158643931,-0.005855984,-0.183156431,-9.082404137,1.098938584
150683033712,0.069739446,-0.160507202,-0.002395630,-0.128089786,-9.117119789,1.133654475
150684294612,0.073199801,-0.157313034,-0.003460354,-0.192733243,-9.141061783,1.151610970
150685555512,0.075329252,-0.158643931,0.000000000,-0.207098454,-9.157821655,1.157596588
150686816425,0.073199801,-0.154917404,-0.003194173,-0.173579618,-9.194931984,1.133654475
150688077325,0.073732160,-0.155982122,-0.006920708,-0.226252064,-9.282320023,1.115697980
150689338225,0.079055786,-0.154917404,0.002927992,-0.184353530,-9.306262016,1.145625472
150690599100,0.077991061,-0.153320312,0.003460354,-0.207098454,-9.302670479,1.150413871
150691860012,0.082249962,-0.158377752,0.003992716,-0.231040463,-9.363722801,1.122880578
150693120912,0.080386691,-0.156248301,0.003460354,-0.209492654,-9.406818390,1.158793688
150694381812,0.082782321,-0.151989400,0.008251614,-0.193930343,-9.473855972,1.126471877
150695642712,0.085710309,-0.148262873,0.012776692,-0.208295554,-9.458293915,1.157596588
150696903612,0.084379405,-0.145068690,0.009848701,-0.203507140,-9.570821762,1.156399488
150698164512,0.083847046,-0.147996694,0.012776692,-0.181959331,-9.637859344,1.168370485
150699425412,0.082782321,-0.148262873,0.013841417,-0.220266551,-9.679757118,1.148019671
150700686312,0.091566294,-0.141075984,0.017035590,-0.199915841,-9.660603523,1.157596588
150701947212,0.087041214,-0.142673060,0.017834133,-0.202310041,-9.756372452,1.130063176
150703208100,0.090767756,-0.144802511,0.018898858,-0.225054964,-9.829395294,1.168370485
150704469025,0.095559016,-0.140543625,0.022891574,-0.262165099,-9.892841339,1.193509579
150705729912,0.092897199,-0.141874522,0.023690118,-0.221463665,-9.894038200,1.222239971
150706990787,0.087573580,-0.143471614,0.025553385,-0.226252064,-9.919178009,1.192312479
150708251712,0.088372126,-0.136284724,0.026884291,-0.208295554,-9.932345390,1.164779186
150709512600,0.089969210,-0.136018544,0.024754841,-0.213083953,-10.018537521,1.228225470
150710773525,0.084911771,-0.135486171,0.030344645,-0.229843363,-10.019734383,1.200692177
150712034412,0.086775035,-0.129097834,0.031675551,-0.215478152,-10.087968826,1.169567585
150713295300,0.084113225,-0.128565475,0.032474093,-0.209492654,-10.123882294,1.241393566
150714556187,0.085710309,-0.133090541,0.035668265,-0.187944829,-10.147824287,1.191115379
150715817112,0.084113225,-0.126702204,0.036200628,-0.226252064,-10.160991669,1.221042871
150717078012,0.084911771,-0.125105113,0.035402086,-0.183156431,-10.198101997,1.216254473
150718338912,0.086775035,-0.127500743,0.035934448,-0.180762231,-10.183736801,1.186326981
150719599800,0.083847046,-0.124306574,0.038596258,-0.168791220,-10.238803864,1.192312479
150720860700,0.079854332,-0.123508029,0.042056613,-0.219069451,-10.219650269,1.235408068
150722121600,0.076127790,-0.122975662,0.034071181,-0.154426008,-10.186131477,1.279700875
150723382500,0.078523420,-0.122443303,0.045783147,-0.186747730,-10.260351181,1.170764685
150724643400,0.073732160,-0.121378578,0.045516968,-0.159214407,-10.286687851,1.181538582
150725904300,0.074796885,-0.121112399,0.050308228,-0.090979666,-10.289081573,1.185129881
150727165200,0.070005625,-0.121378578,0.050308228,-0.138863698,-10.275914192,1.217451572
150728426087,0.065214366,-0.120313853,0.049509682,-0.112527482,-10.323798180,1.230619669
150729687000,0.067343816,-0.116587318,0.052703857,-0.110133275,-10.322600365,1.199495077
150730947900,0.066279091,-0.117652044,0.056696571,-0.131681100,-10.348937035,1.195903778
150732208787,0.063351102,-0.112594604,0.054833304,-0.107739076,-10.334571838,1.249773264
150733469687,0.062020194,-0.113659330,0.059624564,-0.124498487,-10.375272751,1.165976286
150734730587,0.062818736,-0.119515315,0.064682007,-0.088585466,-10.371682167,1.217451572
150735991487,0.059890747,-0.119249128,0.061487831,-0.052672438,-10.346542358,1.204283476
150737252400,0.060689289,-0.115522593,0.061221652,-0.058657940,-10.377667427,1.204283476
150738513287,0.058559842,-0.120313853,0.067876182,-0.033518825,-10.354922295,1.229422569
150739774187,0.056962755,-0.117918223,0.064682007,-0.035913024,-10.398017883,1.198297977
150741035075,0.055631850,-0.115522593,0.072401255,-0.013168110,-10.415974617,1.211466074
150742295975,0.052970037,-0.117918223,0.073199801,0.027533319,-10.382455826,1.201889277
150743556887,0.052437674,-0.116321139,0.072933622,-0.016759412,-10.418368340,1.157596588
150744817800,0.055631850,-0.121378578,0.073998347,0.053869538,-10.405200958,1.176750183
150746078700,0.048444960,-0.118982948,0.073998347,0.035913024,-10.443508148,1.183932781
150747339587,0.048711140,-0.119781494,0.075063072,0.041898530,-10.471041679,1.167173386
150748600487,0.052703857,-0.120846219,0.080652870,0.089782566,-10.469843864,1.180341482
150749861387,0.053236220,-0.126968384,0.084645584,0.125695586,-10.503362656,1.182735682
150751122287,0.054833304,-0.126968384,0.088105939,0.053869538,-10.534487724,1.181538582
150752383187,0.053236220,-0.122975662,0.092631020,0.122104287,-10.527304649,1.248576164
150753644087,0.053502399,-0.130428731,0.092897199,0.173579618,-10.602722168,1.176750183
150754904975,0.056962755,-0.132025823,0.094228104,0.219069451,-10.633847237,1.161187887
150756165875,0.056696571,-0.130961105,0.092631020,0.174776718,-10.644620895,1.158793688
150757426775,0.053236220,-0.140011251,0.096623734,0.219069451,-10.692504883,1.171961784
150758687675,0.054567125,-0.138680354,0.099551730,0.260968000,-10.704476357,1.216254473
150759948575,0.058559842,-0.139478892,0.106472440,0.231040463,-10.817003250,1.162384987
150761209487,0.061754014,-0.136550903,0.108335704,0.241814375,-10.850522041,1.140837073
150762470362,0.063084923,-0.144536331,0.108335704,0.281318694,-10.885237694,1.126471877
150763731275,0.066811457,-0.151457042,0.113659330,0.286107093,-10.985795021,1.171961784
150764992175,0.064415827,-0.148795232,0.118716769,0.296881020,-11.018115997,1.179144382
150766253075,0.066545270,-0.153852671,0.121910945,0.283712894,-11.071986198,1.215057373
150767513975,0.066545270,-0.152787954,0.126436025,0.277727395,-11.124658585,1.201889277
150768774875,0.060156927,-0.156780660,0.131759644,0.302866518,-11.161767960,1.177947283
150770035775,0.062286377,-0.164499924,0.139478892,0.317231715,-11.230003357,1.162384987
150771296662,0.059624564,-0.165564641,0.145867243,0.318428814,-11.194089890,1.187524080
150772557562,0.056962755,-0.168758810,0.146399602,0.324414343,-11.300632477,1.217451572
150773818462,0.050308228,-0.169024989,0.155982122,0.383072287,-11.295844078,1.225831270
150775079387,0.046315510,-0.175413340,0.161039561,0.374692559,-11.285069466,1.234210968
150776340287,0.049775865,-0.179139882,0.163169011,0.390254885,-11.305420876,1.231816769
150777601175,0.046315510,-0.181003138,0.162370473,0.407014281,-11.304223061,1.289277673
150778862062,0.042588975,-0.183664948,0.169024989,0.427365005,-11.322179794,1.286883473
150780122975,0.036466811,-0.186859131,0.175413340,0.480037451,-11.258733749,1.302445769
150781383875,0.035668265,-0.188988581,0.179672241,0.458489627,-11.261127472,1.351526856
150782644750,0.035402086,-0.193247467,0.189787120,0.441730231,-11.224018097,1.328781962
150783905662,0.030610826,-0.195643097,0.190851837,0.509964943,-11.204864502,1.358709455
150785166575,0.034071181,-0.201232910,0.190319479,0.477643251,-11.141417503,1.335964561
150786427462,0.033272635,-0.202297628,0.194844559,0.439336002,-11.148600578,1.386242747
150787688350,0.028215196,-0.200966731,0.197772548,0.462080926,-11.097125053,1.340752959
150788949262,0.023423936,-0.206024170,0.203096181,0.520738900,-11.070788383,1.326387763
150790210162,0.024754841,-0.210815430,0.203096181,0.472854853,-11.062409401,1.347935557
150791471062,0.021028306,-0.215074331,0.202829987,0.512359142,-11.054029465,1.322796464
150792731975,0.016237047,-0.212944880,0.203096181,0.446518630,-10.978611946,1.356315255
150793992875,0.019165039,-0.220131770,0.205757990,0.496796846,-10.979808807,1.368286252
150795253775,0.018632676,-0.223325938,0.207621247,0.482431650,-10.952276230,1.322796464
150796514675,0.020495944,-0.225455388,0.202031448,0.545877993,-10.884040833,1.340752959
150797775575,0.022625392,-0.229714289,0.204959437,0.505176544,-10.912771225,1.284489274
150799036450,0.021028306,-0.235304087,0.202563807,0.489614248,-10.879252434,1.302445769
150800297362,0.025021022,-0.236102626,0.202829987,0.462080926,-10.861295700,1.295263171
150801558275,0.023423936,-0.237699717,0.200168177,0.506373644,-10.906785965,1.267729759
150802819175,0.026618110,-0.245951325,0.202297628,0.502782345,-10.892420769,1.258152962
150804080062,0.028747559,-0.247548416,0.200434357,0.497993946,-10.916362762,1.258152962
150805340950,0.027416652,-0.251008779,0.198837280,0.527921498,-10.911574364,1.252167463
150806601862,0.028481377,-0.261123657,0.197240189,0.561440289,-10.948684692,1.294066072
150807862750,0.027949015,-0.261123657,0.201499090,0.562637389,-10.923544884,1.323993564
150809123662,0.031409368,-0.265914917,0.200700551,0.560243189,-10.952276230,1.338358760
150810384562,0.037531536,-0.267778188,0.201232910,0.598550439,-10.953473091,1.319205165
150811645450,0.036999173,-0.272303253,0.203628540,0.610521436,-11.018115997,1.363497853
150812906350,0.037531536,-0.276828349,0.204427078,0.591367841,-10.977415085,1.344344258
150814167262,0.032474093,-0.284281403,0.211880147,0.593762040,-10.933121681,1.333570361
150815428150,0.035668265,-0.286943227,0.211347789,0.638054729,-10.990583420,1.410184860
150816689062,0.038330078,-0.290935934,0.214808136,0.604535937,-10.922348022,1.387439847
150817949962,0.035135906,-0.298655182,0.220930308,0.600944638,-10.959458351,1.431732655
150819210837,0.034071181,-0.302647918,0.221995026,0.609324336,-10.979808807,1.435323954
150820471762,0.034071181,-0.303712636,0.215606689,0.630872130,-10.951078415,1.405396461
150821732637,0.033272635,-0.304244995,0.220930308,0.641646087,-10.915165901,1.371877551
150822993575,0.031941731,-0.310633332,0.226520106,0.602141738,-10.894814491,1.449689150
150824254450,0.033804998,-0.315158427,0.228649557,0.598550439,-10.933121681,1.398213744
150825515375,0.035402086,-0.316489309,0.229448110,0.622492433,-10.936713219,1.382651448
150826776250,0.034071181,-0.326071829,0.233706996,0.560243189,-10.965443611,1.364694953
150828037150,0.036732990,-0.336985260,0.233440816,0.569819987,-10.973823547,1.374271750
150829298050,0.037797716,-0.335121989,0.233440816,0.574608386,-11.032481194,1.370680451
150830558962,0.038330078,-0.338316172,0.237433538,0.573411286,-11.012130737,1.327584863
150831819862,0.046847872,-0.344438344,0.237699717,0.541089594,-11.038467407,1.377863050
150833080750,0.043121338,-0.347898692,0.237167358,0.500388145,-11.104307175,1.358709455
150834341662,0.040725708,-0.353754669,0.235836446,0.505176544,-11.109095573,1.309628367
150835602550,0.055631850,-0.357481211,0.240627706,0.482431650,-11.208455086,1.282095075
150836863450,0.055631850,-0.365466654,0.244354248,0.439336002,-11.310209274,1.282095075
150838124350,0.060156927,-0.365200460,0.249944046,0.365115762,-11.401188850,1.283292174
150839385250,0.063351102,-0.369193166,0.255267680,0.396240383,-11.473014832,1.212663174
150840646137,0.059890747,-0.375049174,0.249944046,0.393846184,-11.579556465,1.201889277
150841907050,0.059890747,-0.379041880,0.256864756,0.405817181,-11.647790909,1.200692177
150843167950,0.063351102,-0.384099305,0.261389822,0.386663586,-11.686099052,1.219845772
150844428850,0.066012911,-0.386494935,0.267245829,0.323217243,-11.774683952,1.235408068
150845689762,0.065746732,-0.387027323,0.272835612,0.306457818,-11.824962616,1.250970364
150846950637,0.058559842,-0.391020030,0.272835612,0.258573800,-11.943475723,1.252167463
150848211537,0.063617282,-0.389156759,0.281619608,0.263362199,-11.936292648,1.255758762
150849472437,0.055099487,-0.396077454,0.287209392,0.256179571,-11.982979774,1.296460271
150850733337,0.047380235,-0.402465820,0.293597758,0.287304193,-11.981782913,1.315613866
150851994237,0.045783147,-0.400070190,0.301849365,0.287304193,-12.032060623,1.365892053
150853255150,0.046049330,-0.400336355,0.310899526,0.275333196,-11.971008301,1.382651448
150854516050,0.034071181,-0.402998179,0.320748210,0.330399841,-11.939884186,1.368286252
150855776950,0.027416652,-0.405659974,0.331661642,0.305260718,-11.897985458,1.410184860
150857037837,0.020495944,-0.402465820,0.338582337,0.323217243,-11.836933136,1.389834046
150858298737,0.007453070,-0.405127615,0.352423757,0.323217243,-11.708843231,1.365892053
150859559637,-0.001863268,-0.407789439,0.360409200,0.344765037,-11.607089996,1.350329757
150860820537,-0.004258898,-0.412846863,0.362804830,0.350750566,-11.477803230,1.322796464
150862081450,-0.009582520,-0.412048340,0.374782979,0.332794040,-11.331756592,1.310825467
150863342350,-0.019165039,-0.410983622,0.383034587,0.344765037,-11.213243484,1.217451572
150864603237,-0.028481377,-0.406724721,0.389689118,0.331596941,-11.107898712,1.227028370
150865864150,-0.034071181,-0.410185069,0.395811290,0.363918662,-10.975020409,1.181538582
150867125037,-0.042322792,-0.414177775,0.397674561,0.336385339,-10.831368446,1.106121182
150868385937,-0.041790433,-0.413911611,0.409120351,0.329202741,-10.767922401,1.108515382
150869646850,-0.043919880,-0.410717428,0.412048340,0.305260718,-10.644620895,1.073799491
150870907737,-0.044186063,-0.416839600,0.414443970,0.269347697,-10.587160110,0.975637197
150872168650,-0.044452243,-0.414710134,0.416573405,0.248996973,-10.514137268,0.999579191
150873429537,-0.049509682,-0.414976329,0.421630859,0.245405674,-10.462661743,0.872686505
150874690425,-0.050308228,-0.416041046,0.424026489,0.221463665,-10.454281807,0.865503907
150875951325,-0.045783147,-0.421630859,0.424558848,0.208295554,-10.398017883,0.855927110
150877212237,-0.040725708,-0.420832306,0.425623566,0.161608621,-10.420763016,0.770932972
150878473150,-0.038862441,-0.416573405,0.425357401,0.089782566,-10.395624161,0.800860465
150879734050,-0.034603544,-0.422429383,0.432278097,0.119710088,-10.438719749,0.776918471
150880994937,-0.031675551,-0.423227936,0.430681020,0.123301387,-10.445901871,0.742202520
150882255837,-0.029013740,-0.422961771,0.433076650,0.058657940,-10.530896187,0.724246025
150883516737,-0.034071181,-0.420299947,0.431479543,0.019153614,-10.557232857,0.754173517
150884777637,-0.029812282,-0.418702871,0.429083914,0.043095630,-10.619482040,0.763750374
150886038550,-0.026884291,-0.417638123,0.428019196,-0.011971009,-10.645817757,0.800860465
150887299425,-0.026618110,-0.421897024,0.428285390,0.021547815,-10.668562889,0.780509770
150888560350,-0.025021022,-0.421098500,0.432011902,-0.001197101,-10.729615211,0.812831461
150889821225,-0.023157755,-0.416307241,0.429882467,-0.029927522,-10.771513939,0.869095206
150891082150,-0.028481377,-0.413113058,0.429083914,0.008379706,-10.811017990,0.828393817
150892343037,-0.033804998,-0.412048340,0.431479543,-0.003591303,-10.814609528,0.881066203
150893603937,-0.031143188,-0.414177775,0.435206085,-0.015562311,-10.824186325,0.901416957
150894864825,-0.031675551,-0.408854157,0.433875173,-0.047884036,-10.858901978,0.928950250
150896125737,-0.033804998,-0.408055604,0.429882467,-0.009576807,-10.863690376,0.948103905
150897386637,-0.034603544,-0.402998179,0.432278097,0.023942018,-10.910377502,0.932541549
150898647537,-0.039660983,-0.396609843,0.434141368,0.055066638,-10.866084099,0.988805294
150899908425,-0.038862441,-0.392883301,0.433875173,-0.007182605,-10.886435509,1.024718285
150901169337,-0.039927166,-0.388358206,0.430414826,0.016759412,-10.876858711,0.937329948
150902430237,-0.037265353,-0.382502228,0.427753031,0.046686932,-10.890026093,0.972045898
150903691125,-0.040459525,-0.385430217,0.428551555,0.100556470,-10.817003250,0.979228497
150904952037,-0.048977323,-0.380905151,0.429350108,0.101753570,-10.830171585,0.951695204
150906212925,-0.043653701,-0.374782979,0.429882467,0.110133275,-10.795455933,0.964863300
150907473825,-0.043121338,-0.372653544,0.427753031,0.081402861,-10.776302338,1.001973391
150908734737,-0.046581693,-0.371322632,0.424026489,0.074220255,-10.771513939,0.949301004
150909995625,-0.042588975,-0.372387350,0.426155925,0.067037649,-10.749965668,0.926556051
150911256537,-0.044452243,-0.365466654,0.420566142,0.090979666,-10.760739326,0.869095206
150912517425,-0.044186063,-0.362272471,0.416839600,0.112527482,-10.706870079,0.910993755
150913778337,-0.036999173,-0.358013570,0.412580699,0.026336219,-10.645817757,0.930147350
150915039237,-0.035934448,-0.355085582,0.410185069,0.094570965,-10.608707428,0.926556051
150916300137,-0.035934448,-0.353488505,0.408055604,0.067037649,-10.638635635,0.915782154
150917561012,-0.031675551,-0.353754669,0.406990886,0.038307227,-10.630255699,0.919373453
150918821925,-0.026085747,-0.347366333,0.398739278,0.026336219,-10.614693642,0.948103905
150920082825,-0.028215196,-0.342575073,0.394480377,-0.033518825,-10.584765434,0.966060400
150921343737,-0.023690118,-0.339114726,0.391818583,-0.026336219,-10.538079262,0.920570552
150922604637,-0.014639961,-0.339647084,0.385164052,-0.011971009,-10.535684586,0.939724147
150923865537,-0.013042874,-0.332992554,0.380638957,-0.045489833,-10.504560471,0.946906805
150925126437,-0.005855984,-0.328201294,0.377178609,-0.069431849,-10.508151054,1.010353088
150926387337,-0.002661811,-0.324474752,0.376113892,-0.098162271,-10.456675529,0.956483603
150927648237,0.001330905,-0.318618774,0.372387350,-0.086191259,-10.429142952,0.934935749
150928909137,0.007453070,-0.314359874,0.364934266,-0.099359371,-10.420763016,0.969651699
150930170025,0.006654528,-0.310100973,0.358545929,-0.119710088,-10.414777756,0.969651699
150931430925,0.015172322,-0.306906790,0.354020864,-0.114921682,-10.386047363,0.968454599
150932691825,0.016503228,-0.297590464,0.349761963,-0.119710088,-10.363302231,1.011550188
150933952750,0.014639961,-0.295993388,0.348164856,-0.189141929,-10.333374977,0.968454599
150935213625,0.017834133,-0.292533010,0.344970703,-0.140060797,-10.301053047,0.974440098
150936474525,0.027682833,-0.285346121,0.339647084,-0.169988319,-10.298658371,0.973242998
150937735437,0.032474093,-0.281087250,0.336719096,-0.159214407,-10.307038307,0.942118347
150938996325,0.032474093,-0.274432719,0.335920542,-0.184353530,-10.304644585,0.939724147
150940257212,0.034071181,-0.266979635,0.337251455,-0.142454997,-10.297461510,0.955286503
150941518125,0.044186063,-0.262188375,0.331661642,-0.203507140,-10.260351181,0.915782154
150942779025,0.050840590,-0.258461833,0.323942393,-0.193930343,-10.223241806,0.918176353
150944039937,0.051905312,-0.253404409,0.327668935,-0.216675252,-10.275914192,0.901416957
150945300825,0.051372953,-0.254735321,0.327136576,-0.231040463,-10.235212326,0.888248861
150946561725,0.059358384,-0.246749878,0.323942393,-0.221463665,-10.235212326,0.906205356
150947822625,0.064415827,-0.242490977,0.325273305,-0.234631762,-10.222043991,0.913387954
150949083525,0.067077637,-0.242757156,0.324474752,-0.229843363,-10.236409187,0.896628559
150950344437,0.073732160,-0.234771729,0.324208587,-0.171185419,-10.204087257,0.866701007
150951605325,0.072401255,-0.225189209,0.323942393,-0.237025976,-10.226832390,0.875080705
150952866225,0.075329252,-0.225721568,0.324740946,-0.280121595,-10.222043991,0.878672004
150954127137,0.080652870,-0.219599396,0.325539470,-0.286107093,-10.181343079,0.837970614
150955388037,0.083580866,-0.214541957,0.324208587,-0.232237563,-10.141838074,0.836773515
150956648925,0.087573580,-0.208419800,0.323942393,-0.243011475,-10.127472878,0.822408319
150957909812,0.086775035,-0.207088888,0.329798371,-0.234631762,-10.137049675,0.815225661
150959170737,0.088105939,-0.204693258,0.327136576,-0.271741897,-10.095151901,0.802057564
150960431625,0.093429565,-0.196974009,0.330330729,-0.258573800,-10.059238434,0.817619860
150961692512,0.094228104,-0.196441650,0.335121989,-0.209492654,-10.048464775,0.792480767
150962953412,0.097954646,-0.191118032,0.336452901,-0.231040463,-9.945513725,0.840364814
150964214325,0.099019364,-0.184995860,0.338049978,-0.198718742,-9.933543205,0.788889468
150965475237,0.096091375,-0.177542791,0.342575073,-0.165199921,-9.879673004,0.773327172
150966736112,0.094228104,-0.174614802,0.344970703,-0.201112941,-9.836577415,0.776918471
150967997025,0.100350276,-0.177010432,0.347632498,-0.160411522,-9.797073364,0.810437262
150969257925,0.100350276,-0.174880981,0.352423757,-0.180762231,-9.757569313,0.809240162
150970518825,0.096623734,-0.170089722,0.354819387,-0.191536143,-9.698910713,0.780509770
150971779725,0.099551730,-0.163967550,0.357481211,-0.156820208,-9.652224541,0.791283667
150973040637,0.098487005,-0.160773382,0.352956116,-0.154426008,-9.587580681,0.785298169
150974301537,0.096889921,-0.158643931,0.355351746,-0.158017308,-9.533711433,0.721851826
150975562425,0.097954646,-0.156514481,0.360941559,-0.180762231,-9.506177902,0.735019922
150976823337,0.096357554,-0.151989400,0.358279765,-0.153228909,-9.467870712,0.744596720
150978084225,0.093429565,-0.150658503,0.357481211,-0.174776718,-9.360131264,0.683544576
150979345125,0.097688459,-0.152787954,0.357215017,-0.138863698,-9.325415611,0.632069230
150980606025,0.099551730,-0.151190862,0.357215017,-0.186747730,-9.261969566,0.646434486
150981866925,0.093961924,-0.144003972,0.355351746,-0.202310041,-9.297882080,0.646434486
150983127825,0.099551730,-0.143471614,0.354020864,-0.162805721,-9.271546364,0.653617084
150984388712,0.100882635,-0.140277430,0.353488505,-0.238223076,-9.239224434,0.630872130
150985649625,0.104076810,-0.143471614,0.352157593,-0.189141929,-9.265561104,0.608127236
150986910525,0.103810623,-0.141075984,0.344970703,-0.195127442,-9.284714699,0.593762040
150988171425,0.101947360,-0.142673060,0.347898692,-0.216675252,-9.257181168,0.565031588
150989432325,0.100882635,-0.140543625,0.344438344,-0.282515794,-9.302670479,0.547075093
150990693212,0.105940074,-0.136018544,0.336985260,-0.244208574,-9.264363289,0.543483794
150991954137,0.109134249,-0.138414174,0.331927836,-0.257376671,-9.307458878,0.559046090
150993215025,0.105673894,-0.139212713,0.330330729,-0.262165099,-9.376891136,0.582988143
150994475937,0.107004799,-0.137881801,0.324474752,-0.288501292,-9.405621529,0.532709897
150995736825,0.108335704,-0.137349442,0.321812958,-0.356736064,-9.428366661,0.566228688
150996997725,0.106738620,-0.135219991,0.318086416,-0.355538964,-9.520543098,0.549469292
150998258637,0.109134249,-0.135486171,0.312762797,-0.373495460,-9.531316757,0.575805485
150999519537,0.105940074,-0.133356735,0.305842072,-0.333991140,-9.573215485,0.618901134
151000780425,0.109932795,-0.132292002,0.304777354,-0.318428814,-9.659406662,0.602141738
151002041337,0.108601883,-0.134155273,0.308770061,-0.353144765,-9.688137054,0.591367841
151003302225,0.103544444,-0.136550903,0.302914083,-0.350750566,-9.759963036,0.636857629
151004563137,0.100350276,-0.131759644,0.297856659,-0.356736064,-9.786299706,0.605733037
151005824025,0.101947360,-0.132824361,0.298389018,-0.363918662,-9.867702484,0.650025785
151007084925,0.100616455,-0.133356735,0.292799205,-0.357933164,-9.879673004,0.681150377
151008345812,0.094494291,-0.132824361,0.291202128,-0.397437483,-9.919178009,0.709880829
151009606750,0.094228104,-0.132558182,0.285612315,-0.379480958,-9.968258858,0.714669228
151010867637,0.091033936,-0.127500743,0.285878509,-0.369904160,-9.979032516,0.735019922
151012128537,0.087307401,-0.129630193,0.284547597,-0.324414343,-9.974244118,0.803254664
151013389425,0.081983775,-0.126169845,0.277626872,-0.389057785,-10.026916504,0.825999618
151014650337,0.078257240,-0.122709483,0.273634166,-0.337582439,-10.053253174,0.823605418
151015911237,0.079854332,-0.121644758,0.270439982,-0.359130263,-10.010157585,0.763750374
151017172125,0.071602717,-0.123774208,0.269109100,-0.351947665,-10.072406769,0.785298169
151018433037,0.061754014,-0.122975662,0.260857463,-0.390254885,-10.055646896,0.828393817
151019693925,0.063084923,-0.120047674,0.263785452,-0.414196908,-10.110713959,0.792480767
151020954837,0.058559842,-0.122709483,0.255267680,-0.409408480,-10.074800491,0.785298169
151022215737,0.054567125,-0.115256414,0.250476420,-0.435744703,-10.132261276,0.793677866
151023476612,0.054567125,-0.114457868,0.253404409,-0.390254885,-10.119093895,0.774524271
151024737550,0.052171495,-0.119515315,0.247548416,-0.404620081,-10.134655952,0.763750374
151025998437,0.051106770,-0.121112399,0.239030629,-0.410605609,-10.158597946,0.785298169
151027259325,0.047912598,-0.120047674,0.232376099,-0.454898328,-10.125079155,0.762553275
151028520225,0.041790433,-0.120580032,0.233706996,-0.422576606,-10.114305496,0.729034424
151029781137,0.036999173,-0.115788773,0.223059759,-0.441730231,-10.083180428,0.731428623
151031042037,0.037531536,-0.114990234,0.219865590,-0.415394008,-10.110713959,0.773327172
151032302925,0.034337360,-0.114724055,0.215872869,-0.403422982,-10.139444351,0.767341673
151033563837,0.030610826,-0.115522593,0.213743418,-0.414196908,-10.115502357,0.761356175
151034824737,0.026085747,-0.118184403,0.212146327,-0.423773706,-10.079588890,0.836773515
151036085637,0.022359211,-0.117385864,0.206556529,-0.381875187,-10.062829971,0.794874966
151037346525,0.023956299,-0.118716769,0.200966731,-0.432153404,-10.035296440,0.785298169
151038607425,0.017035590,-0.115522593,0.200168177,-0.414196908,-9.963470459,0.782903969
151039868337,0.014639961,-0.114724055,0.191916570,-0.403422982,-9.955090523,0.817619860
151041129225,0.008251614,-0.120580032,0.191118032,-0.422576606,-9.907206535,0.768538773
151042390125,0.003726535,-0.114990234,0.185528219,-0.399831682,-9.853337288,0.761356175
151043651012,-0.001597087,-0.112860784,0.175147161,-0.379480958,-9.797073364,0.785298169
151044911937,-0.003194173,-0.115256414,0.169823542,-0.365115762,-9.795876503,0.829590917
151046172850,-0.005589803,-0.113659330,0.169024989,-0.357933164,-9.676166534,0.768538773
151047433750,-0.008783977,-0.115256414,0.167694092,-0.363918662,-9.637859344,0.823605418
151048694637,-0.009316338,-0.113659330,0.158111572,-0.367509961,-9.615114212,0.823605418
151049955525,-0.011711968,-0.111529879,0.153054133,-0.347159237,-9.453505516,0.834379315
151051216437,-0.017567953,-0.114191689,0.151723221,-0.336385339,-9.424775124,0.802057564
151052477350,-0.015438504,-0.113659330,0.143471614,-0.278924495,-9.366117477,0.781706870
151053738237,-0.022359211,-0.107803345,0.134687632,-0.335188240,-9.317035675,0.774524271
151054999137,-0.025287203,-0.112594604,0.131759644,-0.331596941,-9.242815971,0.815225661
151056260025,-0.023157755,-0.110997513,0.123508029,-0.306457818,-9.223662376,0.768538773
151057520950,-0.026618110,-0.110465154,0.113659330,-0.310049117,-9.150638580,0.780509770
151058781825,-0.026085747,-0.108601883,0.109932795,-0.299275219,-9.070433617,0.762553275
151060042737,-0.024488661,-0.108335704,0.104609169,-0.310049117,-9.012972832,0.736217022
151061303625,-0.026351929,-0.108868070,0.092631020,-0.337582439,-8.960299492,0.780509770
151062564525,-0.026884291,-0.108601883,0.081983775,-0.349553436,-8.894459724,0.735019922
151063825437,-0.023956299,-0.105673894,0.074530706,-0.310049117,-8.911218643,0.754173517
151065086337,-0.022359211,-0.107004799,0.070537992,-0.299275219,-8.842984200,0.769735873
151066347237,-0.026884291,-0.106738620,0.056164213,-0.362721562,-8.774749756,0.714669228
151067608137,-0.023956299,-0.103278264,0.049509682,-0.324414343,-8.736441612,0.713472128
151068869012,-0.021294488,-0.109400429,0.040991887,-0.316034615,-8.711302757,0.748188019
151070129937,-0.024488661,-0.106472440,0.031675551,-0.329202741,-8.686163902,0.784101069
151071390837,-0.023157755,-0.104609169,0.021560669,-0.320823044,-8.631096840,0.756567717
151072651737,-0.017567953,-0.103544444,0.013575235,-0.289698422,-8.614337921,0.719457626
151073912637,-0.015704684,-0.107537165,0.012244331,-0.289698422,-8.566453934,0.769735873
151075173525,-0.013575235,-0.106738620,-0.001597087,-0.276530296,-8.520963669,0.797269166
151076434437,-0.015172322,-0.099019364,-0.012244331,-0.289698422,-8.517373085,0.828393817
151077695337,-0.010647244,-0.099019364,-0.019431220,-0.252588272,-8.473079681,0.784101069
151078956225,-0.011711968,-0.104076810,-0.023690118,-0.254982471,-8.435969353,0.846350312
151080217150,-0.015704684,-0.099019364,-0.033272635,-0.266953498,-8.415618896,0.848744512
151081478025,-0.005589803,-0.099285550,-0.042056613,-0.223857865,-8.371326447,0.827196717
151082738937,0.000000000,-0.095825195,-0.048444960,-0.185550630,-8.341399193,0.830788016
151083999825,-0.002927992,-0.097156100,-0.058027480,-0.213083953,-8.310274124,0.881066203
151085260750,-0.002927992,-0.093429565,-0.067343816,-0.205901355,-8.268375397,0.920570552
151086521650,-0.002661811,-0.094228104,-0.073732160,-0.246602774,-8.264783859,0.913387954
151087782537,0.003460354,-0.091300115,-0.078789607,-0.227449164,-8.218097687,0.909796655
151089043437,0.008251614,-0.092631020,-0.086775035,-0.208295554,-8.197746277,0.913387954
151090304337,0.006122165,-0.087573580,-0.096623734,-0.205901355,-8.159439087,0.918176353
151091565250,0.005589803,-0.088904485,-0.104342990,-0.186747730,-8.143877029,0.954089403
151092826137,0.012244331,-0.086775035,-0.109400429,-0.201112941,-8.073247910,0.954089403
151094087050,0.008517795,-0.086775035,-0.117119685,-0.171185419,-8.063671112,0.958877802
151095347937,0.010913425,-0.087839760,-0.119781494,-0.126892686,-8.052897453,1.010353088
151096608837,0.015172322,-0.082249962,-0.123774208,-0.149637610,-8.024167061,0.984016895
151097869725,0.014373779,-0.080120511,-0.133090541,-0.129286900,-7.948749542,0.990002394
151099130625,0.019697402,-0.080386691,-0.143471614,-0.111330383,-7.921216488,1.017535686
151100391550,0.022625392,-0.074530706,-0.144536331,-0.106541976,-7.971494675,0.978031397
151101652437,0.028215196,-0.075329252,-0.149859950,-0.031124622,-7.959523678,0.973242998
151102913337,0.033006456,-0.077458702,-0.155183583,-0.019153614,-7.891288757,0.981622696
151104174237,0.037265353,-0.076660156,-0.160241023,-0.014365210,-7.952341080,0.985213995
151105435137,0.039128620,-0.073465981,-0.167427912,-0.011971009,-7.879317760,0.942118347
151106696050,0.043387517,-0.073998347,-0.175147161,-0.009576807,-7.857769966,0.948103905
151107956937,0.046049330,-0.076393977,-0.177276611,0.046686932,-7.885303497,0.968454599
151109217837,0.048977323,-0.073465981,-0.178607509,0.057460841,-7.882909298,0.962469101
151110478737,0.058293659,-0.071602717,-0.181801692,0.029927522,-7.891288757,0.991199493
151111739650,0.060955472,-0.074530706,-0.190585658,0.041898530,-7.928399086,0.915782154
151113000537,0.066811457,-0.079321966,-0.192182750,0.050278235,-7.948749542,0.934935749
151114261462,0.074530706,-0.079854332,-0.197772548,0.073023155,-7.979874134,0.966060400
151115522337,0.081717595,-0.081451416,-0.195643097,0.068234749,-7.984662533,0.980425596
151116783237,0.081983775,-0.084911771,-0.204693258,0.123301387,-8.010998726,0.969651699
151118044150,0.087041214,-0.085444130,-0.207621247,0.141257897,-8.006210327,0.933738649
151119305037,0.090501569,-0.084113225,-0.210549250,0.175973833,-8.057685852,0.981622696
151120565937,0.093695745,-0.086242676,-0.217469960,0.167594120,-8.079234123,0.957680702
151121826850,0.098220825,-0.085177951,-0.220397949,0.131681100,-8.070854187,0.958877802
151123087737,0.104875349,-0.089436844,-0.218002319,0.146046311,-8.106766701,0.994790792
151124348637,0.106738620,-0.093163386,-0.221196488,0.189141929,-8.142680168,0.970848799
151125609537,0.109932795,-0.089436844,-0.224923030,0.213083953,-8.130708694,1.027112484
151126870437,0.113126963,-0.092631020,-0.219865590,0.227449164,-8.145073891,1.009155989
151128131337,0.121112399,-0.096889921,-0.227584839,0.235828876,-8.142680168,1.019929886
151129392250,0.121910945,-0.094494291,-0.229448110,0.197521642,-8.212111473,1.051054597
151130653150,0.124306574,-0.096623734,-0.223059759,0.225054964,-8.212111473,1.036689401
151131914037,0.126169845,-0.095026650,-0.231577545,0.252588272,-8.182184219,1.028309584
151133174937,0.127234563,-0.100882635,-0.234505549,0.271741897,-8.215703011,1.036689401
151134435825,0.129630193,-0.102745906,-0.234771729,0.278924495,-8.218097687,0.990002394
151135696737,0.131227285,-0.100084089,-0.234771729,0.272938997,-8.172607422,1.017535686
151136957625,0.129896373,-0.101947360,-0.233174637,0.262165099,-8.184578896,1.065419793
151138218550,0.134953812,-0.103810623,-0.238232076,0.262165099,-8.185775757,1.030703783
151139479437,0.140277430,-0.104342990,-0.243555695,0.234631762,-8.185775757,1.021126986
151140740350,0.136817083,-0.106738620,-0.242224798,0.259770900,-8.151060104,0.994790792
151142001250,0.142140701,-0.110198975,-0.239296809,0.227449164,-8.167819023,0.995987892
151143262150,0.146133423,-0.112062238,-0.244354248,0.259770900,-8.110358238,1.027112484
151144523050,0.147198141,-0.110997513,-0.243555695,0.265756398,-8.107964516,1.023521185
151145783950,0.150658503,-0.117652044,-0.243821889,0.244208574,-8.091204643,1.052251697
151147044850,0.153852671,-0.114191689,-0.246483698,0.252588272,-8.087613106,1.046266198
151148305750,0.153852671,-0.116321139,-0.245152786,0.295683920,-8.067262650,0.981622696
151149566650,0.155982122,-0.118982948,-0.248879328,0.271741897,-8.069657326,1.027112484
151150827550,0.156514481,-0.115522593,-0.255267680,0.269347697,-8.019378662,1.040280700
151152088450,0.165298462,-0.115522593,-0.252605855,0.288501292,-8.006210327,0.981622696
151153349350,0.165032282,-0.119781494,-0.255001485,0.266953498,-7.990648270,0.958877802
151154610250,0.167694092,-0.120846219,-0.249411687,0.257376671,-7.940370083,0.984016895
151155871137,0.173816249,-0.119515315,-0.251541138,0.259770900,-7.978677273,0.967257500
151157132037,0.177808970,-0.118450589,-0.259792745,0.288501292,-7.959523678,0.926556051
151158392950,0.179139882,-0.123774208,-0.263785452,0.219069451,-7.939172745,0.872686505
151159653850,0.181801692,-0.118982948,-0.259526581,0.248996973,-7.917624950,0.962469101
151160914762,0.187125310,-0.122443303,-0.262454569,0.292092621,-7.972691536,1.001973391
151162175650,0.189787120,-0.123774208,-0.268842906,0.301669419,-8.008605003,1.019929886
151163436562,0.188988581,-0.125637472,-0.268310547,0.270544797,-7.951143742,0.908599555
151164697450,0.194844559,-0.127234563,-0.267778188,0.248996973,-7.977479935,0.942118347
151165958350,0.199635819,-0.128565475,-0.272835612,0.280121595,-7.969100475,0.910993755
151167219275,0.202829987,-0.128565475,-0.273367971,0.312443316,-7.977479935,0.919373453
151168480150,0.208419800,-0.131759644,-0.274965078,0.277727395,-7.979874134,0.944512606
151169741050,0.210283071,-0.128033102,-0.276029795,0.243011475,-7.999027729,0.950498104
151171001950,0.215872869,-0.132824361,-0.278957784,0.260968000,-8.013393402,0.920570552
151172262837,0.218800858,-0.129630193,-0.279490143,0.277727395,-8.008605003,0.887051761
151173523762,0.221728846,-0.126702204,-0.279756337,0.260968000,-8.049305916,0.963666201
151174784650,0.225721568,-0.131759644,-0.278425425,0.339976639,-8.032546997,0.988805294
151176045537,0.229714289,-0.128831655,-0.282684326,0.286107093,-8.069657326,0.919373453
151177306462,0.232908458,-0.130694911,-0.282950491,0.264559299,-8.084022522,0.956483603
151178567375,0.237167358,-0.130428731,-0.286943227,0.272938997,-8.139088631,0.930147350
151179828262,0.236635000,-0.131227285,-0.285612315,0.319625944,-8.153453827,0.946906805
151181089175,0.236102626,-0.127500743,-0.286943227,0.298078120,-8.133103371,0.954089403
151182350050,0.233973175,-0.118450589,-0.294928640,0.281318694,-8.160636902,0.975637197
151183610975,0.242757156,-0.127500743,-0.288540304,0.272938997,-8.215703011,0.954089403
151184871875,0.249145508,-0.132292002,-0.287741750,0.266953498,-8.233659744,0.960074902
151186132775,0.245418966,-0.129364014,-0.285079956,0.280121595,-8.269572258,1.034295201
151187393650,0.246749878,-0.131493464,-0.286677033,0.248996973,-8.240841866,0.993593693
151188654562,0.252073497,-0.133090541,-0.284547597,0.296881020,-8.259995461,0.948103905
151189915462,0.256332397,-0.131227285,-0.285346121,0.316034615,-8.287528992,0.961272001
151191176362,0.251541138,-0.125637472,-0.284281403,0.329202741,-8.293515205,0.976834297
151192437250,0.252605855,-0.126968384,-0.280821055,0.292092621,-8.313865662,1.016338587
151193698162,0.252073497,-0.131227285,-0.276295990,0.320823044,-8.310274124,1.001973391
151194959062,0.251274943,-0.128831655,-0.274965078,0.318428814,-8.348581314,0.997184992
151196219950,0.253404409,-0.124838933,-0.273634166,0.343567938,-8.333019257,0.995987892
151197480862,0.255001485,-0.129896373,-0.272303253,0.362721562,-8.365341187,0.990002394
151198741775,0.253670573,-0.127234563,-0.269641459,0.377086759,-8.350975990,0.988805294
151200002650,0.251541138,-0.128299281,-0.260591298,0.373495460,-8.373720169,1.001973391
151201263575,0.247016057,-0.126968384,-0.260857463,0.375889659,-8.412027359,1.006761789
151202524462,0.251008779,-0.125637472,-0.260591298,0.375889659,-8.401253700,0.918176353
151203785362,0.250210226,-0.126169845,-0.252073497,0.374692559,-8.370129585,1.011550188
151205046262,0.248346955,-0.126702204,-0.247548416,0.371101260,-8.469488144,0.961272001
151206307150,0.250476420,-0.128299281,-0.243023336,0.411802709,-8.506598473,0.907402456
151207568075,0.246217519,-0.118450589,-0.243555695,0.377086759,-8.507795334,0.960074902
151208828975,0.247016057,-0.120846219,-0.235037908,0.399831682,-8.541315079,0.924161851
151210089850,0.244088069,-0.124572754,-0.229980469,0.368707061,-8.586804390,0.951695204
151211350787,0.244620427,-0.125637472,-0.226520106,0.335188240,-8.548497200,0.972045898
151212611662,0.240893885,-0.125105113,-0.220397949,0.372298360,-8.591592789,0.979228497
151213872575,0.236901179,-0.126702204,-0.210016876,0.357933164,-8.643068314,0.946906805
151215133475,0.238232076,-0.125637472,-0.204427078,0.405817181,-8.626308441,0.943315506
151216394387,0.232109919,-0.121378578,-0.200700551,0.356736064,-8.692149162,0.993593693
151217655287,0.231045187,-0.120313853,-0.194046021,0.374692559,-8.744821548,0.921767652
151218916162,0.227584839,-0.118184403,-0.189254761,0.356736064,-8.759186745,0.997184992
151220177075,0.224124476,-0.120047674,-0.190053299,0.391451985,-8.753201485,1.036689401
151221437975,0.220664129,-0.117652044,-0.182067871,0.393846184,-8.783128738,1.065419793
151222698875,0.214009598,-0.117385864,-0.177542791,0.391451985,-8.802282333,1.034295201
151223959775,0.215872869,-0.116853498,-0.171952993,0.415394008,-8.828619003,1.029506683
151225220675,0.216139048,-0.110465154,-0.165564641,0.353144765,-8.857349396,1.043871999
151226481575,0.207887441,-0.117652044,-0.161305740,0.337582439,-8.853757858,1.070208192
151227742475,0.202031448,-0.119249128,-0.153852671,0.362721562,-8.883685112,1.098938584
151229003375,0.204427078,-0.114457868,-0.154385030,0.320823044,-8.916007042,1.070208192
151230264275,0.201499090,-0.106472440,-0.151190862,0.360327363,-8.883685112,1.094150186
151231525175,0.194312200,-0.106738620,-0.147198141,0.392649084,-8.899248123,1.149216771
151232786075,0.188722402,-0.101414993,-0.143471614,0.366312861,-8.931569099,1.128866076
151234046987,0.188988581,-0.100350276,-0.136018544,0.367509961,-8.918401718,1.137245774
151235307875,0.184995860,-0.099817909,-0.131493464,0.333991140,-8.888473511,1.161187887
151236568775,0.178873688,-0.094760470,-0.125903651,0.337582439,-8.942343712,1.110909581
151237829662,0.174880981,-0.094494291,-0.124838933,0.369904160,-8.899248123,1.124077678
151239090587,0.175679520,-0.097422279,-0.122443303,0.359130263,-8.872911453,1.109712481
151240351487,0.173283890,-0.093429565,-0.117652044,0.365115762,-8.875306129,1.128866076
151241612375,0.168492630,-0.088105939,-0.118184403,0.349553436,-8.878896713,1.136048675
151242873275,0.162902832,-0.086242676,-0.111529879,0.338779539,-8.857349396,1.119289279
151244134187,0.162104294,-0.082516141,-0.110198975,0.310049117,-8.848969460,1.126471877
151245395075,0.157046840,-0.079055786,-0.109134249,0.288501292,-8.838195801,1.118092179
151246655987,0.149859950,-0.077724881,-0.104875349,0.293289721,-8.851364136,1.110909581
151247916887,0.152255580,-0.076393977,-0.107270978,0.323217243,-8.840589523,1.096544385
151249177787,0.151989400,-0.072667442,-0.102745906,0.304063618,-8.840589523,1.127668977
151250438675,0.151457042,-0.064149641,-0.098753184,0.312443316,-8.833407402,1.108515382
151251699587,0.149593771,-0.064149641,-0.097688459,0.292092621,-8.876502991,1.149216771
151252960475,0.146665782,-0.068674721,-0.100616455,0.307654917,-8.869319916,1.134851575
151254221375,0.140277430,-0.063883461,-0.102479719,0.314837515,-8.839392662,1.121683478
151255482287,0.142406881,-0.058293659,-0.098753184,0.288501292,-8.852560997,1.114500880
151256743175,0.142673060,-0.055631850,-0.096357554,0.259770900,-8.841787338,1.162384987
151258004087,0.134687632,-0.054833304,-0.093429565,0.293289721,-8.863334656,1.136048675
151259264987,0.136018544,-0.051106770,-0.095292829,0.304063618,-8.847772598,1.162384987
151260525887,0.133889094,-0.053502399,-0.093961924,0.287304193,-8.808268547,1.186326981
151261786787,0.130694911,-0.049509682,-0.093163386,0.288501292,-8.835801125,1.149216771
151263047687,0.129896373,-0.043919880,-0.089969210,0.284909993,-8.817845345,1.168370485
151264308587,0.130961105,-0.041258071,-0.083048500,0.288501292,-8.793903351,1.127668977
151265569487,0.131227285,-0.036466811,-0.086775035,0.304063618,-8.802282333,1.171961784
151266830375,0.125903651,-0.033006456,-0.089436844,0.298078120,-8.775946617,1.206677675
151268091300,0.122709483,-0.029279921,-0.089436844,0.289698422,-8.762778282,1.183932781
151269352187,0.122443303,-0.025287203,-0.090767756,0.332794040,-8.761581421,1.159990788
151270613087,0.119515315,-0.025287203,-0.084113225,0.314837515,-8.763975143,1.159990788
151271873987,0.120846219,-0.023690118,-0.082516141,0.323217243,-8.713697433,1.132457376
151273134887,0.120313853,-0.021294488,-0.083847046,0.395043284,-8.729259491,1.107318282
151274395800,0.120313853,-0.018100314,-0.084113225,0.359130263,-8.722076416,1.138442874
151275656687,0.124040388,-0.020762125,-0.085444130,0.353144765,-8.760384560,1.151610970
151276917600,0.120846219,-0.014639961,-0.083048500,0.384269387,-8.713697433,1.091755986
151278178500,0.123508029,-0.010647244,-0.082782321,0.373495460,-8.688557625,1.092953086
151279439387,0.124040388,-0.009582520,-0.080120511,0.371101260,-8.701725960,1.112106681
151280700287,0.121910945,-0.004258898,-0.076660156,0.359130263,-8.712499619,1.106121182
151281961200,0.116587318,-0.001330905,-0.079854332,0.386663586,-8.714894295,1.104924083
151283222112,0.117385864,-0.004525078,-0.082516141,0.404620081,-8.717288017,1.122880578
151284483037,0.122177124,-0.001064724,-0.078523420,0.399831682,-8.690952301,1.124077678
151285743900,0.122709483,0.000532362,-0.077991061,0.436941803,-8.665813446,1.112106681
151287004800,0.121644758,0.001330905,-0.075595431,0.423773706,-8.674192429,1.058237195
151288265700,0.123241849,0.007453070,-0.080120511,0.393846184,-8.661025047,1.098938584
151289526600,0.121112399,0.007719252,-0.080120511,0.441730231,-8.632294655,1.089361787
151290787487,0.121644758,0.014373779,-0.074264526,0.465672225,-8.609549522,1.049857497
151292048400,0.122709483,0.014906141,-0.078257240,0.353144765,-8.622717857,1.069011092
151293309312,0.119515315,0.013841417,-0.078789607,0.442927331,-8.611943245,1.071405292
151294570200,0.120047674,0.014639961,-0.077458702,0.391451985,-8.591592789,1.047463298
151295831112,0.119515315,0.021294488,-0.079854332,0.411802709,-8.592789650,1.045069098
151297092000,0.118184403,0.020762125,-0.078789607,0.428562105,-8.598775864,1.011550188
151298352912,0.125371292,0.023956299,-0.082249962,0.445321530,-8.559270859,1.003170490
151299613812,0.124040388,0.028747559,-0.081983775,0.405817181,-8.625111580,0.951695204
151300874712,0.119515315,0.031409368,-0.081983775,0.384269387,-8.622717857,0.961272001
151302135612,0.117652044,0.030078463,-0.081451416,0.470460624,-8.593987465,0.997184992
151303396512,0.121910945,0.033272635,-0.081451416,0.460883826,-8.616731644,0.978031397
151304657412,0.119515315,0.036732990,-0.083314680,0.497993946,-8.656236649,1.001973391
151305918312,0.117385864,0.035135906,-0.083580866,0.451307029,-8.658630371,0.905008256
151307179200,0.122709483,0.036466811,-0.087839760,0.432153404,-8.689755440,0.931344450
151308440125,0.124572754,0.039927166,-0.088904485,0.408211380,-8.749609947,0.949301004
151309701012,0.125637472,0.042056613,-0.091566294,0.465672225,-8.787917137,0.948103905
151310961925,0.128831655,0.040725708,-0.094228104,0.429759204,-8.821435928,0.909796655
151312222825,0.128831655,0.039927166,-0.097156100,0.402225882,-8.945934296,0.881066203
151313483712,0.133356735,0.044984605,-0.095292829,0.393846184,-9.012972832,0.955286503
151314744612,0.131759644,0.041524250,-0.098220825,0.348356336,-9.084798813,0.925358951
151316005525,0.129896373,0.046049330,-0.099551730,0.323217243,-9.168595314,0.951695204
151317266425,0.128299281,0.049775865,-0.100882635,0.341173738,-9.204508781,0.901416957
151318527325,0.128299281,0.051372953,-0.104875349,0.311246216,-9.275137901,0.885854661
151319788225,0.128033102,0.050042044,-0.105141535,0.289698422,-9.332598686,0.900219858
151321049125,0.127500743,0.057495117,-0.104076810,0.322020143,-9.447520256,0.912190855
151322310025,0.124838933,0.062286377,-0.106206253,0.342370838,-9.563638687,0.928950250
151323570925,0.129364014,0.058027480,-0.109932795,0.281318694,-9.619902611,0.895431459
151324831825,0.131493464,0.054833304,-0.111529879,0.301669419,-9.651026726,0.873883605
151326092737,0.116054960,0.059358384,-0.111529879,0.281318694,-9.745597839,0.919373453
151327353650,0.116587318,0.066545270,-0.106206253,0.293289721,-9.825803757,0.916979253
151328614537,0.117119685,0.064415827,-0.108335704,0.302866518,-9.843760490,0.944512606
151329875425,0.113659330,0.070005625,-0.111796059,0.299275219,-9.919178009,0.964863300
151331136325,0.112062238,0.068674721,-0.109666608,0.294486821,-9.987412453,0.951695204
151332397225,0.109134249,0.069739446,-0.107537165,0.256179571,-10.037691116,0.878672004
151333658125,0.102213539,0.074264526,-0.107537165,0.319625944,-10.091560364,0.910993755
151334919037,0.098487005,0.078523420,-0.109134249,0.281318694,-10.135852814,0.954089403
151336179925,0.097422279,0.080652870,-0.106472440,0.284909993,-10.208875656,0.956483603
151337440825,0.093429565,0.083314680,-0.105141535,0.300472319,-10.248380661,1.029506683
151338701737,0.087839760,0.083314680,-0.103544444,0.307654917,-10.305841446,0.986411095
151339962625,0.081717595,0.085710309,-0.104342990,0.294486821,-10.327388763,0.960074902
151341223512,0.073998347,0.091300115,-0.105940074,0.300472319,-10.389637947,0.967257500
151342484437,0.072667442,0.094494291,-0.102213539,0.301669419,-10.395624161,0.957680702
151343745337,0.069207087,0.095026650,-0.099285550,0.288501292,-10.366893768,0.970848799
151345006237,0.057228934,0.098487005,-0.104342990,0.307654917,-10.420763016,0.912190855
151346267125,0.057495117,0.090235390,-0.102479719,0.311246216,-10.459070206,0.952892303
151347528037,0.050308228,0.100350276,-0.105407715,0.272938997,-10.467450142,0.950498104
151348788925,0.047912598,0.102745906,-0.100084089,0.302866518,-10.487800598,0.952892303
151350049825,0.044984605,0.099551730,-0.100084089,0.280121595,-10.505757332,0.985213995
151351310737,0.039927166,0.100616455,-0.103278264,0.293289721,-10.556035042,0.999579191
151352571637,0.035668265,0.105673894,-0.098487005,0.232237563,-10.609905243,0.973242998
151353832537,0.036732990,0.106472440,-0.100882635,0.320823044,-10.625467300,0.954089403
151355093437,0.030877007,0.100882635,-0.102213539,0.269347697,-10.643424034,0.981622696
151356354337,0.029013740,0.102479719,-0.102479719,0.265756398,-10.654197693,0.934935749
151357615237,0.021294488,0.112328425,-0.100084089,0.317231715,-10.696096420,0.909796655
151358876137,0.021560669,0.114724055,-0.101414993,0.289698422,-10.686519623,0.894234359
151360137050,0.019431220,0.112328425,-0.105141535,0.253785372,-10.706870079,0.881066203
151361397937,0.012776692,0.113925509,-0.105673894,0.299275219,-10.708066940,0.934935749
151362658837,0.006654528,0.113659330,-0.108601883,0.281318694,-10.753557205,0.906205356
151363919750,0.011978149,0.114990234,-0.107004799,0.290895522,-10.758345604,0.928950250
151365180662,0.009316338,0.116321139,-0.101148814,0.278924495,-10.770316124,0.970848799
151366441550,0.009050157,0.117385864,-0.102213539,0.274136096,-10.769119263,0.909796655
151367702450,0.003460354,0.118184403,-0.103544444,0.264559299,-10.754754066,0.938527048
151368963337,0.001597087,0.115522593,-0.098487005,0.318428814,-10.807426453,0.943315506
151370224250,0.001064724,0.115788773,-0.097422279,0.360327363,-10.802638054,0.994790792
151371485162,0.000000000,0.115788773,-0.095559016,0.329202741,-10.778696060,1.003170490
151372746050,-0.001064724,0.116321139,-0.094760470,0.319625944,-10.752360344,0.956483603
151374006950,-0.004791260,0.116853498,-0.100616455,0.360327363,-10.772710800,0.979228497
151375267862,-0.004525078,0.117652044,-0.092364840,0.347159237,-10.813411713,0.997184992
151376528762,-0.005855984,0.118450589,-0.083580866,0.331596941,-10.748768806,1.010353088
151377789662,-0.008783977,0.116587318,-0.085710309,0.390254885,-10.681731224,1.003170490
151379050562,-0.011179605,0.117652044,-0.080652870,0.390254885,-10.649409294,1.047463298
151380311462,-0.011179605,0.118716769,-0.078523420,0.465672225,-10.643424034,1.071405292
151381572350,-0.013042874,0.118184403,-0.077991061,0.457292527,-10.621875763,1.042674899
151382833275,-0.015970865,0.120313853,-0.072135076,0.462080926,-10.583568573,1.049857497
151384094150,-0.013042874,0.124306574,-0.068142362,0.452504128,-10.530896187,1.039083600
151385355050,-0.015704684,0.122443303,-0.064948186,0.499191046,-10.508151054,1.041477799
151386615975,-0.020229762,0.117652044,-0.070804171,0.512359142,-10.450690269,1.055842996
151387876862,-0.018898858,0.120846219,-0.068674721,0.511162043,-10.430339813,1.040280700
151389137762,-0.018898858,0.122443303,-0.066811457,0.521935999,-10.396821022,0.991199493
151390398662,-0.012776692,0.118184403,-0.063351102,0.490811348,-10.369287491,1.015141487
151391659562,-0.012244331,0.117652044,-0.068142362,0.492008448,-10.272322655,1.036689401
151392920462,-0.009316338,0.112860784,-0.066545270,0.483628750,-10.261548996,1.102529883
151394181362,-0.015172322,0.117652044,-0.071336530,0.541089594,-10.238803864,1.047463298
151395442262,-0.013575235,0.118450589,-0.067077637,0.494402647,-10.168174744,1.039083600
151396703162,-0.012776692,0.116054960,-0.063617282,0.549469292,-10.137049675,1.019929886
151397964062,-0.009582520,0.109666608,-0.063617282,0.544680893,-10.113107681,1.048660398
151399224962,-0.005323622,0.109134249,-0.064149641,0.519541800,-10.032902718,1.051054597
151400485875,-0.003194173,0.110731333,-0.062286377,0.538695395,-10.024522781,1.061828494
151401746775,-0.001330905,0.105940074,-0.061754014,0.533906996,-9.981427193,0.987608194
151403007687,-0.000266181,0.105407715,-0.068940900,0.493205547,-9.968258858,1.069011092
151404268587,0.004791260,0.108601883,-0.070271812,0.549469292,-9.929951668,1.012747288
151405529475,0.006920708,0.103544444,-0.069473267,0.469263524,-9.967061996,1.048660398
151406790387,0.012244331,0.101148814,-0.076926336,0.537498295,-9.902418137,1.080982089
151408051287,0.014107598,0.104609169,-0.074796885,0.484825850,-9.922768593,1.078587890
151409312175,0.018366495,0.101947360,-0.080652870,0.480037451,-9.961075783,1.077390790
151410573075,0.021028306,0.097422279,-0.086242676,0.509964943,-9.923966408,1.125274777
151411833987,0.026085747,0.103278264,-0.089969210,0.493205547,-9.938331604,1.073799491
151413094875,0.031409368,0.100350276,-0.092631020,0.414196908,-9.907206535,1.137245774
151414355775,0.042588975,0.098487005,-0.093429565,0.454898328,-10.035296440,1.114500880
151415616675,0.040459525,0.095292829,-0.098753184,0.495599747,-10.079588890,1.126471877
151416877575,0.040459525,0.096357554,-0.105141535,0.487220049,-10.120290756,1.185129881
151418138487,0.047114052,0.097422279,-0.108069524,0.423773706,-10.125079155,1.174355984
151419399375,0.047380235,0.098220825,-0.108868070,0.435744703,-10.187328339,1.228225470
151420660287,0.054034762,0.097156100,-0.111529879,0.433350503,-10.232818604,1.225831270
151421921200,0.058559842,0.097954646,-0.115522593,0.459686726,-10.305841446,1.199495077
151423182100,0.063883461,0.097156100,-0.118716769,0.395043284,-10.395624161,1.233013868
151424442987,0.067876182,0.095292829,-0.122709483,0.466869324,-10.433931351,1.306037068
151425703900,0.064415827,0.096889921,-0.122177124,0.409408480,-10.497377396,1.259350061
151426964812,0.065746732,0.097954646,-0.127766922,0.395043284,-10.594342232,1.309628367
151428225687,0.075329252,0.100084089,-0.128033102,0.379480958,-10.653000832,1.364694953
151429486600,0.077192515,0.095292829,-0.131227285,0.392649084,-10.770316124,1.351526856
151430747487,0.079055786,0.091832474,-0.137083262,0.386663586,-10.858901978,1.362300754
151432008400,0.087573580,0.097422279,-0.136284724,0.393846184,-10.979808807,1.356315255
151433269300,0.088105939,0.095026650,-0.137083262,0.390254885,-11.075576782,1.388636947
151434530200,0.086242676,0.095026650,-0.143205434,0.383072287,-11.231200218,1.355118155
151435791087,0.086508855,0.093961924,-0.145068690,0.378283858,-11.306617737,1.394622445
151437052025,0.086508855,0.094494291,-0.145068690,0.387860686,-11.431116104,1.395819545
151438312900,0.093695745,0.094228104,-0.139745072,0.375889659,-11.563994408,1.398213744
151439573787,0.090767756,0.087839760,-0.144536331,0.386663586,-11.706449509,1.365892053
151440834725,0.094760470,0.087307401,-0.144536331,0.460883826,-11.828553200,1.400608063
151442095612,0.091832474,0.088105939,-0.144802511,0.374692559,-11.943475723,1.459265947
151443356500,0.092364840,0.089703031,-0.147198141,0.392649084,-12.059594154,1.454477549
151444617412,0.090501569,0.088372126,-0.146133423,0.415394008,-12.216414452,1.491587639
151445878312,0.088105939,0.084379405,-0.147198141,0.462080926,-12.273875237,1.466448545
151447139200,0.086775035,0.082782321,-0.141342163,0.465672225,-12.361263275,1.555034041
151448400112,0.077724881,0.080120511,-0.138946533,0.511162043,-12.428300858,1.606509328
151449661025,0.074796885,0.080386691,-0.136284724,0.465672225,-12.500126839,1.614889026
151450921900,0.066012911,0.082516141,-0.130428731,0.454898328,-12.581529617,1.623268723
151452182825,0.055099487,0.083048500,-0.124306574,0.531512797,-12.565967560,1.642422438
151453443725,0.046847872,0.080120511,-0.116853498,0.559046090,-12.588712692,1.775300622
151454704625,0.039128620,0.074530706,-0.107270978,0.563834488,-12.539631844,1.742978811
151455965525,0.029013740,0.082782321,-0.107270978,0.554257691,-12.486959457,1.799242616
151457226412,0.017834133,0.079854332,-0.097954646,0.609324336,-12.479776382,1.843535304
151458487312,0.002129449,0.080919050,-0.093429565,0.608127236,-12.381613731,1.820790410
151459748212,-0.009848701,0.077724881,-0.094494291,0.629675031,-12.272678375,1.874659896
151461009112,-0.015172322,0.075595431,-0.084645584,0.586579442,-12.169727325,1.838746905
151462270025,-0.025287203,0.079854332,-0.079854332,0.590170741,-12.108675003,1.819593310
151463530912,-0.034071181,0.078789607,-0.080120511,0.659602582,-11.967417717,1.808819413
151464791812,-0.044984605,0.077458702,-0.079588145,0.621295333,-11.877635002,1.766920924
151466052712,-0.051106770,0.075329252,-0.080652870,0.611718535,-11.760318756,1.698686123
151467313625,-0.058027480,0.075861610,-0.079854332,0.579396844,-11.701661110,1.671152830
151468574525,-0.062552556,0.079588145,-0.078523420,0.588973641,-11.639411926,1.637633920
151469835425,-0.062286377,0.073199801,-0.083048500,0.603338838,-11.590330124,1.581370234
151471096337,-0.056962755,0.068674721,-0.082782321,0.523133099,-11.646594048,1.552639842
151472357225,-0.059624564,0.066279091,-0.085444130,0.524330199,-11.620258331,1.526303649
151473618137,-0.054034762,0.063883461,-0.088105939,0.525527298,-11.646594048,1.466448545
151474879037,-0.049243502,0.062818736,-0.087839760,0.466869324,-11.704054832,1.444900751
151476139925,-0.044718422,0.057495117,-0.085976496,0.487220049,-11.750741959,1.441309452
151477400837,-0.046581693,0.054300942,-0.086508855,0.459686726,-11.783063889,1.446097851
151478661750,-0.045783147,0.052171495,-0.092098661,0.470460624,-11.917139053,1.454477549
151479922637,-0.036466811,0.048178777,-0.095292829,0.463278025,-11.972206116,1.474828243
151481183537,-0.033272635,0.045516968,-0.098753184,0.474051952,-12.056002617,1.501164436
151482444437,-0.033272635,0.044186063,-0.099817909,0.486022949,-12.083536148,1.581370234
151483705350,-0.033272635,0.038862441,-0.096091375,0.457292527,-12.146982193,1.617283225
151484966225,-0.034071181,0.032207914,-0.097954646,0.508767843,-12.242750168,1.635239720
151486227137,-0.035135906,0.034603544,-0.096357554,0.469263524,-12.266692162,1.691503525
151487488037,-0.036200628,0.036732990,-0.094494291,0.451307029,-12.293028831,1.757344007
151488748950,-0.039128620,0.029546101,-0.091566294,0.468066424,-12.299014091,1.762132406
151490009850,-0.043653701,0.023690118,-0.094760470,0.500388145,-12.288240433,1.841141105
151491270750,-0.047114052,0.022891574,-0.090235390,0.531512797,-12.223596573,1.911770105
151492531650,-0.054300942,0.021028306,-0.088638306,0.509964943,-12.175712585,1.966836691
151493792537,-0.059624564,0.023956299,-0.090501569,0.542286694,-12.076353073,2.021903276
151495053462,-0.069207087,0.019697402,-0.085710309,0.550666392,-11.990161896,2.055422068
151496314337,-0.076660156,0.018898858,-0.084113225,0.562637389,-11.890802383,2.103306293
151497575250,-0.079854332,0.021294488,-0.089969210,0.550666392,-11.753136635,2.117671490
151498836162,-0.083847046,0.022359211,-0.083314680,0.562637389,-11.646594048,2.081758499
151500097050,-0.091832474,0.023157755,-0.081717595,0.599747539,-11.498153687,2.123656988
151501357962,-0.093429565,0.023423936,-0.085976496,0.579396844,-11.384428978,2.110488892
151502618862,-0.095825195,0.018632676,-0.088638306,0.572214186,-11.221623421,2.102109194
151503879762,-0.104076810,0.021560669,-0.092897199,0.628477931,-11.097125053,2.102109194
151505140662,-0.108335704,0.025287203,-0.095026650,0.537498295,-10.957064629,2.061407566
151506401550,-0.109400429,0.022093032,-0.095026650,0.524330199,-10.828974724,2.006340981
151507662450,-0.106206253,0.023423936,-0.096091375,0.483628750,-10.636240959,2.041056871
151508923375,-0.106206253,0.027150471,-0.105141535,0.475249052,-10.546458244,2.023100376
151510184262,-0.107004799,0.021560669,-0.110198975,0.441730231,-10.453084946,1.946485996
151511445162,-0.101414993,0.021294488,-0.109400429,0.468066424,-10.356119156,1.918952703
151512706075,-0.103012085,0.021560669,-0.116054960,0.495599747,-10.254365921,1.911770105
151513966962,-0.099019364,0.022625392,-0.121910945,0.412999809,-10.193313599,1.935712099
151515227862,-0.087839760,0.022891574,-0.130694911,0.456095427,-10.115502357,1.946485996
151516488762,-0.081717595,0.021826850,-0.134155273,0.404620081,-10.098742485,1.950077295
151517749687,-0.075595431,0.024488661,-0.137083262,0.374692559,-10.068815231,1.929726601
151519010562,-0.067343816,0.025021022,-0.146931961,0.371101260,-10.022128105,1.962048292
151520271475,-0.059890747,0.021826850,-0.156780660,0.439336002,-10.011354446,1.972822189
151521532362,-0.052970037,0.020229762,-0.156780660,0.458489627,-10.052056313,1.999158382
151522793287,-0.049775865,0.017301772,-0.170355901,0.478840351,-10.062829971,2.001552582
151524054187,-0.038596258,0.017035590,-0.175147161,0.439336002,-10.090363503,2.014720678
151525315062,-0.029013740,0.017035590,-0.182334051,0.511162043,-10.105925560,2.070984602
151526575987,-0.022093032,0.013042874,-0.188988581,0.496796846,-10.150218010,2.062604666
151527836875,-0.013042874,0.013309055,-0.192715108,0.519541800,-10.216058731,2.136825085
151529097800,-0.005323622,0.014107598,-0.198304921,0.541089594,-10.311826706,2.152387381
151530358687,0.002927992,0.010114881,-0.201765269,0.537498295,-10.307038307,2.179920673
151531619587,0.012510511,0.008517795,-0.204427078,0.550666392,-10.481815338,2.189497471
151532880475,0.017567953,0.007186890,-0.212146327,0.553060591,-10.547656059,2.244564056
151534141387,0.020495944,0.010647244,-0.216671407,0.574608386,-10.601525307,2.297236443
151535402275,0.028747559,0.007186890,-0.216937587,0.592564940,-10.712855339,2.296039343
151536663187,0.033006456,0.002927992,-0.215606689,0.543483794,-10.782287598,2.349909067
151537924100,0.036200628,0.000532362,-0.221995026,0.577002585,-10.818200111,2.379836559
151539184987,0.038330078,0.000798543,-0.224656850,0.586579442,-10.916362762,2.415749550
151540445875,0.041790433,-0.002129449,-0.216937587,0.580593944,-10.935516357,2.404975653
151541706787,0.043653701,-0.001064724,-0.224390656,0.615309834,-11.015722275,2.443282843
151542967675,0.040725708,-0.006654528,-0.216671407,0.626083732,-11.043255806,2.474407434
151544228587,0.042056613,-0.010381063,-0.212944880,0.623689532,-10.997765541,2.468421936
151545489487,0.042855155,-0.008251614,-0.207887441,0.636857629,-11.009737015,2.524685621
151546750387,0.036732990,-0.012776692,-0.203096181,0.635660529,-10.946290016,2.580949545
151548011287,0.036999173,-0.016769409,-0.199103460,0.644040287,-10.881647110,2.573766947
151549272200,0.028747559,-0.011978149,-0.195376918,0.713472128,-10.840945244,2.565387249
151550533112,0.027150471,-0.015970865,-0.188988581,0.691924274,-10.779892921,2.535459518
151551794000,0.024222480,-0.020495944,-0.182067871,0.730231524,-10.642226219,2.598906040
151553054912,0.019963583,-0.019963583,-0.175679520,0.748188019,-10.553641319,2.534262419
151554315800,0.020762125,-0.021826850,-0.167694092,0.714669228,-10.400412560,2.525882721
151555576725,0.015704684,-0.023423936,-0.165032282,0.739808321,-10.259154320,2.519897223
151556837612,0.010114881,-0.025553385,-0.157046840,0.741005421,-10.127472878,2.529474020
151558098512,0.007985433,-0.026884291,-0.154917404,0.748188019,-10.018537521,2.470816135
151559359412,0.003726535,-0.028481377,-0.148529053,0.751779318,-9.902418137,2.469619036
151560620300,0.005855984,-0.029546101,-0.138414174,0.776918471,-9.774328232,2.416946650
151561881225,0.002661811,-0.028215196,-0.133889094,0.788889468,-9.673771858,2.443282843
151563142125,0.004791260,-0.034337360,-0.128565475,0.803254664,-9.538499832,2.342726469
151564403012,-0.000266181,-0.039660983,-0.122443303,0.821211219,-9.397241592,2.325967073
151565663912,0.002395630,-0.040725708,-0.117385864,0.793677866,-9.367314339,2.294842243
151566924812,0.004525078,-0.039394803,-0.108868070,0.744596720,-9.252392769,2.257732153
151568185725,0.000000000,-0.040193345,-0.100350276,0.773327172,-9.144653320,2.285265446
151569446625,-0.004525078,-0.041524250,-0.097688459,0.775721371,-9.065645218,2.251746655
151570707525,-0.004791260,-0.043653701,-0.090235390,0.763750374,-8.971074104,2.146401882
151571968412,-0.003992716,-0.046581693,-0.073998347,0.741005421,-8.913613319,2.212242365
151573229325,-0.005057441,-0.048178777,-0.067343816,0.723048925,-8.895656586,2.175132275
151574490225,-0.006122165,-0.052171495,-0.063617282,0.688332975,-8.819042206,2.160767078
151575751137,0.000266181,-0.058027480,-0.059624564,0.628477931,-8.765172958,2.120065689
151577012037,-0.004258898,-0.055365667,-0.044452243,0.733822823,-8.748413086,2.112883091
151578272937,-0.006654528,-0.059624564,-0.038596258,0.650025785,-8.698134422,2.109291792
151579533825,-0.006122165,-0.058027480,-0.033538818,0.629675031,-8.680178642,2.062604666
151580794725,-0.009316338,-0.063883461,-0.029013740,0.600944638,-8.712499619,2.073378801
151582055625,-0.009050157,-0.069207087,-0.022359211,0.581791043,-8.628703117,2.011129379
151583316537,-0.007453070,-0.062552556,-0.013042874,0.502782345,-8.651448250,1.989581585
151584577437,-0.006654528,-0.067876182,-0.003992716,0.487220049,-8.698134422,1.996764183
151585838350,-0.006388346,-0.072933622,0.002927992,0.454898328,-8.677783966,2.003946781
151587099237,-0.004258898,-0.073465981,0.013575235,0.476446152,-8.681375504,1.953668594
151588360150,-0.011179605,-0.069207087,0.018366495,0.397437483,-8.713697433,1.940500498
151589621037,-0.018100314,-0.068674721,0.025021022,0.416591108,-8.762778282,1.921346903
151590881950,-0.015704684,-0.071070351,0.036200628,0.369904160,-8.840589523,1.902193308
151592142850,-0.013841417,-0.074530706,0.042855155,0.298078120,-8.866926193,1.903390408
151593403737,-0.018100314,-0.075595431,0.054567125,0.306457818,-9.003396034,1.905784607
151594664637,-0.016237047,-0.073998347,0.059890747,0.292092621,-9.014169693,1.890222311
151595925550,-0.022093032,-0.075329252,0.063351102,0.258573800,-9.133879662,1.877054095
151597186437,-0.021826850,-0.079321966,0.072667442,0.244208574,-9.203310966,1.874659896
151598447362,-0.022359211,-0.077192515,0.077991061,0.245405674,-9.338583946,1.826775908
151599708250,-0.030344645,-0.076393977,0.085976496,0.196324542,-9.368511200,1.854309201
151600969162,-0.031675551,-0.075861610,0.092098661,0.132878199,-9.507374763,1.863885999
151602230050,-0.030078463,-0.074796885,0.101681180,0.166397020,-9.599552155,1.862688899
151603490950,-0.035402086,-0.072933622,0.108868070,0.148440510,-9.707290649,1.892616510
151604751850,-0.039660983,-0.072667442,0.111263700,0.142454997,-9.749189377,1.879448295
151606012762,-0.039927166,-0.074796885,0.118450589,0.174776718,-9.894038200,1.902193308
151607273662,-0.046581693,-0.075063072,0.121910945,0.154426008,-10.004172325,1.889025211
151608534550,-0.052703857,-0.075861610,0.130961105,0.122104287,-10.114305496,1.865083098
151609795475,-0.051106770,-0.074264526,0.133090541,0.122104287,-10.198101997,1.887828112
151611056362,-0.053768583,-0.075063072,0.139478892,0.088585466,-10.281899452,1.965639591
151612317262,-0.060156927,-0.075861610,0.142406881,0.186747730,-10.377667427,1.994369984
151613578150,-0.062020194,-0.073732160,0.142939255,0.134075299,-10.509348869,1.966836691
151614839062,-0.065480553,-0.076660156,0.150392324,0.171185419,-10.614693642,1.999158382
151616099962,-0.070537992,-0.072667442,0.151723221,0.164002821,-10.699687004,1.983596087
151617360887,-0.071336530,-0.073465981,0.154118851,0.172382519,-10.769119263,2.007538080
151618621787,-0.073732160,-0.079055786,0.153586492,0.192733243,-10.820594788,2.056619167
151619882662,-0.079588145,-0.077724881,0.157845393,0.232237563,-10.872070312,2.076970100
151621143575,-0.081983775,-0.073732160,0.162370473,0.286107093,-10.945093155,2.097320795
151622404475,-0.084379405,-0.082249962,0.166097000,0.294486821,-10.946290016,2.108094692
151623665362,-0.089703031,-0.085177951,0.169024989,0.328005642,-10.919954300,2.167949677
151624926275,-0.099551730,-0.084113225,0.175413340,0.339976639,-10.945093155,2.190694571
151626187175,-0.098753184,-0.088105939,0.178873688,0.401028782,-10.984597206,2.248155355
151627448087,-0.102213539,-0.090235390,0.184729680,0.387860686,-10.872070312,2.280477047
151628708987,-0.109932795,-0.093429565,0.191118032,0.426167905,-10.838551521,2.266111851
151629969887,-0.116321139,-0.096357554,0.187657669,0.474051952,-10.727220535,2.305616140
151631230775,-0.124040388,-0.093961924,0.194844559,0.465672225,-10.696096420,2.331952572
151632491700,-0.129896373,-0.097954646,0.198571101,0.544680893,-10.500968933,2.349909067
151633752587,-0.135219991,-0.099285550,0.205225617,0.561440289,-10.419566154,2.341529369
151635013487,-0.144802511,-0.102479719,0.212412506,0.618901134,-10.268731117,2.406172752
151636274387,-0.149327591,-0.102745906,0.219067037,0.618901134,-10.078392029,2.363077164
151637535300,-0.150126144,-0.110997513,0.227052480,0.701501131,-9.970652580,2.379836559
151638796187,-0.159974843,-0.109400429,0.230512828,0.715866327,-9.813833237,2.355894566
151640057100,-0.163967550,-0.110198975,0.234771729,0.744596720,-9.607931137,2.324769974
151641318000,-0.169823542,-0.118450589,0.236635000,0.748188019,-9.455899239,2.297236443
151642578900,-0.175679520,-0.120846219,0.243821889,0.803254664,-9.258378029,2.280477047
151643839800,-0.173283890,-0.123241849,0.244354248,0.798466265,-9.161413193,2.237381458
151645100700,-0.176478058,-0.128299281,0.243289515,0.792480767,-8.991424561,2.205059767
151646361612,-0.181535512,-0.129896373,0.247016057,0.835576415,-8.865729332,2.169146776
151647622525,-0.177010432,-0.134953812,0.249411687,0.829590917,-8.716091156,2.153584480
151648883412,-0.177276611,-0.137349442,0.249677867,0.876277804,-8.620323181,2.153584480
151650144300,-0.176744252,-0.143471614,0.252339691,0.855927110,-8.423998833,2.121262789
151651405200,-0.178341329,-0.150924683,0.252073497,0.814028561,-8.415618896,2.088941097
151652666112,-0.176211879,-0.155715942,0.244886607,0.837970614,-8.281543732,2.055422068
151653927012,-0.171686798,-0.159176290,0.243289515,0.852335811,-8.190564156,2.024297476
151655187925,-0.166629359,-0.168492630,0.248879328,0.835576415,-8.125920296,1.969230890
151656448812,-0.162104294,-0.170888260,0.240627706,0.851138711,-8.061277390,1.911770105
151657709712,-0.159708664,-0.174880981,0.242757156,0.781706870,-7.988254070,1.899799109
151658970625,-0.156780660,-0.186859131,0.233973175,0.810437262,-7.912836552,1.890222311
151660231525,-0.146665782,-0.189520940,0.231311366,0.767341673,-7.920019150,1.893813610
151661492425,-0.142939255,-0.195376918,0.224656850,0.770932972,-7.897274494,1.905784607
151662753325,-0.141608343,-0.196707830,0.222261220,0.785298169,-7.879317760,1.923741102
151664014237,-0.136550903,-0.201499090,0.214808136,0.770932972,-7.860164165,1.902193308
151665275137,-0.132292002,-0.204427078,0.203894719,0.695515573,-7.897274494,1.918952703
151666536025,-0.126169845,-0.212412506,0.198038727,0.709880829,-7.890091896,1.895010710
151667796925,-0.117119685,-0.223059759,0.193513662,0.729034424,-7.902062893,1.965639591
151669057825,-0.116054960,-0.222261220,0.182067871,0.690727174,-7.929595947,1.918952703
151670318737,-0.111263700,-0.230246648,0.174082428,0.664390981,-7.976283073,1.928529501
151671579662,-0.103544444,-0.235304087,0.164499924,0.627280831,-8.008605003,1.959654093
151672840537,-0.098487005,-0.237167358,0.151190862,0.582988143,-8.055292130,1.972822189
151674101450,-0.094760470,-0.240361527,0.141874522,0.568622887,-8.115146637,2.013523579
151675362350,-0.095559016,-0.239829168,0.133889094,0.571017087,-8.215703011,2.039859772
151676623237,-0.092631020,-0.244354248,0.123508029,0.541089594,-8.251616478,2.051830769
151677884125,-0.089436844,-0.246217519,0.117119685,0.441730231,-8.340201378,2.048239470
151679145062,-0.081983775,-0.247282237,0.103544444,0.429759204,-8.376114845,2.091335297
151680405925,-0.076393977,-0.250476420,0.095825195,0.428562105,-8.491036415,2.057816267
151681666850,-0.079055786,-0.251807302,0.086775035,0.341173738,-8.580819130,2.099714994
151682927750,-0.078257240,-0.253138214,0.075595431,0.292092621,-8.651448250,2.090138197
151684188650,-0.073199801,-0.254469126,0.070005625,0.280121595,-8.657433510,2.093729496
151685449550,-0.068940900,-0.252605855,0.058559842,0.312443316,-8.687360764,2.100912094
151686710462,-0.074530706,-0.254469126,0.047646414,0.214281052,-8.802282333,2.141613483
151687971362,-0.074264526,-0.255533844,0.045783147,0.217872351,-8.890868187,2.072181702
151689232250,-0.076127790,-0.248879328,0.039394803,0.199915841,-8.935160637,2.104503393
151690493150,-0.080919050,-0.249145508,0.033538818,0.155623108,-8.998606682,2.054224968
151691754062,-0.079055786,-0.246217519,0.021826850,0.131681100,-9.050082207,2.086546898
151693014962,-0.082249962,-0.244088069,0.017834133,0.124498487,-9.054870605,2.064998865
151694275862,-0.088904485,-0.237433538,0.016769409,0.101753570,-9.070433617,2.043451071
151695536750,-0.084645584,-0.236901179,0.006654528,0.123301387,-9.123106003,2.059013367
151696797687,-0.089170665,-0.237965897,0.002395630,0.102950677,-9.117119789,2.047042370
151698058575,-0.094228104,-0.235836446,-0.005323622,0.149637610,-9.148244858,2.030282974
151699319475,-0.101947360,-0.229980469,-0.006388346,0.106541976,-9.125499725,1.984793186
151700580362,-0.109134249,-0.223325938,-0.007985433,0.184353530,-9.085995674,2.001552582
151701841275,-0.113659330,-0.226520106,-0.005855984,0.160411522,-9.076418877,2.008735180
151703102162,-0.119515315,-0.218534678,-0.009316338,0.168791220,-9.040505409,2.007538080
151704363062,-0.121378578,-0.218002319,-0.014373779,0.209492654,-9.011775017,2.031480074
151705623987,-0.126436025,-0.214009598,-0.014906141,0.263362199,-8.965087891,2.002749681
151706884875,-0.130428731,-0.213477239,-0.016503228,0.292092621,-8.937555313,1.951274395
151708145762,-0.135219991,-0.207355067,-0.015172322,0.317231715,-8.895656586,1.908178806
151709406687,-0.136284724,-0.211880147,-0.010114881,0.386663586,-8.834604263,1.942894697
151710667587,-0.144802511,-0.213743418,-0.010114881,0.451307029,-8.802282333,1.911770105
151711928500,-0.149593771,-0.210815430,-0.007719252,0.520738900,-8.723274231,1.914164305
151713189387,-0.151190862,-0.211081609,-0.012244331,0.573411286,-8.643068314,1.896207809
151714450300,-0.150392324,-0.209484518,-0.009582520,0.615309834,-8.665813446,1.893813610
151715711187,-0.148529053,-0.210016876,-0.006920708,0.713472128,-8.573636055,1.914164305
151716972087,-0.149859950,-0.209218338,-0.004791260,0.760159075,-8.578424454,1.869871497
151718233000,-0.153320312,-0.214275777,-0.000798543,0.790086567,-8.487444878,1.836352706
151719493887,-0.155449763,-0.219333217,0.002661811,0.828393817,-8.444349289,1.835155606
151720754800,-0.153320312,-0.222261220,0.009848701,0.894234359,-8.425195694,1.850717902
151722015700,-0.157046840,-0.223325938,0.012776692,1.003170490,-8.397662163,1.847126603
151723276600,-0.157845393,-0.222261220,0.018632676,1.039083600,-8.382100105,1.804031014
151724537500,-0.152521774,-0.224923030,0.020762125,1.065419793,-8.360552788,1.792060018
151725798400,-0.151457042,-0.229980469,0.030344645,1.125274777,-8.400056839,1.805228114
151727059300,-0.146931961,-0.234771729,0.033272635,1.142034173,-8.361749649,1.810016513
151728320187,-0.146133423,-0.237699717,0.037265353,1.173158884,-8.349778175,1.798045516
151729581137,-0.148795232,-0.244354248,0.044186063,1.237802267,-8.368931770,1.830367208
151730842000,-0.145334885,-0.250210226,0.047912598,1.256955862,-8.398859978,1.771709323
151732102912,-0.146133423,-0.252605855,0.053768583,1.266532660,-8.440757751,1.782483220
151733363812,-0.140277430,-0.260058939,0.062552556,1.321599364,-8.463502884,1.806425214
151734624700,-0.146133423,-0.262454569,0.062286377,1.308431268,-8.453926086,1.807622313
151735885612,-0.145068690,-0.264584005,0.067343816,1.291671872,-8.468291283,1.823184609
151737146512,-0.146931961,-0.274166524,0.071336530,1.300051570,-8.437167168,1.832761407
151738407425,-0.144003972,-0.278425425,0.073732160,1.329979062,-8.523358345,1.811213613
151739668312,-0.146665782,-0.278425425,0.077991061,1.289277673,-8.498218536,1.790862918
151740929237,-0.150658503,-0.286410868,0.084379405,1.296460271,-8.477868080,1.800439715
151742190125,-0.145601064,-0.287209392,0.096889921,1.248576164,-8.508993149,1.753752708
151743451037,-0.152521774,-0.290935934,0.095559016,1.289277673,-8.519766808,1.780089021
151744711925,-0.152787954,-0.298655182,0.099285550,1.206677675,-8.491036415,1.796848416
151745972837,-0.155449763,-0.304244995,0.100084089,1.188721180,-8.498218536,1.762132406
151747233737,-0.156780660,-0.308503896,0.100616455,1.177947283,-8.505401611,1.747767210
151748494625,-0.154385030,-0.307172984,0.104342990,1.155202270,-8.495824814,1.760935307
151749755550,-0.155183583,-0.313028961,0.104875349,1.101332784,-8.476671219,1.740584612
151751016437,-0.157579213,-0.313028961,0.099285550,1.057040095,-8.474276543,1.799242616
151752277325,-0.161039561,-0.310899526,0.101947360,1.064222693,-8.482656479,1.705868721
151753538250,-0.164499924,-0.309834808,0.101947360,1.063025594,-8.495824814,1.727416515
151754799162,-0.163701370,-0.315158427,0.101148814,0.940921247,-8.456320763,1.715445518
151756060062,-0.165564641,-0.312762797,0.099551730,0.936132848,-8.473079681,1.719036818
151757320925,-0.166895539,-0.322345316,0.100350276,0.909796655,-8.445546150,1.689109325
151758581850,-0.171952993,-0.318618774,0.098753184,0.889445961,-8.451532364,1.716642618
151759842762,-0.169557363,-0.314093679,0.093429565,0.867898107,-8.406042099,1.660378933
151761103662,-0.166363180,-0.315158427,0.093961924,0.840364814,-8.420407295,1.687912226
151762364550,-0.164233729,-0.318352580,0.093695745,0.840364814,-8.406042099,1.660378933
151763625450,-0.170888260,-0.316755503,0.091832474,0.799663365,-8.423998833,1.662773132
151764886375,-0.169823542,-0.314892232,0.089170665,0.793677866,-8.389283180,1.647210836
151766147262,-0.169823542,-0.316223145,0.086775035,0.730231524,-8.383296967,1.654393435
151767408162,-0.172219172,-0.320482045,0.087307401,0.737414122,-8.396465302,1.685518026
151768669062,-0.170089722,-0.319417328,0.083847046,0.675164878,-8.372523308,1.685518026
151769929975,-0.171154439,-0.314359874,0.085976496,0.675164878,-8.360552788,1.651999235
151771190850,-0.169024989,-0.312230438,0.080652870,0.671573579,-8.364143372,1.636436820
151772451775,-0.166629359,-0.313295156,0.077724881,0.677559078,-8.391676903,1.641225219
151773712662,-0.167161733,-0.314093679,0.078257240,0.648828685,-8.344989777,1.641225219
151774973587,-0.174614802,-0.309302419,0.077724881,0.634463429,-8.337807655,1.699883223
151776234475,-0.171420619,-0.310633332,0.077458702,0.592564940,-8.299500465,1.650802135
151777495375,-0.173017710,-0.309302419,0.078523420,0.588973641,-8.323442459,1.649605036
151778756275,-0.176478058,-0.310633332,0.077192515,0.573411286,-8.322245598,1.656787634
151780017187,-0.175413340,-0.305043548,0.074796885,0.566228688,-8.291120529,1.660378933
151781278100,-0.173283890,-0.305309713,0.073732160,0.578199744,-8.249221802,1.677138329
151782538987,-0.177010432,-0.305575907,0.072933622,0.559046090,-8.256404877,1.705868721
151783799887,-0.175413340,-0.299453735,0.072933622,0.573411286,-8.263586998,1.640028119
151785060787,-0.178075150,-0.299719900,0.068142362,0.568622887,-8.198944092,1.644816637
151786321687,-0.177276611,-0.299986094,0.068674721,0.493205547,-8.221688271,1.650802135
151787582600,-0.176478058,-0.298921376,0.070005625,0.554257691,-8.167819023,1.656787634
151788843487,-0.178607509,-0.295194834,0.067609996,0.527921498,-8.158242226,1.672349930
151790104387,-0.180470780,-0.291734487,0.069739446,0.483628750,-8.141483307,1.660378933
151791365300,-0.177276611,-0.287475586,0.074264526,0.499191046,-8.093599319,1.575384736
151792626187,-0.177010432,-0.293331563,0.073732160,0.530315697,-8.095993042,1.592144132
151793887100,-0.177276611,-0.295461029,0.065480553,0.545877993,-8.147468567,1.581370234
151795148000,-0.174082428,-0.293065399,0.066545270,0.497993946,-8.045715332,1.631648421
151796408900,-0.171154439,-0.289871216,0.071868896,0.512359142,-8.034940720,1.677138329
151797669812,-0.167427912,-0.297058105,0.070271812,0.553060591,-8.010998726,1.650802135
151798930712,-0.166363180,-0.293065399,0.074530706,0.506373644,-7.995436668,1.619677424
151800191612,-0.168226451,-0.293331563,0.075861610,0.521935999,-7.942764282,1.589749932
151801452525,-0.167694092,-0.297324270,0.075861610,0.481234550,-7.931990147,1.620874524
151802713400,-0.162636653,-0.297324270,0.077458702,0.548272192,-7.933187485,1.616086125
151803974312,-0.153320312,-0.297590464,0.077724881,0.592564940,-7.927201748,1.625662923
151805235225,-0.151723221,-0.298122823,0.080652870,0.621295333,-7.882909298,1.637633920
151806496112,-0.148262873,-0.297058105,0.084379405,0.633266330,-7.904457092,1.608903527
151807757025,-0.149593771,-0.300252289,0.089170665,0.683544576,-7.843404770,1.629254222
151809017925,-0.149061412,-0.305043548,0.091566294,0.650025785,-7.894880295,1.616086125
151810278825,-0.140011251,-0.304244995,0.093429565,0.738611221,-7.829039574,1.572990537
151811539737,-0.132025823,-0.306374431,0.099285550,0.744596720,-7.844602108,1.559822440
151812800625,-0.127766922,-0.313561320,0.101414993,0.739808321,-7.862558365,1.616086125
151814061525,-0.123774208,-0.317820221,0.106472440,0.773327172,-7.805097580,1.541865945
151815322450,-0.123241849,-0.317287862,0.108601883,0.788889468,-7.879317760,1.570596337
151816583350,-0.114191689,-0.318352580,0.112860784,0.776918471,-7.886500359,1.549048543
151817844237,-0.110731333,-0.320748210,0.116054960,0.797269166,-7.863755703,1.552639842
151819105137,-0.107537165,-0.327402741,0.117918223,0.842759013,-7.870938301,1.564610839
151820366025,-0.101681180,-0.330863088,0.123774208,0.865503907,-7.884106159,1.625662923
151821626925,-0.097156100,-0.332992554,0.129630193,0.810437262,-7.891288757,1.581370234
151822887837,-0.094494291,-0.341244161,0.131759644,0.846350312,-7.915230751,1.600523829
151824148750,-0.090767756,-0.345769227,0.130961105,0.906205356,-7.897274494,1.537077546
151825409650,-0.083847046,-0.354553223,0.140011251,0.859518409,-7.935581684,1.559822440
151826670562,-0.081451416,-0.356682658,0.141342163,0.828393817,-7.931990147,1.598129630
151827931450,-0.072401255,-0.367329895,0.144536331,0.864306808,-7.983465672,1.613691926
151829192350,-0.067876182,-0.373984426,0.149061412,0.864306808,-8.020575523,1.606509328
151830453250,-0.066279091,-0.378243327,0.144003972,0.887051761,-8.028955460,1.575384736
151831714162,-0.063351102,-0.379041880,0.155183583,0.843956113,-8.055292130,1.562216640
151832975062,-0.061487831,-0.386761129,0.152521774,0.834379315,-8.069657326,1.559822440
151834235962,-0.058826022,-0.394746572,0.157845393,0.848744512,-8.133103371,1.571793437
151835496850,-0.053236220,-0.404062897,0.159176290,0.836773515,-8.149862289,1.584961534
151836757762,-0.049243502,-0.404062897,0.156248301,0.871489406,-8.133103371,1.644816637
151838018675,-0.046049330,-0.408854157,0.154385030,0.810437262,-8.135497093,1.649605036
151839279575,-0.039660983,-0.409918875,0.158643931,0.806845963,-8.191761017,1.684320927
151840540462,-0.039927166,-0.418170512,0.157845393,0.845153213,-8.198944092,1.680729628
151841801387,-0.039927166,-0.420033753,0.154651210,0.803254664,-8.237251282,1.733402014
151843062275,-0.036466811,-0.418702871,0.152787954,0.781706870,-8.152256966,1.781286120
151844323175,-0.031675551,-0.424292654,0.150392324,0.770932972,-8.227674484,1.782483220
151845584075,-0.031941731,-0.428285390,0.147996694,0.757764816,-8.225279808,1.807622313
151846844987,-0.027416652,-0.431213379,0.148529053,0.723048925,-8.201337814,1.843535304
151848105887,-0.029812282,-0.437335551,0.146665782,0.684741676,-8.208520889,1.860294700
151849366775,-0.027150471,-0.438400269,0.138147995,0.617704034,-8.167819023,1.891419411
151850627687,-0.022093032,-0.440529704,0.133889094,0.616506934,-8.160636902,1.898602009
151851888600,-0.024754841,-0.439731181,0.127234563,0.521935999,-8.145073891,1.911770105
151853149500,-0.025819566,-0.441594422,0.123508029,0.457292527,-8.130708694,1.915361404
151854410387,-0.021294488,-0.442392975,0.119781494,0.478840351,-8.086416245,1.892616510
151855671300,-0.025021022,-0.439198792,0.114191689,0.446518630,-8.148665428,1.945288897
151856932187,-0.020495944,-0.446385682,0.109400429,0.392649084,-8.109161377,1.933317900
151858193100,-0.018898858,-0.443723887,0.104875349,0.323217243,-8.050503731,1.902193308
151859454000,-0.019963583,-0.442392975,0.093429565,0.343567938,-8.021772385,1.936909199
151860714912,-0.016237047,-0.439997345,0.090501569,0.302866518,-8.078036308,1.912967205
151861975825,-0.009050157,-0.435738444,0.088372126,0.245405674,-8.054094315,1.896207809
151863236700,-0.007186890,-0.436004639,0.076393977,0.217872351,-8.067262650,1.891419411
151864497612,-0.008251614,-0.437867910,0.073465981,0.209492654,-8.090007782,1.880645394
151865758512,-0.000532362,-0.436536998,0.069739446,0.146046311,-8.101978302,1.903390408
151867019425,0.000266181,-0.430681020,0.059890747,0.185550630,-8.067262650,1.877054095
151868280325,-0.001330905,-0.427486837,0.051106770,0.165199921,-8.091204643,1.889025211
151869541225,0.005323622,-0.427220643,0.047646414,0.112527482,-8.164227486,1.880645394
151870802125,0.007453070,-0.416839600,0.044452243,0.059855044,-8.160636902,1.865083098
151872063037,0.010114881,-0.424825013,0.039660983,0.051475339,-8.209717751,1.968033791
151873323925,0.016237047,-0.422695577,0.033538818,0.059855044,-8.246828079,1.974019289
151874584825,0.019431220,-0.414443970,0.035135906,0.057460841,-8.250418663,1.958456993
151875845737,0.020229762,-0.412314504,0.027682833,0.019153614,-8.274361610,1.964442492
151877106650,0.020762125,-0.408587992,0.025287203,0.015562311,-8.299500465,1.942894697
151878367537,0.026085747,-0.403530538,0.025819566,0.038307227,-8.364143372,2.005143881
151879628425,0.026351929,-0.400868714,0.024754841,0.017956512,-8.362946510,1.989581585
151880889350,0.026618110,-0.403530538,0.018632676,-0.001197101,-8.392873764,2.025494576
151882150237,0.025287203,-0.395811290,0.018898858,0.017956512,-8.451532364,2.025494576
151883411162,0.029013740,-0.388890564,0.015970865,-0.064643450,-8.461109161,2.036268473
151884672062,0.028215196,-0.388890564,0.011978149,-0.096965171,-8.497021675,2.056619167
151885932950,0.033804998,-0.381437510,0.011711968,-0.051475339,-8.504204750,2.100912094
151887193862,0.032474093,-0.382236063,0.010114881,-0.058657940,-8.480262756,2.149993181
151888454762,0.032207914,-0.376113892,0.010913425,-0.023942018,-8.513781548,2.079364300
151889715675,0.031409368,-0.372121155,0.005855984,-0.063446343,-8.540117264,2.110488892
151890976562,0.036999173,-0.374782979,0.009050157,-0.046686932,-8.477868080,2.158372879
151892237462,0.038330078,-0.368128449,0.010913425,-0.004788403,-8.582015991,2.152387381
151893498375,0.036466811,-0.368394643,0.009848701,-0.026336219,-8.497021675,2.172738075
151894759275,0.036732990,-0.361740112,0.013309055,-0.007182605,-8.473079681,2.167949677
151896020175,0.036466811,-0.358013570,0.014107598,-0.027533319,-8.501810074,2.128445387
151897281075,0.040459525,-0.355085582,0.010381063,-0.045489833,-8.487444878,2.158372879
151898541975,0.041258071,-0.346833974,0.010114881,0.003591303,-8.427590370,2.176329374
151899802887,0.042588975,-0.346301615,0.014639961,0.040701430,-8.419210434,2.183511972
151901063787,0.047114052,-0.343373597,0.015970865,0.081402861,-8.382100105,2.176329374
151902324675,0.050042044,-0.342042714,0.018100314,0.055066638,-8.335412979,2.221819162
151903585587,0.052171495,-0.340179443,0.018366495,0.025139118,-8.322245598,2.187103271
151904846475,0.052437674,-0.337251455,0.021560669,0.039504327,-8.337807655,2.214636564
151906107375,0.055365667,-0.336452901,0.020229762,0.134075299,-8.299500465,2.213439465
151907368287,0.056696571,-0.337783813,0.021826850,0.100556470,-8.289923668,2.163161278
151908629187,0.063351102,-0.336186707,0.023690118,0.129286900,-8.305485725,2.215833664
151909890087,0.067609996,-0.335121989,0.024222480,0.152031809,-8.279150009,2.170343876
151911150987,0.070537992,-0.338582337,0.025819566,0.140060797,-8.280346870,2.226607561
151912411912,0.073998347,-0.336719096,0.029812282,0.155623108,-8.245630264,2.165555477
151913672800,0.078257240,-0.337251455,0.034869723,0.190339044,-8.287528992,2.177526474
151914933725,0.086508855,-0.337251455,0.032740276,0.208295554,-8.297105789,2.190694571
151916194612,0.093961924,-0.337783813,0.027416652,0.219069451,-8.319850922,2.199074268
151917455512,0.095292829,-0.336719096,0.028215196,0.235828876,-8.311470985,2.239775658
151918716425,0.100882635,-0.336985260,0.031409368,0.250194073,-8.398859978,2.239775658
151919977312,0.108069524,-0.342308879,0.032207914,0.222660765,-8.420407295,2.213439465
151921238212,0.113126963,-0.340711802,0.032474093,0.199915841,-8.396465302,2.275688648
151922499125,0.115522593,-0.340977967,0.029812282,0.259770900,-8.450334549,2.240972757
151923760037,0.125105113,-0.343639791,0.034603544,0.288501292,-8.499416351,2.218227863
151925020912,0.125637472,-0.346035421,0.035135906,0.245405674,-8.577227592,2.248155355
151926281812,0.132824361,-0.347100139,0.040991887,0.277727395,-8.576030731,2.267308950
151927542725,0.133356735,-0.352157593,0.038596258,0.294486821,-8.596381187,2.268506050
151928803625,0.134421453,-0.354020864,0.038862441,0.293289721,-8.623914719,2.321178675
151930064525,0.137349442,-0.354819387,0.040991887,0.237025976,-8.710105896,2.349909067
151931325437,0.144003972,-0.357215017,0.044452243,0.320823044,-8.736441612,2.393004656
151932586325,0.146931961,-0.361207753,0.045783147,0.326808542,-8.802282333,2.365471363
151933847250,0.147464320,-0.364401907,0.046049330,0.296881020,-8.798691750,2.369062662
151935108137,0.148262873,-0.367862284,0.046315510,0.299275219,-8.883685112,2.391807556
151936369050,0.149859950,-0.372121155,0.048711140,0.325611442,-8.908824921,2.458845139
151937629937,0.148529053,-0.369725525,0.051639132,0.272938997,-8.893261909,2.438494444
151938890837,0.152255580,-0.370257914,0.054300942,0.239420176,-8.956708908,2.499546528
151940151737,0.156780660,-0.377444804,0.051372953,0.268150598,-8.953117371,2.506729126
151941412662,0.154651210,-0.375581533,0.050042044,0.257376671,-8.995016098,2.521094322
151942673562,0.155183583,-0.378509521,0.056164213,0.215478152,-9.040505409,2.507926226
151943934450,0.156514481,-0.380106598,0.052970037,0.246602774,-9.053673744,2.506729126
151945195375,0.162370473,-0.382236063,0.050042044,0.268150598,-9.099164009,2.506729126
151946456262,0.155449763,-0.384897858,0.053236220,0.272938997,-9.149441719,2.517503023
151947717175,0.163701370,-0.394214213,0.054300942,0.225054964,-9.186552048,2.546233416
151948978062,0.162370473,-0.389689118,0.056962755,0.260968000,-9.210494041,2.566584349
151950238975,0.157046840,-0.390487671,0.048444960,0.232237563,-9.255984306,2.506729126
151951499862,0.164766103,-0.397142202,0.050308228,0.220266551,-9.272743225,2.493561029
151952760775,0.164499924,-0.397408366,0.054833304,0.181959331,-9.294291496,2.574964046
151954021675,0.168492630,-0.400602549,0.055099487,0.165199921,-9.369708061,2.540247917
151955282587,0.166895539,-0.401933461,0.050574407,0.205901355,-9.419986725,2.547430515
151956543487,0.168226451,-0.405393809,0.050308228,0.196324542,-9.425971985,2.595314741
151957804387,0.171686798,-0.410185069,0.053768583,0.166397020,-9.421183586,2.600103140
151959065275,0.172485352,-0.414710134,0.052171495,0.158017308,-9.494207382,2.622848034
151960326187,0.171686798,-0.411782146,0.055898029,0.155623108,-9.496601105,2.583343744
151961587087,0.169291168,-0.412048340,0.053768583,0.173579618,-9.575610161,2.589329243
151962848000,0.170089722,-0.420566142,0.049243502,0.184353530,-9.579200745,2.651578426
151964108900,0.172751531,-0.421630859,0.056164213,0.202310041,-9.591172218,2.650381327
151965369812,0.176478058,-0.423494130,0.059358384,0.231040463,-9.598354340,2.650381327
151966630700,0.174880981,-0.427753031,0.063617282,0.219069451,-9.636661530,2.680308819
151967891612,0.173283890,-0.423494130,0.057228934,0.245405674,-9.671378136,2.704250813
151969152500,0.175413340,-0.430681020,0.062020194,0.220266551,-9.684545517,2.721010208
151970413425,0.174082428,-0.434939921,0.064149641,0.185550630,-9.661801338,2.726995707
151971674312,0.175679520,-0.434939921,0.062818736,0.223857865,-9.665391922,2.706645012
151972935200,0.170888260,-0.441328257,0.069207087,0.302866518,-9.666589737,2.679111719
151974196125,0.169823542,-0.447716594,0.073465981,0.253785372,-9.677363396,2.693476915
151975457025,0.171686798,-0.449579865,0.071602717,0.282515794,-9.712079048,2.744952202
151976717925,0.180204600,-0.447982788,0.072933622,0.307654917,-9.732430458,2.723404408
151977978825,0.182866409,-0.451975495,0.076393977,0.311246216,-9.726444244,2.701856613
151979239737,0.184197322,-0.459694743,0.075063072,0.351947665,-9.732430458,2.762908697
151980500625,0.184463501,-0.466881633,0.075329252,0.361524463,-9.742007256,2.771288395
151981761537,0.185794398,-0.466615468,0.076127790,0.329202741,-9.738415718,2.703053713
151983022437,0.190053299,-0.473802358,0.079321966,0.313640416,-9.755174637,2.730587006
151984283325,0.188190028,-0.475931793,0.075595431,0.397437483,-9.771934509,2.783259392
151985544250,0.192182750,-0.478593618,0.075063072,0.363918662,-9.786299706,2.713827610
151986805137,0.191650391,-0.493765920,0.078789607,0.387860686,-9.812635422,2.754528999
151988066050,0.195110738,-0.494298279,0.082516141,0.399831682,-9.842563629,2.789244890
151989326975,0.193779841,-0.492168844,0.082249962,0.411802709,-9.843760490,2.765302896
151990587850,0.195909292,-0.502549887,0.081185237,0.409408480,-9.815030098,2.754528999
151991848737,0.201765269,-0.511067688,0.084379405,0.403422982,-9.831789017,2.811990023
151993109662,0.199103460,-0.517189860,0.082782321,0.439336002,-9.847352028,2.779668093
151994370550,0.202829987,-0.522513509,0.083847046,0.464475125,-9.859322548,2.821566820
151995631462,0.206556529,-0.521981120,0.087041214,0.423773706,-9.825803757,2.827552319
151996892362,0.203362361,-0.525707662,0.084379405,0.438138902,-9.827000618,2.807201624
151998153262,0.205491811,-0.534491658,0.083580866,0.432153404,-9.837775230,2.821566820
151999414175,0.210016876,-0.544872701,0.087839760,0.448912829,-9.834183693,2.820369720
152000675075,0.211613968,-0.547800720,0.083314680,0.389057785,-9.838972092,2.835932016
152001935962,0.211347789,-0.549930155,0.078257240,0.436941803,-9.841365814,2.831143618
152003196875,0.215872869,-0.555253744,0.077458702,0.472854853,-9.799468040,2.849100113
152004457787,0.221196488,-0.564303935,0.079055786,0.486022949,-9.781511307,2.869450808
152005718687,0.215872869,-0.566699564,0.076926336,0.448912829,-9.842563629,2.847903013
152006979575,0.221196488,-0.572555542,0.075329252,0.438138902,-9.821015358,2.809595823
152008240487,0.227851018,-0.581073344,0.074796885,0.523133099,-9.849745750,2.814384222
152009501387,0.231843740,-0.582670391,0.077724881,0.436941803,-9.870096207,2.846705914
152010762287,0.238764435,-0.591454387,0.074530706,0.410605609,-9.890447617,2.896984100
152012023175,0.243821889,-0.595713317,0.072933622,0.447715729,-9.878476143,2.895787001
152013284087,0.244354248,-0.601036906,0.073465981,0.415394008,-9.865307808,2.829946518
152014545000,0.244620427,-0.609022319,0.074264526,0.418985307,-9.883264542,2.857479811
152015805900,0.243289515,-0.614878356,0.074264526,0.385466486,-9.885659218,2.873042107
152017066812,0.250476420,-0.617806315,0.071602717,0.371101260,-9.949105263,2.880224705
152018327687,0.253138214,-0.622597575,0.072667442,0.412999809,-9.894038200,2.840720415
152019588587,0.256864756,-0.624194682,0.070804171,0.407014281,-9.931148529,2.838326216
152020849512,0.261123657,-0.632978618,0.071868896,0.332794040,-9.934740067,2.876633406
152022110412,0.261922210,-0.639633179,0.072401255,0.316034615,-9.945513725,2.875436306
152023371300,0.268576711,-0.645755351,0.072667442,0.338779539,-9.992200851,2.857479811
152024632225,0.269109100,-0.649748027,0.075861610,0.324414343,-9.967061996,2.839523315
152025893100,0.264850199,-0.653208435,0.077458702,0.341173738,-10.023325920,2.847903013
152027154025,0.272037089,-0.659064412,0.077724881,0.333991140,-10.058041573,2.773682594
152028414900,0.277360708,-0.663589478,0.080386691,0.337582439,-10.103530884,2.813187122
152029675812,0.275497437,-0.668646932,0.083847046,0.348356336,-10.162189484,2.760514498
152030936712,0.281353414,-0.668380737,0.081185237,0.372298360,-10.131064415,2.734178305
152032197637,0.285612315,-0.673171997,0.083580866,0.335188240,-10.202890396,2.754528999
152033458525,0.286144674,-0.677697062,0.089969210,0.320823044,-10.214861870,2.767697096
152034719425,0.283482879,-0.677697062,0.089170665,0.227449164,-10.200496674,2.756923199
152035980337,0.288274139,-0.677697062,0.094494291,0.231040463,-10.260351181,2.815581322
152037241250,0.290137380,-0.683819234,0.099817909,0.152031809,-10.302249908,2.815581322
152038502137,0.285878509,-0.688078105,0.098753184,0.156820208,-10.292673111,2.815581322
152039763062,0.282418132,-0.693135560,0.100616455,0.120907187,-10.345345497,2.800019026
152041023937,0.279490143,-0.692070842,0.106206253,0.079008654,-10.392032623,2.785653591
152042284850,0.282151967,-0.698725343,0.106472440,0.063446343,-10.400412560,2.789244890
152043545750,0.283216685,-0.696862102,0.112328425,0.034715924,-10.421959877,2.797624826
152044806662,0.277893066,-0.701653361,0.110198975,0.009576807,-10.450690269,2.794033289
152046067550,0.270972341,-0.706178427,0.113393143,0.009576807,-10.412383080,2.778470993
152047328462,0.273634166,-0.702718079,0.121112399,-0.026336219,-10.427945137,2.767697096
152048589350,0.270439982,-0.706178427,0.121644758,-0.025139118,-10.370484352,2.783259392
152049850262,0.267245829,-0.709904969,0.129097834,-0.037110128,-10.356119156,2.706645012
152051111150,0.266447276,-0.707509339,0.134687632,-0.050278235,-10.360907555,2.706645012
152052372075,0.264584005,-0.707509339,0.135219991,-0.074220255,-10.317811966,2.697068214
152053632975,0.264317840,-0.714163899,0.144003972,-0.073023155,-10.315418243,2.732981205
152054893862,0.256332397,-0.710437357,0.148262873,-0.073023155,-10.301053047,2.712630510
152056154762,0.253936768,-0.707509339,0.152787954,-0.065840550,-10.292673111,2.709039211
152057415675,0.257130951,-0.703250468,0.158910111,-0.099359371,-10.277111053,2.691082716
152058676600,0.256332397,-0.708840251,0.163701370,-0.112527482,-10.256760597,2.693476915
152059937487,0.248346955,-0.708574057,0.172485352,-0.089782566,-10.171766281,2.659958124
152061198400,0.249411687,-0.705379903,0.177010432,-0.037110128,-10.162189484,2.676717520
152062459287,0.247548416,-0.704048991,0.182866409,-0.094570965,-10.133459091,2.615665436
152063720187,0.243289515,-0.703782797,0.188722402,-0.120907187,-10.077195168,2.615665436
152064981100,0.240361527,-0.698725343,0.199901998,-0.076614454,-10.013749123,2.658761024
152066241987,0.232642278,-0.698725343,0.204427078,-0.096965171,-9.973047256,2.642001629
152067502900,0.230779007,-0.694998860,0.207621247,-0.077811554,-9.889249802,2.683900118
152068763800,0.226253927,-0.691538453,0.212146327,-0.056263741,-9.831789017,2.640804529
152070024712,0.221196488,-0.689675212,0.218268499,-0.021547815,-9.780314445,2.658761024
152071285600,0.215340510,-0.685948670,0.224124476,0.017956512,-9.757569313,2.608482838
152072546512,0.210283071,-0.683553040,0.230246648,0.016759412,-9.671378136,2.568978548
152073807400,0.207887441,-0.680891216,0.228915736,0.053869538,-9.594763756,2.579752445
152075068312,0.200966731,-0.679826498,0.236368805,0.029927522,-9.507374763,2.534262419
152076329225,0.193779841,-0.676898539,0.239829168,0.062249243,-9.396044731,2.527079821
152077590125,0.193513662,-0.674236715,0.244354248,0.125695586,-9.372102737,2.483984232
152078851037,0.191916570,-0.671042562,0.250476420,0.102950677,-9.238027573,2.464830637
152080111912,0.182866409,-0.667049825,0.252073497,0.252588272,-9.187748909,2.458845139
152081372837,0.182334051,-0.665718913,0.253936768,0.256179571,-9.135076523,2.420537949
152082633725,0.181003138,-0.659862936,0.256066203,0.286107093,-9.008184433,2.406172752
152083894625,0.180736959,-0.658265829,0.255533844,0.295683920,-8.992621422,2.455253839
152085155525,0.177010432,-0.658265829,0.260058939,0.299275219,-8.918401718,2.324769974
152086416425,0.180204600,-0.653740764,0.261389822,0.386663586,-8.942343712,2.331952572
152087677350,0.182067871,-0.657999694,0.261123657,0.399831682,-8.901641846,2.298433542
152088938250,0.184995860,-0.656668782,0.261656016,0.415394008,-8.949525833,2.276885748
152090199150,0.194046021,-0.658532023,0.258461833,0.499191046,-8.995016098,2.291250944
152091460037,0.202297628,-0.657733500,0.258728027,0.519541800,-9.078812599,2.146401882
152092720962,0.209750697,-0.660395324,0.254202932,0.569819987,-9.180566788,2.128445387
152093981862,0.221196488,-0.662524760,0.247016057,0.633266330,-9.277531624,2.154781580
152095242775,0.226253927,-0.667582154,0.250210226,0.673967779,-9.457097054,2.081758499
152096503650,0.238498256,-0.671042562,0.251008779,0.705092430,-9.575610161,2.063801765
152097764562,0.247814596,-0.675833821,0.248346955,0.787692368,-9.674968719,2.054224968
152099025475,0.256066203,-0.681955934,0.251008779,0.793677866,-9.871294022,2.102109194
152100286362,0.265382558,-0.686481059,0.252605855,0.818816960,-10.023325920,2.167949677
152101547275,0.269109100,-0.694732666,0.255533844,0.875080705,-10.178948402,2.187103271
152102808175,0.282684326,-0.697128296,0.257397115,0.916979253,-10.352528572,2.223016262
152104069087,0.285079956,-0.702718079,0.256066203,0.936132848,-10.521319389,2.233790159
152105329975,0.297590464,-0.704315186,0.265648723,0.961272001,-10.662577629,2.297236443
152106590875,0.297058105,-0.708041728,0.265914917,0.955286503,-10.827776909,2.335543871
152107851775,0.302647918,-0.714696229,0.273634166,1.012747288,-10.997765541,2.409764051
152109112700,0.308770061,-0.722681642,0.277893066,0.987608194,-11.162965775,2.445677042
152110373600,0.316755503,-0.724811137,0.282418132,1.015141487,-11.303026199,2.431311846
152111634500,0.319683492,-0.728005290,0.285079956,1.004367590,-11.463438034,2.449268341
152112895400,0.323676199,-0.735458374,0.288274139,0.992396593,-11.585541725,2.519897223
152114156300,0.333791077,-0.736789286,0.298921376,0.982819796,-11.759121895,2.494758129
152115417200,0.339380890,-0.742112875,0.301050812,1.041477799,-11.889605522,2.521094322
152116678100,0.344438344,-0.751961589,0.304511160,0.972045898,-12.028469086,2.586935043
152117939012,0.346833974,-0.753292501,0.306906790,0.973242998,-12.149376869,2.567781448
152119199937,0.356682658,-0.760479391,0.313561320,0.995987892,-12.278663635,2.596511841
152120460825,0.363603383,-0.773522258,0.322877675,0.932541549,-12.442666054,2.545036316
152121721712,0.372919708,-0.779112041,0.332460195,0.922964752,-12.607866287,2.592920542
152122982612,0.382768422,-0.777514994,0.336452901,0.897825658,-12.695254326,2.591723442
152124243525,0.388092041,-0.785234213,0.344704509,0.889445961,-12.843694687,2.586935043
152125504425,0.403530538,-0.792687297,0.356948853,0.863109708,-12.947842598,2.610877037
152126765350,0.407523245,-0.795881450,0.366265178,0.816422760,-13.075932503,2.572569847
152128026225,0.411249787,-0.799607992,0.375315338,0.797269166,-13.130999565,2.620453835
152129287150,0.419235229,-0.803866923,0.386761129,0.743399620,-13.274651527,2.606088638
152130548025,0.424558848,-0.816909790,0.404062897,0.741005421,-13.353659630,2.619256735
152131808950,0.432810456,-0.815578878,0.408587992,0.741005421,-13.431471825,2.618059635
152133069825,0.433875173,-0.817974508,0.430681020,0.656011283,-13.506889343,2.592920542
152134330750,0.435206085,-0.825427592,0.445853323,0.598550439,-13.584700584,2.630030632
152135591650,0.439997345,-0.825161397,0.462888926,0.511162043,-13.603854179,2.616862535
152136852550,0.439198792,-0.821967244,0.487909943,0.519541800,-13.678074837,2.596511841
152138113462,0.436536998,-0.828089356,0.506542623,0.440533102,-13.676877022,2.545036316
152139374362,0.438400269,-0.831549764,0.520384014,0.377086759,-13.686453819,2.595314741
152140635250,0.441860616,-0.827823222,0.538750529,0.313640416,-13.679271698,2.638410330
152141896150,0.435738444,-0.826492310,0.558980286,0.265756398,-13.678074837,2.613271236
152143157062,0.429882467,-0.825693727,0.579742432,0.191536143,-13.588292122,2.549824715
152144417962,0.430947185,-0.821701050,0.600238383,0.149637610,-13.555970192,2.536656618
152145678862,0.430414826,-0.820370138,0.619935751,0.053869538,-13.526042938,2.543839216
152146939750,0.420299947,-0.811586142,0.630316854,0.013168110,-13.426683426,2.497152328
152148200675,0.412846863,-0.809989095,0.651877522,-0.062249243,-13.378799438,2.489969730
152149461575,0.406192362,-0.805996358,0.675567627,-0.129286900,-13.263877869,2.457648039
152150722475,0.401401103,-0.798543274,0.686214864,-0.190339044,-13.144167900,2.370259762
152151983375,0.396077454,-0.789226949,0.701919556,-0.283712894,-13.019668579,2.365471363
152153244275,0.387559682,-0.788162231,0.714696229,-0.294486821,-12.913126945,2.306813240
152154505187,0.379840434,-0.776716411,0.729336202,-0.412999809,-12.782643318,2.308010340
152155766087,0.375581533,-0.769795716,0.736256897,-0.434547603,-12.593501091,2.223016262
152157026987,0.358812124,-0.762608826,0.741846681,-0.526724398,-12.533645630,2.179920673
152158287900,0.352956116,-0.755688131,0.752227783,-0.555454791,-12.362460136,2.105700493
152159548812,0.350028127,-0.744774699,0.762076497,-0.582988143,-12.212822914,2.053027868
152160809700,0.339647084,-0.728271484,0.772191346,-0.676361978,-12.123040199,2.005143881
152162070612,0.329798371,-0.721084595,0.775917888,-0.750582218,-11.986571312,1.940500498
152163331512,0.320482045,-0.711768270,0.783104777,-0.746990919,-11.872846603,1.861491799
152164592412,0.319417328,-0.698193014,0.783104777,-0.800860465,-11.783063889,1.802833915
152165853325,0.313561320,-0.688610494,0.789226949,-0.841561913,-11.717223167,1.790862918
152167114225,0.304511160,-0.677697062,0.793485820,-0.846350312,-11.643002510,1.736993313
152168375125,0.299187541,-0.664920390,0.792154908,-0.896628559,-11.542446136,1.665167332
152169636025,0.296259552,-0.654805481,0.796946168,-0.903811157,-11.510125160,1.551442742
152170896925,0.286144674,-0.642295003,0.795082927,-0.939724147,-11.431116104,1.545457244
152172157825,0.283749044,-0.633244812,0.793485820,-0.987608194,-11.397597313,1.534683347
152173418737,0.279490143,-0.618871033,0.791622579,-0.976834297,-11.384428978,1.485602140
152174679637,0.272835612,-0.609288514,0.791622579,-0.993593693,-11.322179794,1.489193439
152175940537,0.266447276,-0.597044170,0.794284403,-0.963666201,-11.265915871,1.459265947
152177201450,0.261123657,-0.586130798,0.784701884,-0.966060400,-11.298237801,1.472434044
152178462337,0.256332397,-0.573354065,0.778845906,-0.968454599,-11.323376656,1.464054346
152179723250,0.255267680,-0.562174499,0.778047323,-0.913387954,-11.349713326,1.465251446
152180984162,0.251541138,-0.556318462,0.771925151,-0.942118347,-11.374852180,1.431732655
152182245062,0.245418966,-0.542743266,0.768198609,-0.897825658,-11.349713326,1.420958757
152183505950,0.238764435,-0.529434204,0.758882284,-0.858321309,-11.367670059,1.431732655
152184766862,0.234239370,-0.523045838,0.752493978,-0.828393817,-11.420342445,1.450886250
152186027762,0.235570267,-0.516125143,0.750364482,-0.784101069,-11.498153687,1.429338455
152187288662,0.231843740,-0.507873535,0.741846681,-0.719457626,-11.529278755,1.484405041
152188549575,0.232109919,-0.498557180,0.734393656,-0.676361978,-11.560402870,1.486799240
152189810450,0.224923030,-0.489240855,0.723746419,-0.641646087,-11.620258331,1.534683347
152191071375,0.228649557,-0.483917236,0.718422771,-0.555454791,-11.689689636,1.517923832
152192332262,0.227052480,-0.475931793,0.703782797,-0.519541800,-11.745953560,1.580173135
152193593162,0.221995026,-0.469011098,0.699790120,-0.476446152,-11.778275490,1.602918029
152194854087,0.218002319,-0.464486003,0.694200277,-0.385466486,-11.803414345,1.640028119
152196115000,0.220131770,-0.457831472,0.681423604,-0.354341865,-11.872846603,1.643619537
152197375875,0.218268499,-0.453306407,0.670510173,-0.323217243,-11.863269806,1.760935307
152198636787,0.214808136,-0.450112224,0.667582154,-0.238223076,-11.864466667,1.837549806
152199897700,0.211880147,-0.446119517,0.658532023,-0.215478152,-11.860875130,1.832761407
152201158587,0.208685979,-0.443191528,0.647086263,-0.116118781,-11.853693008,1.886631012
152202419500,0.204693258,-0.437601715,0.640431702,-0.045489833,-11.839327812,1.934514999
152203680400,0.207621247,-0.431745738,0.633777201,-0.014365210,-11.821371078,1.934514999
152204941325,0.204160899,-0.429350108,0.618072510,0.064643450,-11.757925034,1.951274395
152206202200,0.201499090,-0.427753031,0.614345968,0.064643450,-11.672930717,1.991975784
152207463112,0.193779841,-0.429083914,0.605561972,0.122104287,-11.626243591,1.976413488
152208724012,0.190851837,-0.426155925,0.595447123,0.162805721,-11.519701958,1.980004787
152209984912,0.191384211,-0.423494130,0.588260233,0.217872351,-11.451466560,2.026691675
152211245812,0.188190028,-0.417371958,0.573087871,0.258573800,-11.371260643,2.013523579
152212506725,0.190585658,-0.418170512,0.571490824,0.254982471,-11.307814598,2.007538080
152213767637,0.190053299,-0.421630859,0.557915568,0.304063618,-11.196484566,1.970427990
152215028525,0.182067871,-0.420566142,0.543541789,0.357933164,-11.089941978,1.978807688
152216289437,0.180736959,-0.415242493,0.531031311,0.342370838,-10.969035149,1.964442492
152217550337,0.187657669,-0.415242493,0.517722249,0.367509961,-10.892420769,1.966836691
152218811262,0.190053299,-0.417371958,0.509204447,0.343567938,-10.826580048,1.917755604
152220072137,0.187657669,-0.415508687,0.494830668,0.373495460,-10.730812073,1.893813610
152221333062,0.191650391,-0.414976329,0.482852519,0.392649084,-10.676942825,1.866280198
152222593950,0.189787120,-0.422695577,0.472737610,0.390254885,-10.564414978,1.874659896
152223854850,0.196175471,-0.425623566,0.458363831,0.393846184,-10.500968933,1.874659896
152225115750,0.200168177,-0.430947185,0.445587158,0.374692559,-10.450690269,1.812410712
152226376675,0.199635819,-0.428551555,0.430148661,0.361524463,-10.382455826,1.802833915
152227637562,0.202297628,-0.431745738,0.415774882,0.375889659,-10.357316971,1.801636815
152228898450,0.204693258,-0.436536998,0.403796732,0.399831682,-10.293869972,1.835155606
152230159375,0.202829987,-0.428551555,0.388890564,0.328005642,-10.277111053,1.821987510
152231420275,0.206024170,-0.432011902,0.373452067,0.316034615,-10.287884712,1.812410712
152232681175,0.210549250,-0.441594422,0.357215017,0.252588272,-10.253169060,1.790862918
152233942087,0.216405228,-0.438932627,0.339647084,0.250194073,-10.235212326,1.833958507
152235203000,0.216139048,-0.436803162,0.325007111,0.244208574,-10.272322655,1.782483220
152236463887,0.217736140,-0.439731181,0.308237702,0.166397020,-10.317811966,1.764526725
152237724787,0.221462667,-0.438666433,0.292533010,0.190339044,-10.332177162,1.816002011
152238985687,0.222527400,-0.440263540,0.278691620,0.184353530,-10.366893768,1.753752708
152240246600,0.227052480,-0.445853323,0.258728027,0.146046311,-10.436325073,1.698686123
152241507500,0.231311366,-0.445320964,0.244886607,0.068234749,-10.572794914,1.728613615
152242768400,0.233706996,-0.449313700,0.230512828,0.034715924,-10.676942825,1.653196335
152244029312,0.230779007,-0.443990052,0.217203766,0.065840550,-10.806229591,1.660378933
152245290200,0.236635000,-0.444256246,0.203362361,-0.015562311,-10.903194427,1.611297727
152246551112,0.235836446,-0.446918070,0.189254761,-0.025139118,-11.089941978,1.570596337
152247812012,0.231045187,-0.446119517,0.180470780,-0.013168110,-11.185709953,1.571793437
152249072912,0.231311366,-0.449846059,0.171420619,-0.023942018,-11.265915871,1.614889026
152250333812,0.233174637,-0.450910777,0.162104294,-0.092176765,-11.379640579,1.590947032
152251594712,0.225455388,-0.449579865,0.155183583,-0.104147777,-11.482591629,1.651999235
152252855637,0.218534678,-0.446918070,0.143471614,-0.081402861,-11.565191269,1.679532528
152254116525,0.208153620,-0.444522440,0.138680354,-0.079008654,-11.678915977,1.703474522
152255377437,0.198038727,-0.443723887,0.134421453,-0.083797060,-11.741165161,1.758541107
152256638337,0.184995860,-0.447184235,0.128299281,-0.106541976,-11.771092415,1.728613615
152257899250,0.169557363,-0.437867910,0.130428731,-0.086191259,-11.767501831,1.826775908
152259160150,0.161305740,-0.436536998,0.129896373,-0.069431849,-11.750741959,1.819593310
152260421037,0.145334885,-0.437601715,0.126968384,-0.061052144,-11.751938820,1.831564307
152261681950,0.132824361,-0.433609009,0.122975662,-0.082599960,-11.712434769,1.855506301
152262942862,0.114724055,-0.428019196,0.120580032,-0.070628949,-11.658565521,1.825578809
152264203750,0.100882635,-0.423760295,0.117918223,-0.086191259,-11.549629211,1.890222311
152265464662,0.081983775,-0.419767588,0.118716769,-0.080205761,-11.482591629,1.844732404
152266725575,0.070537992,-0.420566142,0.111529879,-0.116118781,-11.325771332,1.807622313
152267986487,0.055365667,-0.416041046,0.105407715,-0.105344877,-11.235988617,1.832761407
152269247362,0.044186063,-0.413645416,0.094228104,-0.084994160,-11.099518776,1.781286120
152270508275,0.036466811,-0.406724721,0.092098661,-0.088585466,-11.010933876,1.726219416
152271769187,0.027949015,-0.402731985,0.088105939,-0.052672438,-10.912771225,1.680729628
152273030075,0.019697402,-0.401667267,0.081185237,-0.026336219,-10.778696060,1.624465823
152274290987,0.010114881,-0.394746572,0.071336530,-0.061052144,-10.649409294,1.625662923
152275551900,0.002395630,-0.392883301,0.065746732,0.002394202,-10.521319389,1.578976035
152276812787,-0.003726535,-0.391552389,0.066545270,0.000000000,-10.369287491,1.515529633
152278073700,-0.010913425,-0.387293488,0.054833304,0.021547815,-10.281899452,1.583764434
152279334612,-0.014373779,-0.387293488,0.047114052,0.028730420,-10.182539940,1.571793437
152280595487,-0.024488661,-0.389689118,0.046049330,0.021547815,-10.067618370,1.520318151
152281856400,-0.027416652,-0.381171316,0.038063895,0.075417355,-9.980230331,1.537077546
152283117300,-0.030078463,-0.380372792,0.031675551,0.112527482,-9.882067680,1.503558636
152284378200,-0.036466811,-0.378509521,0.029812282,0.153228909,-9.794679642,1.529894948
152285639112,-0.042588975,-0.380638957,0.021028306,0.142454997,-9.645041466,1.502361536
152286900025,-0.042056613,-0.377178609,0.015438504,0.189141929,-9.550470352,1.461660147
152288160925,-0.048444960,-0.371854991,0.010913425,0.180762231,-9.453505516,1.473631144
152289421837,-0.046315510,-0.371322632,-0.000798543,0.201112941,-9.386467934,1.493981838
152290682725,-0.047646414,-0.370524079,-0.006654528,0.238223076,-9.264363289,1.528697848
152291943637,-0.055365667,-0.369991720,-0.006122165,0.289698422,-9.168595314,1.583764434
152293204537,-0.059358384,-0.368927002,-0.015438504,0.277727395,-9.051280022,1.485602140
152294465450,-0.053502399,-0.368128449,-0.022625392,0.287304193,-8.954314232,1.532289147
152295726350,-0.055898029,-0.363603383,-0.022359211,0.357933164,-8.914810181,1.555034041
152296987250,-0.055898029,-0.363337189,-0.027682833,0.368707061,-8.809465408,1.509544134
152298248137,-0.056164213,-0.363071024,-0.034869723,0.371101260,-8.752004623,1.485602140
152299509050,-0.059890747,-0.361473918,-0.042322792,0.392649084,-8.615534782,1.539471745
152300769950,-0.054833304,-0.364401907,-0.051639132,0.386663586,-8.562862396,1.522712350
152302030862,-0.052703857,-0.367596090,-0.056696571,0.408211380,-8.485051155,1.523909450
152303291775,-0.055365667,-0.361740112,-0.058559842,0.464475125,-8.455122948,1.529894948
152304552675,-0.047114052,-0.361207753,-0.065214366,0.453701228,-8.349778175,1.510741234
152305813562,-0.042056613,-0.360675395,-0.079055786,0.489614248,-8.300697327,1.479616642
152307074487,-0.044452243,-0.355884135,-0.076660156,0.462080926,-8.264783859,1.483207941
152308335387,-0.038862441,-0.357481211,-0.081983775,0.483628750,-8.224082947,1.452083349
152309596287,-0.030877007,-0.359344482,-0.090767756,0.462080926,-8.164227486,1.437718153
152310857187,-0.034071181,-0.355351746,-0.098753184,0.474051952,-8.128314972,1.440112352
152312118087,-0.026618110,-0.356948853,-0.106206253,0.477643251,-8.112752914,1.406593561
152313378987,-0.019697402,-0.354819387,-0.116853498,0.423773706,-8.109161377,1.432929754
152314639887,-0.015438504,-0.352689952,-0.122709483,0.464475125,-8.116343498,1.423352957
152315900800,-0.008251614,-0.355351746,-0.128565475,0.462080926,-8.109161377,1.420958757
152317161712,-0.000798543,-0.353754669,-0.132558182,0.492008448,-8.104372978,1.437718153
152318422612,0.001330905,-0.350826681,-0.132824361,0.410605609,-8.082824707,1.418564558
152319683525,0.003726535,-0.352956116,-0.143471614,0.426167905,-8.086416245,1.458068848
152320944412,0.009050157,-0.349761963,-0.151723221,0.458489627,-8.107964516,1.414973259
152322205312,0.009316338,-0.342841238,-0.161571920,0.426167905,-8.133103371,1.428141356
152323466225,0.010381063,-0.340445608,-0.162370473,0.422576606,-8.112752914,1.443703651
152324727125,0.015438504,-0.347366333,-0.163967550,0.414196908,-8.128314972,1.423352957
152325988025,0.021294488,-0.348164856,-0.172219172,0.353144765,-8.145073891,1.406593561
152327248937,0.024488661,-0.343107432,-0.180736959,0.373495460,-8.151060104,1.448492050
152328509825,0.023423936,-0.344172150,-0.184463501,0.389057785,-8.175002098,1.442506552
152329770737,0.026618110,-0.344704509,-0.182067871,0.393846184,-8.207323074,1.399410963
152331031637,0.026085747,-0.338582337,-0.191916570,0.360327363,-8.220491409,1.413776159
152332292550,0.025021022,-0.336452901,-0.192182750,0.377086759,-8.250418663,1.449689150
152333553450,0.022093032,-0.337251455,-0.198038727,0.366312861,-8.244433403,1.394622445
152334814350,0.023157755,-0.334589630,-0.200434357,0.318428814,-8.287528992,1.395819545
152336075250,0.026085747,-0.323942393,-0.202031448,0.337582439,-8.248024940,1.333570361
152337336175,0.022359211,-0.328467458,-0.202829987,0.333991140,-8.258798599,1.350329757
152338597075,0.018366495,-0.325539470,-0.208419800,0.314837515,-8.297105789,1.356315255
152339857975,0.019697402,-0.323942393,-0.208419800,0.276530296,-8.293515205,1.350329757
152341118875,0.021294488,-0.321280569,-0.209750697,0.344765037,-8.334216118,1.349132657
152342379775,0.018366495,-0.319151133,-0.210016876,0.359130263,-8.354566574,1.347935557
152343640687,0.011445787,-0.312496603,-0.211880147,0.326808542,-8.384494781,1.331176162
152344901587,0.010913425,-0.312230438,-0.208419800,0.333991140,-8.410830498,1.274912357
152346162487,0.008783977,-0.311964244,-0.208153620,0.312443316,-8.455122948,1.260547161
152347423400,0.003726535,-0.306906790,-0.209218338,0.323217243,-8.465897560,1.243787766
152348684300,0.004525078,-0.306374431,-0.207355067,0.312443316,-8.455122948,1.279700875
152349945212,-0.001330905,-0.304511160,-0.205757990,0.316034615,-8.452729225,1.298854470
152351206100,-0.004791260,-0.301849365,-0.203628540,0.289698422,-8.459911346,1.284489274
152352467012,-0.008517795,-0.298655182,-0.198304921,0.329202741,-8.450334549,1.270123959
152353727925,-0.016237047,-0.295194834,-0.195110738,0.356736064,-8.506598473,1.205480576
152354988800,-0.017035590,-0.300784647,-0.194046021,0.387860686,-8.435969353,1.246181965
152356249725,-0.022891574,-0.297058105,-0.195376918,0.338779539,-8.475474358,1.264138460
152357510637,-0.027150471,-0.294928640,-0.188988581,0.325611442,-8.481459618,1.278503776
152358771537,-0.033272635,-0.293065399,-0.185262039,0.417788208,-8.501810074,1.199495077
152360032425,-0.038862441,-0.287475586,-0.181535512,0.398634583,-8.485051155,1.174355984
152361293337,-0.042322792,-0.288274139,-0.174082428,0.403422982,-8.479064941,1.149216771
152362554250,-0.047114052,-0.285079956,-0.170355901,0.384269387,-8.452729225,1.182735682
152363815137,-0.054833304,-0.284015238,-0.167960271,0.424970806,-8.445546150,1.145625472
152365076050,-0.059624564,-0.285612315,-0.167161733,0.453701228,-8.473079681,1.167173386
152366336962,-0.062020194,-0.282151967,-0.169024989,0.407014281,-8.450334549,1.151610970
152367597862,-0.067077637,-0.278425425,-0.160507202,0.452504128,-8.418013573,1.170764685
152368858750,-0.070804171,-0.279223979,-0.152521774,0.500388145,-8.413225174,1.177947283
152370119650,-0.075595431,-0.277094513,-0.151723221,0.468066424,-8.406042099,1.130063176
152371380550,-0.078789607,-0.276562154,-0.153320312,0.435744703,-8.414422035,1.131260276
152372641475,-0.087573580,-0.276295990,-0.145601064,0.469263524,-8.397662163,1.122880578
152373902375,-0.092364840,-0.277893066,-0.139212713,0.501585245,-8.377311707,1.134851575
152375163287,-0.092631020,-0.278957784,-0.134687632,0.474051952,-8.376114845,1.125274777
152376424175,-0.099019364,-0.272569448,-0.130961105,0.497993946,-8.361749649,1.120486379
152377685100,-0.100882635,-0.273101807,-0.128033102,0.527921498,-8.342596054,1.121683478
152378946012,-0.101947360,-0.270173818,-0.124838933,0.525527298,-8.285135269,1.114500880
152380206912,-0.108069524,-0.267511994,-0.123241849,0.531512797,-8.259995461,1.114500880
152381467812,-0.109932795,-0.271504730,-0.118450589,0.572214186,-8.258798599,1.136048675
152382728700,-0.112062238,-0.267778188,-0.112594604,0.571017087,-8.203732491,1.100135684
152383989600,-0.119249128,-0.266979635,-0.112328425,0.560243189,-8.190564156,1.114500880
152385250512,-0.120313853,-0.270173818,-0.110731333,0.514753342,-8.121131897,1.138442874
152386511425,-0.120047674,-0.266181082,-0.109666608,0.495599747,-8.069657326,1.118092179
152387772325,-0.128565475,-0.265116364,-0.108601883,0.524330199,-8.060080528,1.112106681
152389033237,-0.128033102,-0.265648723,-0.102479719,0.531512797,-8.060080528,1.165976286
152390294125,-0.126702204,-0.262986928,-0.100616455,0.525527298,-8.060080528,1.144428372
152391555025,-0.129896373,-0.261922210,-0.100616455,0.500388145,-7.966706276,1.113303781
152392815937,-0.132558182,-0.259526581,-0.100882635,0.420182407,-7.926004887,1.138442874
152394076837,-0.132292002,-0.257663310,-0.098753184,0.420182407,-7.927201748,1.120486379
152395337725,-0.134953812,-0.253138214,-0.095292829,0.415394008,-7.897274494,1.112106681
152396598650,-0.136284724,-0.249145508,-0.094760470,0.405817181,-7.839813709,1.120486379
152397859562,-0.133356735,-0.243821889,-0.094228104,0.389057785,-7.820660114,1.088164687
152399120462,-0.134687632,-0.238498256,-0.096357554,0.361524463,-7.843404770,1.121683478
152400381362,-0.134155273,-0.238498256,-0.099285550,0.322020143,-7.801506519,1.078587890
152401642262,-0.126169845,-0.238498256,-0.095026650,0.316034615,-7.757213593,1.091755986
152402903150,-0.128831655,-0.237433538,-0.099285550,0.289698422,-7.753622055,1.063025594
152404164062,-0.125105113,-0.232642278,-0.100350276,0.272938997,-7.716512203,1.051054597
152405424987,-0.125371292,-0.225455388,-0.097954646,0.293289721,-7.669825077,1.084573388
152406685887,-0.123774208,-0.223325938,-0.098220825,0.277727395,-7.648277283,1.094150186
152407946762,-0.118450589,-0.223059759,-0.100616455,0.250194073,-7.613561630,1.069011092
152409207687,-0.115788773,-0.219333217,-0.098487005,0.228646263,-7.642292023,1.037886500
152410468600,-0.111529879,-0.214275777,-0.099285550,0.177170932,-7.590816498,1.057040095
152411729487,-0.107537165,-0.209484518,-0.094760470,0.209492654,-7.575254440,1.078587890
152412990412,-0.106206253,-0.207088888,-0.098220825,0.233434662,-7.607575893,1.046266198
152414251300,-0.103012085,-0.200700551,-0.104609169,0.169988319,-7.587225437,1.051054597
152415512225,-0.097422279,-0.198304921,-0.101681180,0.186747730,-7.586028099,1.019929886
152416773112,-0.093163386,-0.195110738,-0.103810623,0.186747730,-7.586028099,1.027112484
152418034012,-0.089170665,-0.190851837,-0.101947360,0.186747730,-7.590816498,1.016338587
152419294912,-0.087573580,-0.186592951,-0.101681180,0.209492654,-7.560889244,1.052251697
152420555825,-0.082782321,-0.181535512,-0.104609169,0.263362199,-7.601590633,1.089361787
152421816725,-0.075063072,-0.174614802,-0.108868070,0.213083953,-7.594408035,1.054645896
152423077625,-0.070804171,-0.173017710,-0.108069524,0.197521642,-7.570466042,1.035492301
152424338525,-0.066545270,-0.171686798,-0.109400429,0.147243410,-7.684190273,1.052251697
152425599437,-0.060955472,-0.167960271,-0.107004799,0.179565132,-7.617152691,1.061828494
152426860337,-0.056164213,-0.160773382,-0.108868070,0.155623108,-7.709329605,1.039083600
152428121237,-0.049775865,-0.162104294,-0.113126963,0.201112941,-7.699752808,1.031900883
152429382150,-0.041258071,-0.159974843,-0.110198975,0.147243410,-7.728483200,1.048660398
152430643050,-0.038596258,-0.155715942,-0.108335704,0.165199921,-7.794323921,1.019929886
152431903950,-0.035668265,-0.153586492,-0.111529879,0.162805721,-7.817068577,1.005564690
152433164862,-0.030610826,-0.153586492,-0.108868070,0.155623108,-7.857769966,0.998382092
152434425775,-0.026884291,-0.152521774,-0.106738620,0.172382519,-7.916428089,1.028309584
152435686675,-0.024222480,-0.150658503,-0.102479719,0.141257897,-7.922413349,1.018732786
152436947575,-0.018100314,-0.146931961,-0.103544444,0.129286900,-7.970297337,1.007958889
152438208462,-0.013309055,-0.144536331,-0.101414993,0.154426008,-7.961917877,1.048660398
152439469387,-0.011445787,-0.147198141,-0.097954646,0.202310041,-8.042123795,1.031900883
152440730275,-0.008517795,-0.145601064,-0.095026650,0.173579618,-8.074445724,1.126471877
152441991175,-0.003194173,-0.143205434,-0.094228104,0.203507140,-8.115146637,1.054645896
152443252087,0.000266181,-0.142140701,-0.093961924,0.192733243,-8.192957878,1.048660398
152444513000,0.002927992,-0.137881801,-0.086775035,0.178368032,-8.202534676,1.125274777
152445773912,0.005057441,-0.133356735,-0.085976496,0.187944829,-8.243236542,1.088164687
152447034800,0.010913425,-0.133622915,-0.083048500,0.156820208,-8.257601738,1.138442874
152448295725,0.010913425,-0.141075984,-0.078789607,0.180762231,-8.271966934,1.167173386
152449556625,0.015438504,-0.141075984,-0.076926336,0.209492654,-8.344989777,1.092953086
152450817500,0.016503228,-0.138680354,-0.076393977,0.208295554,-8.402450562,1.122880578
152452078412,0.021294488,-0.138680354,-0.072401255,0.193930343,-8.353369713,1.163582087
152453339325,0.019697402,-0.136284724,-0.065746732,0.160411522,-8.443152428,1.121683478
152454600237,0.015704684,-0.137083262,-0.065746732,0.181959331,-8.495824814,1.088164687
152455861125,0.023423936,-0.139745072,-0.058559842,0.172382519,-8.536526680,1.145625472
152457122037,0.027682833,-0.138147995,-0.055365667,0.202310041,-8.568847656,1.124077678
152458382925,0.024222480,-0.139478892,-0.054567125,0.201112941,-8.562862396,1.112106681
152459643850,0.025287203,-0.140809804,-0.047912598,0.214281052,-8.629899979,1.144428372
152460904750,0.026351929,-0.137615621,-0.043653701,0.191536143,-8.611943245,1.142034173
152462165662,0.028747559,-0.138946533,-0.042588975,0.190339044,-8.625111580,1.118092179
152463426550,0.030610826,-0.141874522,-0.037531536,0.221463665,-8.672995567,1.168370485
152464687462,0.026618110,-0.140543625,-0.031675551,0.257376671,-8.714894295,1.154005170
152465948350,0.022625392,-0.135752365,-0.032740276,0.202310041,-8.736441612,1.134851575
152467209275,0.027150471,-0.140543625,-0.024754841,0.217872351,-8.761581421,1.197100878
152468470175,0.031143188,-0.138414174,-0.021560669,0.229843363,-8.789114952,1.158793688
152469731075,0.027949015,-0.141075984,-0.023690118,0.211886853,-8.868123055,1.187524080
152470991987,0.025287203,-0.141342163,-0.020229762,0.192733243,-8.831012726,1.238999367
152472252875,0.029812282,-0.142673060,-0.016769409,0.271741897,-8.853757858,1.240196466
152473513787,0.027416652,-0.142140701,-0.013309055,0.190339044,-8.893261909,1.242590666
152474774687,0.022891574,-0.144003972,-0.010647244,0.241814375,-8.908824921,1.298854470
152476035587,0.030344645,-0.138414174,-0.009848701,0.229843363,-8.935160637,1.268926859
152477296500,0.027949015,-0.140809804,-0.011445787,0.178368032,-8.971074104,1.307234168
152478557387,0.030078463,-0.138680354,-0.008251614,0.165199921,-8.935160637,1.279700875
152479818312,0.026085747,-0.137349442,-0.005057441,0.177170932,-8.943540573,1.374271750
152481079212,0.025021022,-0.141075984,-0.004525078,0.155623108,-8.986636162,1.345541358
152482340112,0.022891574,-0.141075984,-0.009848701,0.150834709,-8.961497307,1.410184860
152483601025,0.021826850,-0.141342163,-0.007719252,0.138863698,-9.004592896,1.400608063
152484861912,0.025553385,-0.138680354,-0.006388346,0.134075299,-8.985439301,1.401805162
152486122825,0.026085747,-0.140543625,-0.010114881,0.126892686,-8.989029884,1.395819545
152487383737,0.024222480,-0.136018544,-0.010381063,0.124498487,-8.921992302,1.440112352
152488644637,0.023423936,-0.132558182,-0.013309055,0.098162271,-8.945934296,1.410184860
152489905525,0.025819566,-0.130162552,-0.015438504,0.093373865,-8.956708908,1.446097851
152491166450,0.028215196,-0.131493464,-0.018898858,0.094570965,-8.965087891,1.444900751
152492427350,0.026351929,-0.127766922,-0.028481377,0.092176765,-9.002198219,1.491587639
152493688250,0.021294488,-0.122975662,-0.040725708,0.055066638,-8.932766914,1.502361536
152494949162,0.025553385,-0.122709483,-0.036999173,-0.005985504,-8.942343712,1.485602140
152496210062,0.030877007,-0.119249128,-0.037797716,0.002394202,-8.924386978,1.511938334
152497470962,0.034071181,-0.114457868,-0.046049330,-0.020350715,-8.933963776,1.501164436
152498731875,0.032474093,-0.116853498,-0.053502399,-0.040701430,-8.850166321,1.532289147
152499992775,0.031675551,-0.119781494,-0.055898029,-0.019153614,-8.889671326,1.552639842
152501253675,0.034603544,-0.113659330,-0.063883461,-0.064643450,-8.847772598,1.522712350
152502514562,0.038596258,-0.107270978,-0.074530706,-0.096965171,-8.906430244,1.537077546
152503775487,0.039927166,-0.105673894,-0.078523420,-0.083797060,-8.880094528,1.550245643
152505036387,0.042056613,-0.103012085,-0.087307401,-0.124498487,-8.829815865,1.571793437
152506297300,0.049243502,-0.100882635,-0.092897199,-0.069431849,-8.825027466,1.576581836
152507558200,0.048444960,-0.100350276,-0.101148814,-0.059855044,-8.810662270,1.578976035
152508819100,0.056962755,-0.093961924,-0.106738620,-0.074220255,-8.834604263,1.523909450
152510080000,0.059624564,-0.089170665,-0.112860784,-0.099359371,-8.805873871,1.570596337
152511340912,0.059092201,-0.083580866,-0.120846219,-0.104147777,-8.825027466,1.582567334
152512601800,0.068142362,-0.085444130,-0.127766922,-0.113724582,-8.785523415,1.531092048
152513862712,0.072933622,-0.077458702,-0.135752365,-0.090979666,-8.820239067,1.561019540
152515123612,0.073465981,-0.074796885,-0.138946533,-0.086191259,-8.845377922,1.587355733
152516384525,0.076660156,-0.071602717,-0.147730514,-0.094570965,-8.832210541,1.605312228
152517645437,0.078789607,-0.068674721,-0.151723221,-0.070628949,-8.835801125,1.562216640
152518906337,0.080919050,-0.068940900,-0.156248301,-0.014365210,-8.836998940,1.578976035
152520167225,0.085976496,-0.063351102,-0.158643931,0.021547815,-8.838195801,1.590947032
152521428150,0.091300115,-0.063883461,-0.163435191,0.040701430,-8.813056946,1.550245643
152522689037,0.101148814,-0.058559842,-0.167694092,0.111330383,-8.769961357,1.529894948
152523949950,0.101148814,-0.058293659,-0.171952993,0.125695586,-8.809465408,1.501164436
152525210862,0.105407715,-0.061487831,-0.173550069,0.197521642,-8.814253807,1.482010841
152526471762,0.117385864,-0.060689289,-0.177276611,0.184353530,-8.821435928,1.501164436
152527732662,0.114457868,-0.062552556,-0.176211879,0.256179571,-8.805873871,1.504755735
152528993575,0.120580032,-0.062818736,-0.178075150,0.290895522,-8.757989883,1.479616642
152530254487,0.125371292,-0.057761297,-0.181003138,0.331596941,-8.757989883,1.482010841
152531515375,0.127500743,-0.061487831,-0.180470780,0.349553436,-8.817845345,1.438915253
152532776287,0.132824361,-0.067077637,-0.182600230,0.402225882,-8.797493935,1.466448545
152534037187,0.143471614,-0.069739446,-0.179139882,0.391451985,-8.853757858,1.504755735
152535298087,0.144003972,-0.071070351,-0.176744252,0.417788208,-8.820239067,1.521515250
152536559000,0.144270152,-0.073998347,-0.182600230,0.481234550,-8.834604263,1.468842745
152537819900,0.148795232,-0.073465981,-0.184995860,0.541089594,-8.889671326,1.436521053
152539080787,0.155715942,-0.078789607,-0.186592951,0.492008448,-8.923190117,1.459265947
152540341700,0.158377752,-0.081185237,-0.182866409,0.577002585,-8.950722694,1.460463047
152541602612,0.160507202,-0.085976496,-0.182600230,0.581791043,-8.950722694,1.502361536
152542863500,0.163967550,-0.088904485,-0.183132589,0.602141738,-8.938752174,1.482010841
152544124412,0.168492630,-0.092897199,-0.180470780,0.597353339,-9.009381294,1.460463047
152545385312,0.167694092,-0.099285550,-0.178075150,0.657208383,-9.088389397,1.496376038
152546646237,0.171952993,-0.099551730,-0.178873688,0.651222885,-9.046491623,1.440112352
152547907137,0.175945699,-0.108335704,-0.177542791,0.679953277,-9.123106003,1.461660147
152549168025,0.179938421,-0.122177124,-0.174082428,0.690727174,-9.119514465,1.453280449
152550428937,0.178873688,-0.118450589,-0.175679520,0.714669228,-9.127894402,1.459265947
152551689837,0.181269318,-0.122709483,-0.169823542,0.724246025,-9.167398453,1.456871748
152552950750,0.183398768,-0.133622915,-0.167960271,0.702698231,-9.199720383,1.449689150
152554211650,0.187923849,-0.138414174,-0.166629359,0.723048925,-9.252392769,1.455674648
152555472562,0.187391490,-0.140277430,-0.168758810,0.750582218,-9.303868294,1.485602140
152556733450,0.189520940,-0.147996694,-0.162370473,0.729034424,-9.282320023,1.486799240
152557994350,0.184197322,-0.149327591,-0.151989400,0.718260527,-9.315838814,1.515529633
152559255262,0.187391490,-0.159442469,-0.146665782,0.736217022,-9.350554466,1.507149935
152560516162,0.190053299,-0.170355901,-0.148529053,0.760159075,-9.393650055,1.595735431
152561777075,0.188722402,-0.175147161,-0.146399602,0.724246025,-9.357737541,1.637633920
152563037987,0.188190028,-0.177276611,-0.139212713,0.689530075,-9.346963882,1.600523829
152564298875,0.185528219,-0.179938421,-0.137349442,0.675164878,-9.338583946,1.648407936
152565559762,0.188456208,-0.187391490,-0.124306574,0.677559078,-9.346963882,1.626860023
152566820687,0.180736959,-0.195909292,-0.124040388,0.665588081,-9.375694275,1.640028119
152568081587,0.179406062,-0.198571101,-0.121112399,0.697909772,-9.362525940,1.624465823
152569342500,0.179672241,-0.201499090,-0.114724055,0.684741676,-9.340977669,1.655590534
152570603400,0.178873688,-0.211081609,-0.113659330,0.656011283,-9.373299599,1.687912226
152571864312,0.177276611,-0.214808136,-0.107537165,0.671573579,-9.306262016,1.659181833
152573125212,0.178075150,-0.217469960,-0.099551730,0.661996782,-9.312247276,1.689109325
152574386125,0.168226451,-0.220131770,-0.097156100,0.622492433,-9.283516884,1.720233917
152575647012,0.168492630,-0.224124476,-0.096357554,0.537498295,-9.251195908,1.751358509
152576907925,0.165564641,-0.224124476,-0.095292829,0.575805485,-9.223662376,1.739387512
152578168837,0.165564641,-0.231311366,-0.090501569,0.554257691,-9.196128845,1.778891921
152579429737,0.166097000,-0.232376099,-0.086775035,0.517147601,-9.192537308,1.765723825
152580690637,0.161838099,-0.235037908,-0.079588145,0.466869324,-9.160215378,1.772906423
152581951550,0.157845393,-0.234239370,-0.074796885,0.472854853,-9.121908188,1.733402014
152583212450,0.158111572,-0.239030629,-0.075595431,0.428562105,-9.111134529,1.733402014
152584473362,0.154118851,-0.243023336,-0.074530706,0.457292527,-9.094375610,1.729810715
152585734275,0.149061412,-0.245951325,-0.066279091,0.404620081,-9.099164009,1.732204914
152586995162,0.153586492,-0.250476420,-0.065746732,0.409408480,-9.027338028,1.716642618
152588256062,0.152787954,-0.256066203,-0.070537992,0.368707061,-9.056068420,1.711854219
152589516975,0.153054133,-0.252872050,-0.066012911,0.372298360,-9.033323288,1.734599113
152590777875,0.149859950,-0.250476420,-0.068408541,0.399831682,-9.069235802,1.717839718
152592038787,0.153054133,-0.259260386,-0.066279091,0.396240383,-9.082404137,1.742978811
152593299675,0.155715942,-0.259526581,-0.057228934,0.344765037,-9.124302864,1.696291924
152594560587,0.154917404,-0.260591298,-0.065746732,0.381875187,-9.165003777,1.629254222
152595821487,0.152521774,-0.260857463,-0.065214366,0.350750566,-9.202114105,1.717839718
152597082412,0.153320312,-0.264051646,-0.058826022,0.294486821,-9.261969566,1.647210836
152598343325,0.153320312,-0.266979635,-0.060156927,0.301669419,-9.318233490,1.659181833
152599604212,0.153054133,-0.265648723,-0.060156927,0.215478152,-9.358934402,1.727416515
152600865125,0.154385030,-0.273367971,-0.059890747,0.253785372,-9.427168846,1.771709323
152602126037,0.151723221,-0.274965078,-0.057495117,0.227449164,-9.460687637,1.733402014
152603386937,0.149593771,-0.276295990,-0.051372953,0.189141929,-9.509769440,1.680729628
152604647825,0.142406881,-0.279490143,-0.050042044,0.190339044,-9.563638687,1.709460020
152605908737,0.142140701,-0.281619608,-0.047380235,0.152031809,-9.595960617,1.777694821
152607169625,0.139745072,-0.279490143,-0.048444960,0.123301387,-9.642647743,1.739387512
152608430537,0.134421453,-0.281353414,-0.046581693,0.169988319,-9.662998199,1.792060018
152609691450,0.133090541,-0.282950491,-0.043919880,0.173579618,-9.671378136,1.795651317
152610952350,0.124572754,-0.279490143,-0.039927166,0.150834709,-9.708487511,1.792060018
152612213250,0.117385864,-0.281619608,-0.040991887,0.179565132,-9.712079048,1.820790410
152613474162,0.114990234,-0.283216685,-0.036732990,0.137666598,-9.712079048,1.839944005
152614735075,0.106738620,-0.285346121,-0.034603544,0.119710088,-9.715670586,1.829170108
152615995962,0.097688459,-0.284813762,-0.032740276,0.110133275,-9.677363396,1.857900500
152617256887,0.095292829,-0.281087250,-0.027682833,0.101753570,-9.617507935,1.863885999
152618517775,0.088638306,-0.283216685,-0.024488661,0.134075299,-9.591172218,1.849520802
152619778675,0.080120511,-0.285612315,-0.025553385,0.084994160,-9.647436142,1.829170108
152621039587,0.075329252,-0.284547597,-0.024754841,0.004788403,-9.597157478,1.873462796
152622300487,0.068674721,-0.284547597,-0.020762125,0.067037649,-9.561244965,1.818396211
152623561400,0.067609996,-0.281087250,-0.025819566,0.087388359,-9.528923035,1.795651317
152624822287,0.064948186,-0.284281403,-0.017834133,0.050278235,-9.495404243,1.783680320
152626083212,0.056164213,-0.285079956,-0.010913425,0.083797060,-9.442731857,1.754949808
152627344100,0.051372953,-0.281619608,-0.012244331,0.105344877,-9.339780807,1.731007814
152628605025,0.045516968,-0.281087250,-0.013309055,0.129286900,-9.333795547,1.740584612
152629865912,0.039128620,-0.282950491,-0.009316338,0.055066638,-9.261969566,1.746570110
152631126825,0.036732990,-0.281885773,-0.007453070,0.090979666,-9.223662376,1.778891921
152632387725,0.035934448,-0.282418132,-0.011445787,0.104147777,-9.168595314,1.738190413
152633648625,0.035402086,-0.281087250,-0.006920708,0.104147777,-9.142259598,1.710657120
152634909537,0.028481377,-0.285346121,-0.005057441,0.088585466,-9.069235802,1.729810715
152636170450,0.023690118,-0.285878509,0.000532362,0.102950677,-9.015366554,1.684320927
152637431337,0.027150471,-0.284015238,-0.001330905,0.135272399,-8.951920509,1.731007814
152638692237,0.023157755,-0.283482879,0.001064724,0.086191259,-8.954314232,1.698686123
152639953137,0.020229762,-0.278957784,-0.003460354,0.099359371,-8.930372238,1.646013737
152641214062,0.018100314,-0.277626872,-0.006388346,0.153228909,-8.868123055,1.677138329
152642474962,0.019697402,-0.282418132,0.001597087,0.114921682,-8.878896713,1.697489023
152643735875,0.024488661,-0.285079956,-0.005323622,0.075417355,-8.870517731,1.677138329
152644996762,0.025553385,-0.288540304,-0.001330905,0.100556470,-8.841787338,1.679532528
152646257662,0.020229762,-0.288274139,0.000798543,0.096965171,-8.856152534,1.704671621
152647518587,0.021826850,-0.292000651,0.002927992,0.108936176,-8.840589523,1.684320927
152648779487,0.023956299,-0.289871216,0.001863268,0.136469498,-8.833407402,1.680729628
152650040387,0.023157755,-0.289072663,-0.003460354,0.119710088,-8.863334656,1.669955730
152651301287,0.025287203,-0.293065399,-0.000798543,0.094570965,-8.904036522,1.734599113
152652562175,0.028481377,-0.294130117,0.001064724,0.120907187,-8.919598579,1.708262920
152653823100,0.032740276,-0.294396281,0.000532362,0.061052144,-8.956708908,1.699883223
152655084012,0.027949015,-0.298389018,-0.000532362,0.025139118,-8.984241486,1.699883223
152656344912,0.034603544,-0.301050812,0.006654528,0.058657940,-9.053673744,1.721431017
152657605825,0.033538818,-0.300784647,0.003460354,0.061052144,-9.085995674,1.713051319
152658866725,0.029546101,-0.296791911,-0.000798543,0.019153614,-9.156624794,1.770512223
152660127612,0.027949015,-0.300518453,-0.002661811,-0.026336219,-9.124302864,1.772906423
152661388537,0.035402086,-0.299986094,-0.001863268,0.007182605,-9.166201591,1.736993313
152662649450,0.037265353,-0.302647918,0.002395630,0.008379706,-9.251195908,1.794454217
152663910337,0.036466811,-0.307439178,0.001597087,-0.007182605,-9.300276756,1.729810715
152665171250,0.031941731,-0.308770061,0.000532362,-0.065840550,-9.327810287,1.790862918
152666432150,0.031675551,-0.306906790,0.002927992,-0.041898530,-9.354146004,1.771709323
152667693050,0.032207914,-0.305575907,0.005589803,-0.112527482,-9.464279175,1.731007814
152668953962,0.029812282,-0.305043548,0.001863268,-0.098162271,-9.488221169,1.784877419
152670214862,0.027682833,-0.302381724,0.002129449,-0.104147777,-9.513360977,1.794454217
152671475787,0.030078463,-0.307172984,0.011711968,-0.132878199,-9.548076630,1.853112102
152672736662,0.028481377,-0.308503896,0.010381063,-0.179565132,-9.611522675,1.836352706
152673997575,0.022625392,-0.308237702,0.006388346,-0.187944829,-9.594763756,1.816002011
152675258487,0.019697402,-0.309036255,0.009848701,-0.205901355,-9.630676270,1.849520802
152676519387,0.019963583,-0.310633332,0.009316338,-0.160411522,-9.640253067,1.872265697
152677780287,0.011445787,-0.305309713,0.008783977,-0.160411522,-9.676166534,1.893813610
152679041187,0.012776692,-0.307439178,0.008783977,-0.248996973,-9.682151794,1.881842494
152680302100,0.010114881,-0.309036255,0.013575235,-0.216675252,-9.659406662,1.845929503
152681563012,0.003194173,-0.304244995,0.009316338,-0.247799873,-9.697713852,1.892616510
152682823912,-0.001064724,-0.307172984,0.013575235,-0.263362199,-9.665391922,1.859097600
152684084812,-0.004791260,-0.306906790,0.017035590,-0.227449164,-9.676166534,1.896207809
152685345725,-0.007453070,-0.305043548,0.019165039,-0.223857865,-9.657012939,1.905784607
152686606625,-0.014373779,-0.306374431,0.019165039,-0.203507140,-9.609128952,1.897404909
152687867550,-0.013841417,-0.304511160,0.023956299,-0.238223076,-9.562441826,1.857900500
152689128425,-0.015172322,-0.302647918,0.020229762,-0.213083953,-9.557653427,1.910573006
152690389337,-0.023423936,-0.306640625,0.024488661,-0.149637610,-9.507374763,1.863885999
152691650237,-0.026085747,-0.307705343,0.029546101,-0.142454997,-9.418789864,1.806425214
152692911162,-0.030078463,-0.305309713,0.029812282,-0.168791220,-9.446322441,1.837549806
152694172050,-0.033538818,-0.311698049,0.027949015,-0.117315881,-9.363722801,1.936909199
152695432950,-0.035402086,-0.306374431,0.031675551,-0.074220255,-9.352949142,1.831564307
152696693862,-0.035402086,-0.310899526,0.032207914,-0.073023155,-9.340977669,1.861491799
152697954762,-0.037797716,-0.311431885,0.035135906,-0.034715924,-9.296685219,1.856703401
152699215662,-0.034071181,-0.316755503,0.040459525,-0.037110128,-9.265561104,1.838746905
152700476575,-0.036732990,-0.320215851,0.044186063,-0.002394202,-9.263166428,1.868674397
152701737487,-0.038596258,-0.317021698,0.047646414,-0.016759412,-9.247604370,1.842338204
152702998400,-0.040725708,-0.324740946,0.046847872,-0.007182605,-9.255984306,1.810016513
152704259287,-0.037797716,-0.325539470,0.047646414,0.014365210,-9.233239174,1.772906423
152705520187,-0.037797716,-0.331661642,0.049243502,0.000000000,-9.251195908,1.824381709
152706781112,-0.036999173,-0.335654348,0.051372953,0.029927522,-9.273940086,1.754949808
152708042000,-0.036466811,-0.340445608,0.055365667,0.057460841,-9.333795547,1.764526725
152709302912,-0.033538818,-0.350826681,0.057761297,0.040701430,-9.342175484,1.770512223
152710563812,-0.031143188,-0.350826681,0.060156927,0.005985504,-9.356540680,1.787271619
152711824712,-0.029546101,-0.346567780,0.065214366,0.014365210,-9.390059471,1.765723825
152713085625,-0.027949015,-0.350294322,0.068142362,-0.025139118,-9.419986725,1.833958507
152714346537,-0.025819566,-0.358013570,0.073199801,-0.005985504,-9.489418983,1.837549806
152715607450,-0.021028306,-0.358812124,0.072933622,-0.005985504,-9.524134636,1.841141105
152716868350,-0.021028306,-0.364135742,0.076127790,0.028730420,-9.543288231,1.796848416
152718129237,-0.023690118,-0.371322632,0.079321966,0.000000000,-9.564835548,1.835155606
152719390125,-0.022891574,-0.371588796,0.086242676,-0.014365210,-9.642647743,1.854309201
152720651050,-0.022891574,-0.372387350,0.088904485,0.010773907,-9.588777542,1.856703401
152721911962,-0.020495944,-0.375581533,0.091300115,0.011971009,-9.613917351,1.906981707
152723172862,-0.022093032,-0.379840434,0.095026650,-0.041898530,-9.653421402,1.890222311
152724433775,-0.021560669,-0.383034587,0.097156100,-0.026336219,-9.677363396,1.899799109
152725694662,-0.020495944,-0.387293488,0.108601883,-0.045489833,-9.710882187,1.909375906
152726955575,-0.022359211,-0.386228770,0.109666608,-0.058657940,-9.751584053,1.861491799
152728216462,-0.022093032,-0.392883301,0.113393143,-0.065840550,-9.722852707,1.926135302
152729477387,-0.020229762,-0.398739278,0.117652044,-0.049081136,-9.730035782,1.903390408
152730738287,-0.016769409,-0.395811290,0.118982948,-0.112527482,-9.774328232,1.932120800
152731999187,-0.017035590,-0.396077454,0.123774208,-0.111330383,-9.755174637,1.928529501
152733260075,-0.017567953,-0.401401103,0.126702204,-0.126892686,-9.695320129,1.930923700
152734521000,-0.016769409,-0.405127615,0.125903651,-0.128089786,-9.716867447,1.946485996
152735781912,-0.014639961,-0.406458527,0.128033102,-0.137666598,-9.691728592,1.898602009
152737042812,-0.009848701,-0.404329091,0.127766922,-0.131681100,-9.715670586,1.957259893
152738303725,-0.010647244,-0.405393809,0.130961105,-0.204704240,-9.679757118,1.918952703
152739564625,-0.009050157,-0.410451233,0.136284724,-0.172382519,-9.683348656,1.924938202
152740825525,-0.004258898,-0.410983622,0.133356735,-0.190339044,-9.682151794,1.905784607
152742086425,-0.005855984,-0.413645416,0.134687632,-0.172382519,-9.690531731,1.914164305
152743347350,-0.006920708,-0.412846863,0.132824361,-0.222660765,-9.672574997,1.926135302
152744608237,-0.003992716,-0.414976329,0.134155273,-0.243011475,-9.648633003,1.957259893
152745869137,-0.001597087,-0.414976329,0.133889094,-0.252588272,-9.643844604,1.947683096
152747130050,0.000000000,-0.410185069,0.133889094,-0.258573800,-9.610325813,1.905784607
152748390950,0.007453070,-0.414710134,0.135486171,-0.307654917,-9.648633003,1.903390408
152749651850,0.008251614,-0.420033753,0.137881801,-0.320823044,-9.627084732,1.867477298
152750912775,0.011179605,-0.416041046,0.141874522,-0.384269387,-9.636661530,1.884236693
152752173662,0.014906141,-0.412314504,0.139478892,-0.385466486,-9.657012939,1.877054095
152753434587,0.016769409,-0.413645416,0.137349442,-0.381875187,-9.654618263,1.853112102
152754695487,0.021826850,-0.415508687,0.135219991,-0.416591108,-9.671378136,1.908178806
152755956387,0.020229762,-0.413113058,0.139745072,-0.438138902,-9.653421402,1.897404909
152757217287,0.020495944,-0.412048340,0.133090541,-0.448912829,-9.622296333,1.851915002
152758478200,0.027416652,-0.409918875,0.136550903,-0.500388145,-9.667786598,1.821987510
152759739100,0.030610826,-0.414177775,0.140277430,-0.475249052,-9.703699112,1.853112102
152761000000,0.033272635,-0.406990886,0.141075984,-0.532709897,-9.713275909,1.869871497
152762260912,0.035135906,-0.408587992,0.134953812,-0.539892495,-9.750386238,1.868674397
152763521825,0.038063895,-0.407523245,0.139745072,-0.579396844,-9.756372452,1.818396211
152764782712,0.037531536,-0.407257080,0.142140701,-0.588973641,-9.756372452,1.853112102
152766043625,0.040725708,-0.405127615,0.142939255,-0.612915635,-9.775526047,1.869871497
152767304537,0.042322792,-0.406192362,0.145867243,-0.556651890,-9.817423820,1.817199111
152768565425,0.045783147,-0.401667267,0.146665782,-0.615309834,-9.867702484,1.805228114
152769826337,0.044984605,-0.398206919,0.147464320,-0.624886632,-9.879673004,1.881842494
152771087250,0.047380235,-0.392617106,0.148262873,-0.617704034,-9.931148529,1.865083098
152772348150,0.054034762,-0.390753835,0.147996694,-0.663193882,-9.940725327,1.877054095
152773609050,0.048977323,-0.389156759,0.152255580,-0.642843187,-9.925163269,1.804031014
152774869962,0.047646414,-0.385430217,0.160773382,-0.702698231,-9.999383926,1.868674397
152776130875,0.048178777,-0.380372792,0.161305740,-0.671573579,-10.012551308,1.819593310
152777391762,0.046315510,-0.381703675,0.162370473,-0.667982280,-9.991003990,1.863885999
152778652675,0.038063895,-0.377710968,0.168758810,-0.624886632,-9.996989250,1.869871497
152779913587,0.039128620,-0.377178609,0.167427912,-0.673967779,-10.011354446,1.896207809
152781174487,0.041258071,-0.377444804,0.170089722,-0.700304031,-10.055646896,1.906981707
152782435387,0.040459525,-0.372653544,0.177542791,-0.651222885,-10.053253174,1.877054095
152783696300,0.034603544,-0.371854991,0.186060578,-0.665588081,-10.030508041,1.906981707
152784957200,0.029812282,-0.369725525,0.192715108,-0.720654726,-10.032902718,1.819593310
152786218100,0.031143188,-0.367596090,0.196441650,-0.697909772,-9.993397713,1.814804912
152787479000,0.026618110,-0.362804830,0.198837280,-0.652419984,-9.950302124,1.825578809
152788739925,0.025287203,-0.362006277,0.206822708,-0.676361978,-9.913191795,1.763329506
152790000825,0.023423936,-0.360941559,0.207621247,-0.694318473,-9.919178009,1.802833915
152791261737,0.020762125,-0.358545929,0.215872869,-0.672770679,-9.900024414,1.820790410
152792522650,0.017834133,-0.358545929,0.221196488,-0.667982280,-9.847352028,1.775300622
152793783537,0.015704684,-0.353754669,0.226786286,-0.693121374,-9.807847023,1.833958507
152795044450,0.011978149,-0.350028127,0.230779007,-0.711077929,-9.834183693,1.756146908
152796305350,0.009050157,-0.348431051,0.231577545,-0.635660529,-9.776722908,1.760935307
152797566250,0.011179605,-0.347366333,0.239829168,-0.659602582,-9.707290649,1.782483220
152798827162,0.009050157,-0.344172150,0.245685145,-0.656011283,-9.743204117,1.726219416
152800088050,0.006388346,-0.340179443,0.246217519,-0.709880829,-9.743204117,1.719036818
152801348962,0.003992716,-0.346567780,0.254469126,-0.696712673,-9.727641106,1.747767210
152802609862,0.001863268,-0.343639791,0.259526581,-0.656011283,-9.666589737,1.790862918
152803870787,0.003460354,-0.340977967,0.261123657,-0.689530075,-9.671378136,1.736993313
152805131675,0.003194173,-0.340711802,0.262720734,-0.719457626,-9.690531731,1.746570110
152806392600,0.002395630,-0.336719096,0.270439982,-0.713472128,-9.655815125,1.710657120
152807653500,0.003460354,-0.336985260,0.271238536,-0.679953277,-9.643844604,1.756146908
152808914400,0.001330905,-0.332726359,0.272835612,-0.737414122,-9.597157478,1.744175911
152810175300,-0.001597087,-0.331661642,0.277360708,-0.778115571,-9.639056206,1.748964310
152811436212,0.000266181,-0.328999847,0.279756337,-0.706289530,-9.566033363,1.781286120
152812697125,-0.000798543,-0.327402741,0.279490143,-0.708683729,-9.540893555,1.786074519
152813958025,-0.007719252,-0.325273305,0.284813762,-0.739808321,-9.557653427,1.786074519
152815218912,-0.005589803,-0.323143840,0.286943227,-0.768538773,-9.552865028,1.777694821
152816479837,-0.011179605,-0.315158427,0.292799205,-0.763750374,-9.563638687,1.735796213
152817740737,-0.013042874,-0.310633332,0.288540304,-0.833182216,-9.498995781,1.750161409
152819001637,-0.008251614,-0.312762797,0.289605021,-0.787692368,-9.520543098,1.740584612
152820262550,-0.011445787,-0.313295156,0.295461029,-0.798466265,-9.531316757,1.738190413
152821523450,-0.012776692,-0.307971537,0.295461029,-0.810437262,-9.536105156,1.692700624
152822784350,-0.010913425,-0.305575907,0.295993388,-0.822408319,-9.522937775,1.719036818
152824045262,-0.012244331,-0.301050812,0.295993388,-0.830788016,-9.521739960,1.760935307
152825306162,-0.010381063,-0.297590464,0.289072663,-0.869095206,-9.546879768,1.667561531
152826567062,-0.004525078,-0.296791911,0.292000651,-0.851138711,-9.574412346,1.680729628
152827827975,-0.001064724,-0.291734487,0.291734487,-0.860715508,-9.635464668,1.697489023
152829088887,-0.001330905,-0.288007945,0.292799205,-0.899022758,-9.662998199,1.673547029
152830349787,0.003460354,-0.289338857,0.295993388,-0.878672004,-9.716867447,1.648407936
152831610700,0.005057441,-0.287741750,0.292533010,-0.897825658,-9.765949249,1.647210836
152832871612,0.005589803,-0.283482879,0.289338857,-0.913387954,-9.773131371,1.630451322
152834132512,0.010381063,-0.282950491,0.293863922,-0.939724147,-9.856928825,1.669955730
152835393400,0.009050157,-0.276562154,0.293331563,-0.933738649,-9.882067680,1.665167332
152836654300,0.010647244,-0.274432719,0.292000651,-0.982819796,-9.958682060,1.713051319
152837915212,0.012244331,-0.269641459,0.295194834,-0.970848799,-9.965864182,1.686715126
152839176125,0.014906141,-0.268576711,0.289871216,-0.951695204,-10.070012093,1.697489023
152840437025,0.011978149,-0.269907624,0.288806498,-0.932541549,-10.116699219,1.741781712
152841697937,0.009582520,-0.265382558,0.287741750,-0.969651699,-10.144232750,1.714248419
152842958837,0.014906141,-0.257130951,0.289605021,-0.946906805,-10.184933662,1.746570110
152844219737,0.014107598,-0.254735321,0.286677033,-0.916979253,-10.222043991,1.763329506
152845480650,0.008251614,-0.251807302,0.289871216,-0.882263362,-10.225635529,1.752555609
152846741562,0.007186890,-0.242490977,0.291734487,-0.888248861,-10.219650269,1.807622313
152848002475,0.009582520,-0.243821889,0.287741750,-0.928950250,-10.216058731,1.787271619
152849263375,0.011445787,-0.243555695,0.286410868,-0.879869103,-10.188525200,1.829170108
152850524275,0.006388346,-0.242224798,0.289605021,-0.836773515,-10.175356865,1.820790410
152851785175,0.004791260,-0.235836446,0.280821055,-0.857124209,-10.119093895,1.884236693
152853046075,0.001330905,-0.230246648,0.276295990,-0.803254664,-10.077195168,1.863885999
152854306987,-0.002129449,-0.226253927,0.278425425,-0.784101069,-10.046070099,1.849520802
152855567887,-0.002395630,-0.220397949,0.280821055,-0.803254664,-9.965864182,1.837549806
152856828800,-0.001330905,-0.219865590,0.278159231,-0.750582218,-9.917980194,1.844732404
152858089700,0.000532362,-0.223059759,0.279756337,-0.735019922,-9.894038200,1.856703401
152859350612,-0.001330905,-0.211347789,0.273900360,-0.742202520,-9.812635422,1.820790410
152860611487,0.000000000,-0.208419800,0.277094513,-0.749385118,-9.755174637,1.829170108
152861872412,0.000798543,-0.207621247,0.269109100,-0.681150377,-9.733627319,1.766920924
152863133325,0.001863268,-0.208685979,0.267511994,-0.666785181,-9.721655846,1.786074519
152864394225,0.005589803,-0.207355067,0.264051646,-0.651222885,-9.721655846,1.789665818
152865655125,0.005323622,-0.204959437,0.258994192,-0.647631586,-9.707290649,1.720233917
152866916037,0.011179605,-0.205491811,0.259260386,-0.621295333,-9.728838921,1.673547029
152868176950,0.023690118,-0.204693258,0.252872050,-0.602141738,-9.775526047,1.704671621
152869437850,0.022891574,-0.205491811,0.247548416,-0.586579442,-9.841365814,1.666364431
152870698762,0.030078463,-0.202563807,0.247814596,-0.603338838,-9.946710587,1.636436820
152871959650,0.036999173,-0.203362361,0.244886607,-0.565031588,-10.034099579,1.640028119
152873220562,0.040459525,-0.206290349,0.233973175,-0.624886632,-10.152612686,1.617283225
152874481462,0.045783147,-0.208153620,0.233706996,-0.609324336,-10.320206642,1.605312228
152875742375,0.055631850,-0.205757990,0.236102626,-0.600944638,-10.500968933,1.584961534
152877003275,0.064415827,-0.211081609,0.233973175,-0.590170741,-10.684124947,1.589749932
152878264187,0.066811457,-0.213477239,0.228915736,-0.596156240,-10.848128319,1.592144132
152879525087,0.075595431,-0.214275777,0.223059759,-0.549469292,-11.056423187,1.577778935
152880786000,0.080652870,-0.215606689,0.218800858,-0.568622887,-11.259930611,1.634042621
152882046912,0.087839760,-0.222793579,0.215340510,-0.565031588,-11.420342445,1.629254222
152883307800,0.093429565,-0.224124476,0.218002319,-0.565031588,-11.659762383,1.638831019
152884568712,0.100084089,-0.229980469,0.218002319,-0.538695395,-11.845313072,1.654393435
152885829612,0.104875349,-0.225455388,0.211880147,-0.512359142,-12.036849022,1.693897724
152887090500,0.107270978,-0.233973175,0.216405228,-0.492008448,-12.240356445,1.726219416
152888351437,0.112062238,-0.243023336,0.215074331,-0.462080926,-12.417527199,1.771709323
152889612325,0.110465154,-0.243289515,0.215074331,-0.404620081,-12.603077888,1.812410712
152890873237,0.114724055,-0.251274943,0.215074331,-0.463278025,-12.763489723,1.932120800
152892134137,0.119249128,-0.250742584,0.215074331,-0.389057785,-12.933477402,1.989581585
152893395050,0.116054960,-0.254202932,0.218534678,-0.373495460,-13.065158844,2.091335297
152894655962,0.112328425,-0.257397115,0.216405228,-0.393846184,-13.123816490,2.121262789
152895916875,0.107803345,-0.260857463,0.215340510,-0.353144765,-13.238738060,2.249352455
152897177775,0.103544444,-0.267511994,0.217469960,-0.299275219,-13.283031464,2.267308950
152898438662,0.099285550,-0.266181082,0.215340510,-0.248996973,-13.317747116,2.394201756
152899699575,0.091832474,-0.265382558,0.213477239,-0.262165099,-13.334506035,2.434903145
152900960487,0.083580866,-0.266447276,0.210283071,-0.219069451,-13.317747116,2.477998734
152902221387,0.075595431,-0.269375265,0.210016876,-0.201112941,-13.317747116,2.536656618
152903482300,0.067609996,-0.269375265,0.203096181,-0.166397020,-13.198037148,2.604891539
152904743200,0.060955472,-0.274965078,0.199103460,-0.152031809,-13.148956299,2.645592928
152906004075,0.049509682,-0.272303253,0.190851837,-0.074220255,-13.057975769,2.639607430
152907265025,0.042588975,-0.277893066,0.189520940,-0.046686932,-12.908338547,2.632424831
152908525925,0.035668265,-0.281087250,0.184729680,-0.055066638,-12.764686584,2.620453835
152909786825,0.028747559,-0.286144674,0.173550069,-0.016759412,-12.612654686,2.561795950
152911047737,0.021826850,-0.286410868,0.166895539,0.059855044,-12.454637527,2.481590033
152912308637,0.010913425,-0.289605021,0.157579213,0.080205761,-12.252326965,2.512714624
152913569537,0.011179605,-0.294396281,0.151989400,0.038307227,-12.066776276,2.473210335
152914830425,0.013575235,-0.291468292,0.138946533,0.053869538,-11.841721535,2.460042238
152916091350,0.011445787,-0.293065399,0.130694911,0.128089786,-11.694478035,2.333149672
152917352250,0.002129449,-0.296525747,0.124306574,0.104147777,-11.536460876,2.328361273
152918613175,-0.001597087,-0.303446442,0.110465154,0.132878199,-11.337741852,2.231395960
152919874062,-0.003194173,-0.303712636,0.094760470,0.117315881,-11.161767960,2.230198860
152921134975,0.005855984,-0.306640625,0.087307401,0.126892686,-11.033679008,2.242169857
152922395875,0.006920708,-0.312762797,0.079321966,0.099359371,-10.879252434,2.206256866
152923656787,0.010381063,-0.310899526,0.064948186,0.162805721,-10.714053154,2.114080191
152924917687,0.011978149,-0.318618774,0.055898029,0.130484000,-10.597933769,2.088941097
152926178600,0.016503228,-0.326604217,0.045516968,0.164002821,-10.466253281,2.085349798
152927439500,0.020762125,-0.331129283,0.031143188,0.148440510,-10.326191902,2.122459888
152928700412,0.024222480,-0.331129283,0.021028306,0.191536143,-10.159794807,2.094926596
152929961312,0.025021022,-0.333791077,0.013042874,0.196324542,-10.058041573,2.096123695
152931222225,0.031941731,-0.340977967,0.002395630,0.247799873,-9.961075783,2.118868589
152932483125,0.036999173,-0.347632498,-0.006388346,0.283712894,-9.835380554,2.108094692
152933744050,0.044718422,-0.351625234,-0.013841417,0.288501292,-9.749189377,2.139219284
152935004937,0.049775865,-0.356416494,-0.026351929,0.330399841,-9.631873131,2.104503393
152936265837,0.054034762,-0.358013570,-0.039128620,0.396240383,-9.550470352,2.103306293
152937526737,0.062020194,-0.370790273,-0.049243502,0.401028782,-9.429563522,2.106897593
152938787650,0.067876182,-0.376113892,-0.056696571,0.468066424,-9.330204010,2.164358377
152940048562,0.076393977,-0.378243327,-0.063084923,0.530315697,-9.238027573,2.115277290
152941309462,0.089703031,-0.385164052,-0.070271812,0.499191046,-9.148244858,2.130839586
152942570350,0.099285550,-0.390221477,-0.072401255,0.554257691,-9.085995674,2.154781580
152943831275,0.104609169,-0.394746572,-0.078523420,0.571017087,-9.060856819,2.173935175
152945092175,0.112594604,-0.398739278,-0.087307401,0.618901134,-8.990227699,2.140416384
152946353087,0.125371292,-0.406724721,-0.091033936,0.626083732,-8.973467827,2.190694571
152947614012,0.132824361,-0.411515981,-0.096889921,0.624886632,-8.937555313,2.160767078
152948874900,0.142939255,-0.419767588,-0.103810623,0.705092430,-8.944737434,2.164358377
152950135800,0.153054133,-0.430414826,-0.105407715,0.731428623,-8.917203903,2.099714994
152951396712,0.166895539,-0.438932627,-0.107270978,0.730231524,-8.957905769,2.154781580
152952657625,0.172219172,-0.446119517,-0.112328425,0.738611221,-8.939949036,2.138022184
152953918512,0.183931142,-0.453306407,-0.118716769,0.762553275,-8.967482567,2.105700493
152955179425,0.192981288,-0.457831472,-0.122177124,0.787692368,-9.051280022,2.079364300
152956440337,0.206024170,-0.469543457,-0.120846219,0.770932972,-9.058462143,2.088941097
152957701250,0.211613968,-0.477262706,-0.120846219,0.744596720,-9.174580574,2.087743998
152958962162,0.218534678,-0.490571767,-0.118716769,0.782903969,-9.218873978,2.038662672
152960223050,0.223059759,-0.495629191,-0.120047674,0.782903969,-9.246407509,2.076970100
152961483962,0.230779007,-0.502549887,-0.120846219,0.761356175,-9.330204010,2.096123695
152962744862,0.237699717,-0.511067688,-0.114990234,0.729034424,-9.400833130,2.147598982
152964005775,0.236635000,-0.520117879,-0.109134249,0.723048925,-9.441534042,2.194285870
152965266687,0.239030629,-0.530498922,-0.111529879,0.725443125,-9.585186958,2.173935175
152966527575,0.237965897,-0.533959270,-0.110465154,0.685938776,-9.607931137,2.188300371
152967788475,0.232109919,-0.542743266,-0.108601883,0.693121374,-9.659406662,2.182314873
152969049400,0.232376099,-0.548333049,-0.103810623,0.612915635,-9.704896927,2.237381458
152970310300,0.239296809,-0.557915568,-0.093961924,0.557848990,-9.719262123,2.179920673
152971571200,0.224656850,-0.551793396,-0.098487005,0.502782345,-9.783905029,2.196680069
152972832125,0.218268499,-0.562440634,-0.089436844,0.502782345,-9.757569313,2.264914751
152974093012,0.215872869,-0.569893718,-0.081451416,0.463278025,-9.773131371,2.248155355
152975353912,0.205225617,-0.575483501,-0.081717595,0.457292527,-9.780314445,2.183511972
152976614837,0.199901998,-0.582138062,-0.070804171,0.420182407,-9.781511307,2.189497471
152977875737,0.188190028,-0.584799886,-0.071868896,0.378283858,-9.806650162,2.173935175
152979136662,0.184197322,-0.587994039,-0.069207087,0.350750566,-9.785102844,2.153584480
152980397537,0.175147161,-0.593317688,-0.059092201,0.342370838,-9.720458984,2.091335297
152981658450,0.166097000,-0.594914734,-0.054034762,0.319625944,-9.727641106,2.123656988
152982919362,0.152787954,-0.598907471,-0.047646414,0.271741897,-9.708487511,2.012326479
152984180262,0.147730514,-0.598641276,-0.045250785,0.262165099,-9.664195061,2.085349798
152985441162,0.139745072,-0.601569295,-0.036200628,0.233434662,-9.661801338,2.112883091
152986702087,0.127500743,-0.606626689,-0.026085747,0.211886853,-9.589975357,2.039859772
152987962975,0.116587318,-0.608756185,-0.019431220,0.165199921,-9.562441826,1.997961283
152989223887,0.112594604,-0.607425272,-0.015704684,0.148440510,-9.591172218,1.987187386
152990484787,0.105940074,-0.611151814,-0.009050157,0.108936176,-9.567230225,2.042253971
152991745687,0.094228104,-0.610353231,-0.002927992,0.051475339,-9.528923035,2.018311977
152993006600,0.084911771,-0.614878356,0.003194173,0.031124622,-9.485827446,1.991975784
152994267512,0.077192515,-0.614878356,0.007719252,0.020350715,-9.488221169,1.936909199
152995528412,0.063084923,-0.617540121,0.018366495,0.008379706,-9.445125580,1.942894697
152996789325,0.058293659,-0.615943074,0.026351929,-0.031124622,-9.402029991,1.946485996
152998050212,0.048444960,-0.616209209,0.026884291,-0.068234749,-9.381679535,1.934514999
152999311137,0.042056613,-0.622863770,0.036466811,-0.118512988,-9.403226852,1.935712099
153000572025,0.037531536,-0.622597575,0.048977323,-0.143652096,-9.415198326,1.920149803
153001832937,0.022625392,-0.617273986,0.049509682,-0.180762231,-9.332598686,1.878251195
153003093837,0.019697402,-0.614345968,0.056430392,-0.193930343,-9.317035675,1.897404909
153004354750,0.010381063,-0.614878356,0.058293659,-0.213083953,-9.302670479,1.881842494
153005615650,0.003460354,-0.621000469,0.061487831,-0.256179571,-9.260772705,1.889025211
153006876575,-0.001330905,-0.624460876,0.075063072,-0.280121595,-9.326612473,1.867477298
153008137462,-0.009582520,-0.615943074,0.074264526,-0.295683920,-9.313445091,1.867477298
153009398387,-0.008783977,-0.617273986,0.079055786,-0.404620081,-9.306262016,1.910573006
153010659300,-0.016769409,-0.614612162,0.085976496,-0.452504128,-9.308656693,1.895010710
153011920187,-0.024222480,-0.614878356,0.089969210,-0.436941803,-9.279926300,1.857900500
153013181100,-0.025553385,-0.613813579,0.095559016,-0.460883826,-9.258378029,1.848323703
153014442000,-0.036999173,-0.612216532,0.097954646,-0.494402647,-9.281123161,1.896207809
153015702912,-0.039128620,-0.608489990,0.101148814,-0.515950441,-9.248801231,1.921346903
153016963825,-0.039394803,-0.605828166,0.105407715,-0.555454791,-9.246407509,1.904587507
153018224712,-0.043919880,-0.603432536,0.114724055,-0.544680893,-9.265561104,1.880645394
153019485625,-0.051106770,-0.603166342,0.119781494,-0.582988143,-9.257181168,1.927332401
153020746537,-0.052437674,-0.595713317,0.118982948,-0.615309834,-9.251195908,1.892616510
153022007437,-0.055631850,-0.595180929,0.122975662,-0.615309834,-9.188945770,1.903390408
153023268337,-0.058293659,-0.591454387,0.128565475,-0.660799682,-9.173383713,2.025494576
153024529262,-0.061487831,-0.592519104,0.135752365,-0.667982280,-9.167398453,2.005143881
153025790162,-0.058826022,-0.591720581,0.135486171,-0.694318473,-9.172186852,1.965639591
153027051075,-0.060156927,-0.589857280,0.133889094,-0.697909772,-9.232041359,2.021903276
153028311975,-0.063883461,-0.580540955,0.127766922,-0.749385118,-9.182960510,2.039859772
153029572875,-0.063883461,-0.579210043,0.129896373,-0.775721371,-9.178172112,1.996764183
153030833787,-0.059092201,-0.575483501,0.139478892,-0.718260527,-9.174580574,1.946485996
153032094687,-0.058027480,-0.572821736,0.139478892,-0.756567717,-9.281123161,1.985990286
153033355612,-0.059358384,-0.573087871,0.138147995,-0.750582218,-9.273940086,1.982398987
153034616500,-0.059092201,-0.565900981,0.133622915,-0.803254664,-9.218873978,1.939303398
153035877400,-0.055631850,-0.559778869,0.134421453,-0.802057564,-9.232041359,1.957259893
153037138325,-0.056696571,-0.557117045,0.136817083,-0.818816960,-9.249998093,2.007538080
153038399212,-0.053768583,-0.556318462,0.136817083,-0.854730010,-9.252392769,2.057816267
153039660125,-0.052970037,-0.554987609,0.134953812,-0.837970614,-9.191340446,2.025494576
153040921037,-0.046581693,-0.549930155,0.135752365,-0.817619860,-9.208099365,2.078167200
153042181950,-0.044186063,-0.550994873,0.133622915,-0.845153213,-9.214085579,2.066195965
153043442850,-0.044452243,-0.544340312,0.128033102,-0.803254664,-9.221267700,2.102109194
153044703750,-0.045783147,-0.536354899,0.124306574,-0.833182216,-9.174580574,2.114080191
153045964650,-0.047646414,-0.535290182,0.121112399,-0.808043063,-9.136273384,2.149993181
153047225575,-0.042588975,-0.533426940,0.114191689,-0.840364814,-9.111134529,2.169146776
153048486462,-0.041258071,-0.524642944,0.108335704,-0.853532910,-9.090784073,2.172738075
153049747375,-0.041524250,-0.521981120,0.109666608,-0.796072066,-9.075222015,2.201468468
153051008275,-0.034869723,-0.517189860,0.101148814,-0.803254664,-9.006986618,2.219424963
153052269187,-0.031143188,-0.519319296,0.095026650,-0.791283667,-9.026140213,2.245761156
153053530087,-0.031143188,-0.515592754,0.086508855,-0.791283667,-8.980650902,2.261323452
153054791000,-0.028215196,-0.512398601,0.080919050,-0.788889468,-8.878896713,2.298433542
153056051900,-0.023956299,-0.504413188,0.069473267,-0.812831461,-8.852560997,2.297236443
153057312800,-0.021294488,-0.502017558,0.063084923,-0.818816960,-8.848969460,2.242169857
153058573700,-0.013309055,-0.507341146,0.057495117,-0.806845963,-8.854954720,2.256535053
153059834612,-0.006920708,-0.503082275,0.050308228,-0.810437262,-8.816647530,2.233790159
153061095525,-0.008517795,-0.497758657,0.040725708,-0.785298169,-8.807070732,2.229001760
153062356437,-0.006920708,-0.496161550,0.030610826,-0.721851826,-8.781931877,2.207453966
153063617350,0.001597087,-0.498291016,0.022359211,-0.720654726,-8.801085472,2.164358377
153064878250,0.010913425,-0.493765920,0.017567953,-0.634463429,-8.810662270,2.160767078
153066139150,0.014107598,-0.494564474,0.002395630,-0.621295333,-8.834604263,2.142810583
153067400062,0.016237047,-0.493233562,-0.001330905,-0.584185243,-8.791508675,2.147598982
153068660962,0.025021022,-0.495363027,-0.007453070,-0.535104096,-8.809465408,2.157175779
153069921862,0.026085747,-0.492435038,-0.016237047,-0.505176544,-8.813056946,2.115277290
153071182775,0.027682833,-0.496427745,-0.023157755,-0.442927331,-8.857349396,2.139219284
153072443687,0.029546101,-0.497226298,-0.026085747,-0.459686726,-8.792705536,2.205059767
153073704575,0.034337360,-0.496427745,-0.027949015,-0.408211380,-8.813056946,2.230198860
153074965487,0.034337360,-0.494564474,-0.034869723,-0.405817181,-8.905233383,2.246958256
153076226400,0.035668265,-0.494564474,-0.040193345,-0.421379507,-8.926780701,2.262520552
153077487312,0.035668265,-0.498291016,-0.046581693,-0.366312861,-8.905233383,2.234987259
153078748200,0.032740276,-0.500686646,-0.049243502,-0.359130263,-8.895656586,2.261323452
153080009100,0.032474093,-0.502283752,-0.053236220,-0.401028782,-8.935160637,2.266111851
153081270012,0.033006456,-0.500420451,-0.066279091,-0.384269387,-8.937555313,2.280477047
153082530925,0.035668265,-0.504945517,-0.068142362,-0.392649084,-8.969876289,2.246958256
153083791825,0.027949015,-0.510002971,-0.077458702,-0.369904160,-9.015366554,2.233790159
153085052737,0.021294488,-0.507075012,-0.084645584,-0.356736064,-9.034520149,2.258929253
153086313637,0.022625392,-0.511067688,-0.085710309,-0.350750566,-9.026140213,2.250549555
153087574550,0.023157755,-0.511333883,-0.090501569,-0.391451985,-9.048885345,2.213439465
153088835475,0.020762125,-0.516923666,-0.096889921,-0.389057785,-9.090784073,2.212242365
153090096375,0.020229762,-0.516923666,-0.100084089,-0.368707061,-9.156624794,2.209848166
153091357275,0.016769409,-0.517456055,-0.109400429,-0.402225882,-9.212887764,2.160767078
153092618175,0.014107598,-0.524642944,-0.114457868,-0.396240383,-9.203310966,2.106897593
153093879087,0.012244331,-0.526506186,-0.114457868,-0.386663586,-9.242815971,2.154781580
153095140000,0.009316338,-0.526240051,-0.123508029,-0.355538964,-9.272743225,2.104503393
153096400887,0.005855984,-0.524909139,-0.129630193,-0.409408480,-9.320627213,2.103306293
153097661800,-0.001597087,-0.528369486,-0.137881801,-0.433350503,-9.361329079,2.135627985
153098922712,-0.002129449,-0.531297445,-0.144270152,-0.401028782,-9.373299599,2.149993181
153100183612,-0.003726535,-0.532362163,-0.141608343,-0.414196908,-9.403226852,2.148796082
153101444525,-0.008783977,-0.530498922,-0.142673060,-0.464475125,-9.400833130,2.134430885
153102705450,-0.015704684,-0.529966533,-0.156248301,-0.428562105,-9.440337181,2.135627985
153103966337,-0.021560669,-0.530232728,-0.156514481,-0.412999809,-9.510966301,2.138022184
153105227237,-0.029013740,-0.531829834,-0.161039561,-0.435744703,-9.483432770,2.172738075
153106488137,-0.034071181,-0.535290182,-0.167161733,-0.429759204,-9.496601105,2.151190281
153107749062,-0.035135906,-0.531829834,-0.168758810,-0.469263524,-9.513360977,2.132036686
153109009937,-0.039394803,-0.529700398,-0.174082428,-0.421379507,-9.494207382,2.191891670
153110270862,-0.045516968,-0.529434204,-0.177542791,-0.428562105,-9.555258751,2.127248287
153111531775,-0.050840590,-0.529434204,-0.182067871,-0.469263524,-9.506177902,2.129642487
153112792687,-0.059358384,-0.532894552,-0.186326772,-0.456095427,-9.449913979,2.157175779
153114053575,-0.060156927,-0.532894552,-0.192182750,-0.459686726,-9.437943459,2.175132275
153115314487,-0.069207087,-0.526772380,-0.201499090,-0.398634583,-9.442731857,2.145204782
153116575412,-0.076926336,-0.525441468,-0.201499090,-0.445321530,-9.400833130,2.153584480
153117836300,-0.081717595,-0.520384014,-0.200700551,-0.465672225,-9.346963882,2.138022184
153119097212,-0.085177951,-0.522779644,-0.213477239,-0.454898328,-9.290699959,2.108094692
153120358112,-0.091832474,-0.521981120,-0.215872869,-0.423773706,-9.248801231,2.057816267
153121619012,-0.093429565,-0.520117879,-0.215340510,-0.475249052,-9.255984306,2.092532396
153122879925,-0.101681180,-0.514794230,-0.221462667,-0.454898328,-9.192537308,2.056619167
153124140837,-0.109666608,-0.515326619,-0.221995026,-0.471657753,-9.143456459,1.997961283
153125401737,-0.109400429,-0.511600077,-0.229714289,-0.472854853,-9.039308548,2.074575901
153126662637,-0.116587318,-0.512664795,-0.238764435,-0.429759204,-9.030928612,2.086546898
153127923537,-0.121112399,-0.507075012,-0.241692439,-0.447715729,-8.926780701,2.055422068
153129184450,-0.125903651,-0.502283752,-0.238764435,-0.464475125,-8.906430244,2.045845270
153130445375,-0.123774208,-0.503880799,-0.238764435,-0.390254885,-8.826224327,2.093729496
153131706275,-0.130694911,-0.503348470,-0.245685145,-0.410605609,-8.799888611,2.026691675
153132967175,-0.134687632,-0.502017558,-0.247548416,-0.404620081,-8.790311813,2.057816267
153134228075,-0.137083262,-0.494830668,-0.250476420,-0.416591108,-8.641871452,2.054224968
153135488987,-0.138147995,-0.489507020,-0.253936768,-0.384269387,-8.609549522,2.053027868
153136749900,-0.139745072,-0.492701203,-0.255267680,-0.338779539,-8.568847656,1.996764183
153138010800,-0.139212713,-0.488974661,-0.257130951,-0.289698422,-8.548497200,2.007538080
153139271700,-0.142939255,-0.486579031,-0.260591298,-0.318428814,-8.441955566,1.980004787
153140532612,-0.144536331,-0.484981954,-0.265116364,-0.336385339,-8.388085365,1.959654093
153141793537,-0.141874522,-0.486046672,-0.261922210,-0.314837515,-8.301894188,1.980004787
153143054425,-0.144536331,-0.481521606,-0.262188375,-0.280121595,-8.264783859,1.968033791
153144315325,-0.146399602,-0.476730347,-0.268044353,-0.292092621,-8.218097687,1.988384485
153145576225,-0.143205434,-0.473269999,-0.269907624,-0.241814375,-8.159439087,2.014720678
153146837150,-0.145867243,-0.474600881,-0.271504730,-0.243011475,-8.087613106,1.958456993
153148098050,-0.137615621,-0.482852519,-0.270706177,-0.232237563,-8.038532257,1.947683096
153149358962,-0.132824361,-0.475399435,-0.274965078,-0.217872351,-8.038532257,1.958456993
153150619862,-0.137083262,-0.465018362,-0.277360708,-0.181959331,-7.995436668,1.926135302
153151880750,-0.136284724,-0.471406728,-0.278425425,-0.169988319,-7.926004887,1.927332401
153153141687,-0.131759644,-0.467413992,-0.273367971,-0.134075299,-7.917624950,1.900996208
153154402587,-0.133889094,-0.470874369,-0.274432719,-0.095768072,-7.885303497,1.883039594
153155663487,-0.126968384,-0.468744904,-0.269907624,-0.077811554,-7.875726700,1.865083098
153156924387,-0.120047674,-0.467413992,-0.268310547,-0.039504327,-7.826645374,1.871068597
153158185325,-0.116054960,-0.465816915,-0.272303253,-0.031124622,-7.814674377,1.866280198
153159446225,-0.118982948,-0.466083109,-0.267778188,-0.033518825,-7.832631111,1.857900500
153160707112,-0.113659330,-0.466083109,-0.267511994,0.053869538,-7.784747124,1.849520802
153161968025,-0.110997513,-0.465018362,-0.263519287,0.062249243,-7.850587368,1.827973008
153163228937,-0.106206253,-0.465284556,-0.258195668,0.061052144,-7.823054314,1.831564307
153164489862,-0.105673894,-0.465284556,-0.256066203,0.058657940,-7.841010571,1.835155606
153165750750,-0.101681180,-0.464486003,-0.252872050,0.140060797,-7.867346764,1.806425214
153167011650,-0.101414993,-0.465816915,-0.244354248,0.143652096,-7.894880295,1.772906423
153168272550,-0.097954646,-0.462622732,-0.240893885,0.183156431,-7.879317760,1.825578809
153169533462,-0.097156100,-0.462888926,-0.240095347,0.190339044,-7.873332500,1.801636815
153170794375,-0.092897199,-0.469277263,-0.234239370,0.226252064,-7.930793285,1.808819413
153172055287,-0.096889921,-0.469011098,-0.226786286,0.270544797,-7.931990147,1.766920924
153173316175,-0.093163386,-0.467946351,-0.226520106,0.270544797,-7.946355343,1.807622313
153174577075,-0.096357554,-0.471939087,-0.217736140,0.299275219,-7.977479935,1.814804912
153175838000,-0.093961924,-0.475133240,-0.211613968,0.331596941,-7.961917877,1.789665818
153177098900,-0.097422279,-0.475133240,-0.204160899,0.354341865,-8.036138535,1.754949808
153178359812,-0.093695745,-0.479125977,-0.196175471,0.296881020,-8.036138535,1.766920924
153179620712,-0.097954646,-0.480723053,-0.193513662,0.326808542,-8.060080528,1.770512223
153180881625,-0.097688459,-0.484449595,-0.182334051,0.335188240,-8.112752914,1.765723825
153182142525,-0.095292829,-0.485248148,-0.182600230,0.326808542,-8.121131897,1.756146908
153183403437,-0.099285550,-0.484449595,-0.174614802,0.377086759,-8.142680168,1.731007814
153184664350,-0.100882635,-0.486579031,-0.162370473,0.398634583,-8.186972618,1.695094824
153185925250,-0.104875349,-0.492701203,-0.157046840,0.351947665,-8.200140953,1.697489023
153187186162,-0.109666608,-0.490837932,-0.151457042,0.344765037,-8.206126213,1.733402014
153188447062,-0.110997513,-0.494298279,-0.141874522,0.379480958,-8.209717751,1.745373011
153189707962,-0.110731333,-0.499355733,-0.133622915,0.342370838,-8.324639320,1.758541107
153190968875,-0.113659330,-0.501751363,-0.122443303,0.324414343,-8.280346870,1.753752708
153192229775,-0.119515315,-0.500952840,-0.117652044,0.343567938,-8.271966934,1.687912226
153193490687,-0.126436025,-0.497492462,-0.107537165,0.345962137,-8.285135269,1.733402014
153194751600,-0.130428731,-0.505211711,-0.105407715,0.295683920,-8.335412979,1.729810715
153196012487,-0.129364014,-0.507873535,-0.095026650,0.241814375,-8.341399193,1.756146908
153197273412,-0.129097834,-0.508672059,-0.084645584,0.254982471,-8.303092003,1.740584612
153198534325,-0.140011251,-0.512398601,-0.079588145,0.280121595,-8.337807655,1.766920924
153199795225,-0.148529053,-0.505744100,-0.070271812,0.246602774,-8.317457199,1.734599113
153201056125,-0.150392324,-0.508405864,-0.056962755,0.250194073,-8.291120529,1.770512223
153202317025,-0.154651210,-0.506542623,-0.060955472,0.243011475,-8.331822395,1.740584612
153203577950,-0.156514481,-0.511600077,-0.053768583,0.191536143,-8.336610794,1.745373011
153204838850,-0.161571920,-0.513729513,-0.047114052,0.209492654,-8.317457199,1.747767210
153206099775,-0.162636653,-0.513729513,-0.040193345,0.172382519,-8.280346870,1.795651317
153207360675,-0.163967550,-0.511333883,-0.040725708,0.180762231,-8.259995461,1.762132406
153208621575,-0.171420619,-0.510801494,-0.033804998,0.160411522,-8.273163795,1.788468719
153209882462,-0.174082428,-0.511866271,-0.025021022,0.174776718,-8.239645004,1.884236693
153211143375,-0.178075150,-0.512132406,-0.017567953,0.149637610,-8.273163795,1.826775908
153212404275,-0.182334051,-0.512132406,-0.020762125,0.166397020,-8.256404877,1.786074519
153213665200,-0.182600230,-0.511333883,-0.015970865,0.120907187,-8.208520889,1.874659896
153214926100,-0.187125310,-0.510801494,-0.008783977,0.132878199,-8.195352554,1.884236693
153216186987,-0.188988581,-0.512132406,-0.004791260,0.111330383,-8.127118111,1.886631012
153217447912,-0.183398768,-0.517988384,-0.000266181,0.113724582,-8.139088631,1.892616510
153218708812,-0.184995860,-0.513995707,0.002927992,0.131681100,-8.111555099,1.880645394
153219969725,-0.184729680,-0.513729513,0.008783977,0.132878199,-8.092401505,1.923741102
153221230625,-0.189520940,-0.510535359,0.010913425,0.119710088,-8.125920296,1.946485996
153222491537,-0.188456208,-0.509736776,0.014906141,0.159214407,-8.110358238,1.948880196
153223752450,-0.186859131,-0.510269165,0.017834133,0.148440510,-8.105569839,1.922544003
153225013350,-0.186060578,-0.512930989,0.020495944,0.141257897,-8.075642586,1.942894697
153226274262,-0.187125310,-0.516923666,0.023956299,0.185550630,-8.057685852,1.985990286
153227535162,-0.184995860,-0.516657531,0.033272635,0.102950677,-8.051700592,1.995567083
153228796062,-0.179938421,-0.513995707,0.039128620,0.164002821,-8.027758598,1.982398987
153230057000,-0.181269318,-0.515060425,0.033804998,0.150834709,-8.095993042,2.009932280
153231317887,-0.183398768,-0.512930989,0.040725708,0.111330383,-8.046912193,2.019509077
153232578787,-0.182866409,-0.513197124,0.046847872,0.134075299,-8.118738174,2.045845270
153233839687,-0.180736959,-0.517189860,0.052970037,0.140060797,-8.112752914,2.056619167
153235100612,-0.178075150,-0.516657531,0.057495117,0.064643450,-8.146271706,2.019509077
153236361500,-0.177808970,-0.515858948,0.061487831,0.084994160,-8.197746277,1.984793186
153237622412,-0.179406062,-0.519053161,0.066811457,0.168791220,-8.189367294,2.053027868
153238883325,-0.181269318,-0.524110556,0.076660156,0.125695586,-8.207323074,2.014720678
153240144225,-0.181801692,-0.524642944,0.081717595,0.093373865,-8.282740593,2.075773001
153241405125,-0.178607509,-0.521981120,0.088638306,0.064643450,-8.328230858,2.056619167
153242666050,-0.177010432,-0.519851685,0.092364840,0.043095630,-8.298303604,2.079364300
153243926950,-0.175413340,-0.523312032,0.097954646,0.027533319,-8.365341187,2.038662672
153245187850,-0.176211879,-0.523578227,0.103810623,0.056263741,-8.398859978,2.076970100
153246448775,-0.176211879,-0.520650208,0.109666608,0.043095630,-8.435969353,2.062604666
153247709675,-0.178873688,-0.522779644,0.115522593,0.037110128,-8.526949883,2.127248287
153248970575,-0.176211879,-0.524110556,0.123774208,0.019153614,-8.544905663,2.141613483
153250231487,-0.179139882,-0.516391337,0.126436025,-0.007182605,-8.547300339,2.117671490
153251492400,-0.183931142,-0.520916402,0.134687632,-0.010773907,-8.626308441,2.127248287
153252753300,-0.185794398,-0.519319296,0.140809804,-0.019153614,-8.682572365,2.166752577
153254014200,-0.189520940,-0.516657531,0.154651210,-0.038307227,-8.726864815,2.165555477
153255275100,-0.192182750,-0.517456055,0.161039561,-0.040701430,-8.786720276,2.218227863
153256536012,-0.194046021,-0.513995707,0.171420619,-0.082599960,-8.836998940,2.160767078
153257796925,-0.196175471,-0.512930989,0.181801692,-0.117315881,-8.866926193,2.200271368
153259057825,-0.201499090,-0.512132406,0.188456208,-0.138863698,-8.961497307,2.151190281
153260318725,-0.208419800,-0.504679382,0.197506368,-0.227449164,-8.997409821,2.158372879
153261579637,-0.215606689,-0.502816081,0.206822708,-0.207098454,-9.035717010,2.237381458
153262840550,-0.222261220,-0.498024821,0.221462667,-0.263362199,-9.121908188,2.249352455
153264101450,-0.227851018,-0.498823375,0.235037908,-0.256179571,-9.129091263,2.279279947
153265362375,-0.237699717,-0.493765920,0.241160065,-0.280121595,-9.208099365,2.205059767
153266623275,-0.248879328,-0.485248148,0.254735321,-0.349553436,-9.259574890,2.255337954
153267884175,-0.256598562,-0.482320130,0.266713470,-0.326808542,-9.311050415,2.236184359
153269145100,-0.266713470,-0.479924500,0.278159231,-0.314837515,-9.339780807,2.203862667
153270406000,-0.277094513,-0.472737610,0.290935934,-0.325611442,-9.408015251,2.250549555
153271666887,-0.286943227,-0.467680186,0.302381724,-0.349553436,-9.412803650,2.303221941
153272927812,-0.298122823,-0.460759461,0.315956950,-0.337582439,-9.483432770,2.267308950
153274188700,-0.307172984,-0.455968201,0.330064565,-0.341173738,-9.513360977,2.347514868
153275449612,-0.318884939,-0.451975495,0.340977967,-0.379480958,-9.526528358,2.379836559
153276710525,-0.331129283,-0.442659169,0.356150299,-0.375889659,-9.560047150,2.341529369
153277971437,-0.346833974,-0.438666433,0.369459361,-0.338779539,-9.583989143,2.396595955
153279232337,-0.357747376,-0.432278097,0.383300781,-0.351947665,-9.594763756,2.452859640
153280493250,-0.368927002,-0.426422119,0.393415660,-0.342370838,-9.615114212,2.461239338
153281754150,-0.381703675,-0.419235229,0.402731985,-0.275333196,-9.574412346,2.530671120
153283015050,-0.392883301,-0.415774882,0.418436676,-0.295683920,-9.552865028,2.555810452
153284275962,-0.402731985,-0.409918875,0.426688284,-0.275333196,-9.574412346,2.612074137
153285536862,-0.414177775,-0.398206919,0.431479543,-0.244208574,-9.546879768,2.622848034
153286797775,-0.426155925,-0.395811290,0.446651876,-0.251391172,-9.549273491,2.640804529
153288058700,-0.433875173,-0.394214213,0.457032949,-0.189141929,-9.520543098,2.632424831
153289319587,-0.443990052,-0.388092041,0.468744904,-0.142454997,-9.448717117,2.632424831
153290580512,-0.450910777,-0.378243327,0.475133240,-0.089782566,-9.434351921,2.642001629
153291841400,-0.456766754,-0.376113892,0.481255412,-0.075417355,-9.412803650,2.697068214
153293102312,-0.465284556,-0.366797537,0.493499756,-0.045489833,-9.336189270,2.729389906
153294363225,-0.474068522,-0.364934266,0.504146993,0.014365210,-9.295488358,2.717418909
153295624125,-0.479125977,-0.362272471,0.509470642,0.068234749,-9.254786491,2.686294317
153296885037,-0.488974661,-0.354287028,0.511333883,0.098162271,-9.203310966,2.749740601
153298145950,-0.494032115,-0.352157593,0.527038574,0.122104287,-9.160215378,2.776076794
153299406862,-0.493499756,-0.352157593,0.534757793,0.161608621,-9.120711327,2.738966703
153300667750,-0.499089539,-0.348164856,0.531031311,0.239420176,-9.081207275,2.717418909
153301928662,-0.499355733,-0.341776520,0.538750529,0.269347697,-9.022549629,2.774879694
153303189562,-0.499355733,-0.342042714,0.542477071,0.300472319,-8.977059364,2.777273893
153304450475,-0.503880799,-0.343639791,0.544074178,0.329202741,-8.895656586,2.801216125
153305711375,-0.503348470,-0.342042714,0.544074178,0.342370838,-8.864531517,2.816778421
153306972300,-0.498557180,-0.337517619,0.545405090,0.386663586,-8.787917137,2.826355219
153308233200,-0.496161550,-0.336186707,0.542210877,0.374692559,-8.773551941,2.869450808
153309494112,-0.499355733,-0.339380890,0.548066854,0.436941803,-8.747216225,2.749740601
153310755000,-0.498024821,-0.345769227,0.547268331,0.471657753,-8.692149162,2.809595823
153312015912,-0.495629191,-0.343107432,0.540347636,0.531512797,-8.651448250,2.802413225
153313276837,-0.489240855,-0.337517619,0.542743266,0.506373644,-8.683769226,2.786850691
153314537725,-0.486046672,-0.344172150,0.541944683,0.554257691,-8.688557625,2.767697096
153315798637,-0.482586324,-0.350028127,0.535290182,0.567425787,-8.670601845,2.773682594
153317059562,-0.476197988,-0.345769227,0.534757793,0.615309834,-8.617929459,2.772485495
153318320475,-0.470874369,-0.349229604,0.531829834,0.623689532,-8.605957985,2.766499996
153319581350,-0.467946351,-0.358545929,0.530232728,0.681150377,-8.589199066,2.791639090
153320842275,-0.459694743,-0.358545929,0.523312032,0.603338838,-8.611943245,2.756923199
153322103187,-0.450644583,-0.360409200,0.516923666,0.647631586,-8.607154846,2.705447912
153323364087,-0.437867910,-0.362272471,0.511866271,0.691924274,-8.617929459,2.752134800
153324624987,-0.435472280,-0.367862284,0.508405864,0.702698231,-8.670601845,2.747346401
153325885912,-0.426688284,-0.372653544,0.504945517,0.702698231,-8.671798706,2.736572504
153327146812,-0.418702871,-0.373185903,0.497492462,0.726640224,-8.695740700,2.754528999
153328407712,-0.410185069,-0.376646250,0.491636485,0.719457626,-8.750806808,2.725798607
153329668612,-0.401134908,-0.386761129,0.484183401,0.707486629,-8.765172958,2.779668093
153330929525,-0.391818583,-0.389955312,0.474600881,0.699106872,-8.831012726,2.768894196
153332190425,-0.378243327,-0.392084748,0.473003805,0.700304031,-8.825027466,2.740163803
153333451337,-0.372387350,-0.396609843,0.463421285,0.623689532,-8.917203903,2.713827610
153334712262,-0.365999013,-0.401667267,0.456234396,0.644040287,-9.010578156,2.743755102
153335973162,-0.355351746,-0.399803996,0.447716594,0.639251888,-9.023746490,2.752134800
153337234050,-0.343905985,-0.409386516,0.439198792,0.641646087,-9.039308548,2.788047791
153338494962,-0.334589630,-0.415242493,0.432810456,0.639251888,-9.125499725,2.756923199
153339755862,-0.328999847,-0.420566142,0.426954478,0.638054729,-9.187748909,2.743755102
153341016775,-0.321014404,-0.422961771,0.414710134,0.614112735,-9.239224434,2.758120298
153342277687,-0.308770061,-0.428551555,0.409652710,0.549469292,-9.270349503,2.736572504
153343538587,-0.302647918,-0.433875173,0.407789439,0.513556242,-9.302670479,2.701856613
153344799475,-0.292000651,-0.437601715,0.397940725,0.503979445,-9.367314339,2.685097218
153346060412,-0.284015238,-0.442126811,0.387559682,0.470460624,-9.461885452,2.709039211
153347321300,-0.274166524,-0.444788605,0.377178609,0.481234550,-9.448717117,2.663549423
153348582225,-0.265116364,-0.449579865,0.371322632,0.456095427,-9.514557838,2.665943623
153349843137,-0.256332397,-0.453306407,0.367596090,0.392649084,-9.542091370,2.686294317
153351104050,-0.251541138,-0.459428579,0.359610647,0.409408480,-9.555258751,2.710236311
153352364937,-0.242224798,-0.463687479,0.353488505,0.423773706,-9.636661530,2.644395828
153353625850,-0.231311366,-0.466881633,0.345503062,0.433350503,-9.655815125,2.645592928
153354886762,-0.223592117,-0.472205251,0.339647084,0.389057785,-9.697713852,2.628833532
153356147662,-0.211081609,-0.475133240,0.329532206,0.390254885,-9.706093788,2.621650934
153357408575,-0.207088888,-0.475399435,0.321280569,0.392649084,-9.769539833,2.567781448
153358669487,-0.197506368,-0.484981954,0.318086416,0.366312861,-9.877279282,2.583343744
153359930387,-0.187657669,-0.490571767,0.314359874,0.339976639,-9.876082420,2.579752445
153361191275,-0.177276611,-0.492168844,0.307439178,0.369904160,-9.910798073,2.539050817
153362452200,-0.172485352,-0.495629191,0.306108266,0.373495460,-9.998186111,2.540247917
153363713112,-0.165564641,-0.502816081,0.304777354,0.442927331,-10.011354446,2.511517525
153364974012,-0.156248301,-0.512398601,0.297324270,0.401028782,-10.044873238,2.521094322
153366234912,-0.147730514,-0.516391337,0.289338857,0.396240383,-10.089165688,2.515108824
153367495825,-0.143471614,-0.517988384,0.287209392,0.398634583,-10.104728699,2.505532026
153368756737,-0.141874522,-0.519053161,0.284547597,0.401028782,-10.132261276,2.505532026
153370017650,-0.130428731,-0.523312032,0.280288696,0.414196908,-10.138247490,2.505532026
153371278575,-0.123508029,-0.530498922,0.277360708,0.350750566,-10.097545624,2.507926226
153372539462,-0.124040388,-0.537685812,0.278159231,0.343567938,-10.150218010,2.457648039
153373800362,-0.114724055,-0.541146159,0.273900360,0.349553436,-10.139444351,2.511517525
153375061275,-0.107537165,-0.544606507,0.273900360,0.361524463,-10.170568466,2.497152328
153376322175,-0.100882635,-0.550462484,0.268044353,0.322020143,-10.183736801,2.534262419
153377583100,-0.096623734,-0.553922832,0.264317840,0.324414343,-10.157401085,2.493561029
153378843987,-0.089969210,-0.557649374,0.264850199,0.337582439,-10.170568466,2.446874142
153380104887,-0.087307401,-0.566433370,0.263253093,0.328005642,-10.174160004,2.451662540
153381365800,-0.080652870,-0.573087871,0.268044353,0.360327363,-10.140641212,2.420537949
153382626712,-0.075329252,-0.577346802,0.265914917,0.318428814,-10.184933662,2.438494444
153383887625,-0.069473267,-0.582936585,0.256864756,0.296881020,-10.200496674,2.383427858
153385148537,-0.060156927,-0.587195516,0.263519287,0.311246216,-10.188525200,2.343923569
153386409425,-0.056430392,-0.592785299,0.264584005,0.332794040,-10.176554680,2.353500366
153387670350,-0.050308228,-0.594914734,0.265116364,0.350750566,-10.184933662,2.299630642
153388931262,-0.044718422,-0.601569295,0.264850199,0.320823044,-10.157401085,2.286462545
153390192150,-0.042855155,-0.603698730,0.264051646,0.271741897,-10.163386345,2.347514868
153391453075,-0.038862441,-0.608223796,0.261656016,0.286107093,-10.225635529,2.285265446
153392713975,-0.035668265,-0.615676880,0.263519287,0.306457818,-10.192116737,2.208651066
153393974887,-0.033272635,-0.618871033,0.265648723,0.228646263,-10.169371605,2.224213362
153395235787,-0.027682833,-0.620201945,0.269641459,0.253785372,-10.176554680,2.248155355
153396496700,-0.023423936,-0.629518270,0.269907624,0.275333196,-10.166977882,2.238578558
153397757587,-0.019431220,-0.632712483,0.269907624,0.281318694,-10.195708275,2.245761156
153399018487,-0.015438504,-0.639366984,0.275497437,0.247799873,-10.174160004,2.200271368
153400279412,-0.018100314,-0.648949504,0.274698883,0.207098454,-10.102334023,2.185906172
153401540325,-0.013309055,-0.651345134,0.279756337,0.298078120,-10.110713959,2.167949677
153402801225,-0.007719252,-0.652676046,0.284015238,0.287304193,-10.042479515,2.159569979
153404062137,-0.009582520,-0.659596741,0.283482879,0.276530296,-10.029311180,2.132036686
153405323050,-0.005589803,-0.663057089,0.286144674,0.250194073,-10.025719643,2.155978680
153406583975,-0.002129449,-0.661193848,0.289605021,0.323217243,-9.961075783,2.138022184
153407844862,0.001597087,-0.662524760,0.287741750,0.264559299,-9.922768593,2.112883091
153409105762,0.002129449,-0.668646932,0.286943227,0.278924495,-9.914389610,2.082955599
153410366662,0.004791260,-0.669179261,0.287209392,0.302866518,-9.777919769,2.044648170
153411627575,0.006388346,-0.671841085,0.289072663,0.296881020,-9.786299706,2.025494576
153412888475,0.006122165,-0.675035238,0.293065399,0.275333196,-9.744400978,1.987187386
153414149387,0.007453070,-0.682222128,0.292533010,0.286107093,-9.745597839,2.017114878
153415410325,0.016769409,-0.686214864,0.292266846,0.318428814,-9.725247383,1.968033791
153416671212,0.022359211,-0.687279582,0.291468292,0.333991140,-9.703699112,1.976413488
153417932112,0.018366495,-0.690207601,0.290403575,0.339976639,-9.668983459,1.982398987
153419193025,0.024488661,-0.686747193,0.289072663,0.401028782,-9.627084732,1.911770105
153420453950,0.027150471,-0.692070842,0.288274139,0.363918662,-9.557653427,1.890222311
153421714837,0.027416652,-0.696595907,0.286410868,0.377086759,-9.558850288,1.844732404
153422975737,0.031143188,-0.696862102,0.286943227,0.374692559,-9.530119896,1.867477298
153424236662,0.033538818,-0.699790120,0.286943227,0.399831682,-9.506177902,1.856703401
153425497575,0.034869723,-0.701387167,0.283216685,0.365115762,-9.490615845,1.843535304
153426758462,0.036466811,-0.702451885,0.284281403,0.355538964,-9.457097054,1.843535304
153428019375,0.041258071,-0.710703492,0.283749044,0.371101260,-9.405621529,1.813607812
153429280287,0.044984605,-0.712566793,0.278425425,0.379480958,-9.380482674,1.837549806
153430541200,0.046847872,-0.713099122,0.276029795,0.366312861,-9.403226852,1.772906423
153431802112,0.051905312,-0.714430034,0.274432719,0.341173738,-9.412803650,1.869871497
153433063012,0.055631850,-0.719753683,0.276295990,0.338779539,-9.412803650,1.824381709
153434323912,0.060955472,-0.720818400,0.270706177,0.354341865,-9.448717117,1.757344007
153435584812,0.066012911,-0.724012554,0.263519287,0.349553436,-9.483432770,1.696291924
153436845737,0.076127790,-0.727206767,0.260591298,0.353144765,-9.522937775,1.673547029
153438106637,0.085710309,-0.731199443,0.256066203,0.404620081,-9.618705750,1.613691926
153439367550,0.090767756,-0.734393656,0.250476420,0.343567938,-9.688137054,1.595735431
153440628450,0.096623734,-0.739451051,0.253670573,0.368707061,-9.758766174,1.549048543
153441889350,0.110198975,-0.743443787,0.252872050,0.401028782,-9.859322548,1.569399238
153443150275,0.121910945,-0.749832153,0.246483698,0.378283858,-9.938331604,1.565807939
153444411175,0.133090541,-0.754357219,0.245685145,0.417788208,-10.046070099,1.602918029
153445672087,0.142939255,-0.764205933,0.245951325,0.371101260,-10.206481934,1.600523829
153446933000,0.154651210,-0.767932475,0.249145508,0.378283858,-10.313023567,1.588552833
153448193900,0.156780660,-0.774853170,0.248080775,0.398634583,-10.451887131,1.631648421
153449454812,0.173816249,-0.782306254,0.250476420,0.365115762,-10.504560471,1.684320927
153450715712,0.187657669,-0.784968019,0.253670573,0.402225882,-10.681731224,1.693897724
153451976625,0.196974009,-0.794550538,0.256066203,0.385466486,-10.851718903,1.689109325
153453237525,0.208952159,-0.803334534,0.251274943,0.378283858,-10.930727959,1.681926727
153454498450,0.222793579,-0.811586142,0.257130951,0.386663586,-11.039664268,1.699883223
153455759325,0.230779007,-0.816909790,0.263519287,0.392649084,-11.130643845,1.742978811
153457020250,0.242490977,-0.821434855,0.263519287,0.424970806,-11.301829338,1.740584612
153458281150,0.249944046,-0.826226115,0.268576711,0.487220049,-11.422736168,1.739387512
153459542075,0.266447276,-0.836873353,0.273101807,0.505176544,-11.513715744,1.796848416
153460802975,0.278691620,-0.848319173,0.277094513,0.533906996,-11.550826073,1.855506301
153462063887,0.285878509,-0.853642762,0.278159231,0.586579442,-11.566388130,1.867477298
153463324787,0.297324270,-0.866153300,0.290403575,0.622492433,-11.638214111,1.848323703
153464585700,0.308237702,-0.872807801,0.296259552,0.626083732,-11.663353920,1.916558504
153465846600,0.318352580,-0.880793214,0.299187541,0.678756177,-11.628637314,1.935712099
153467107525,0.325539470,-0.885318339,0.301317006,0.742202520,-11.549629211,1.971625090
153468368412,0.327668935,-0.892771363,0.307971537,0.798466265,-11.537657738,2.026691675
153469629325,0.333791077,-0.902620077,0.318352580,0.829590917,-11.455058098,2.076970100
153470890237,0.345503062,-0.903950989,0.322877675,0.841561913,-11.311406136,2.092532396
153472151137,0.348431051,-0.901555359,0.327668935,0.857124209,-11.264719009,2.199074268
153473412050,0.357481211,-0.915396810,0.333258718,0.873883605,-11.135432243,2.245761156
153474672962,0.356948853,-0.914598227,0.335920542,0.883460462,-10.996568680,2.206256866
153475933850,0.362804830,-0.916195333,0.339647084,0.882263362,-10.884040833,2.257732153
153477194787,0.373452067,-0.923914552,0.338582337,0.843956113,-10.718841553,2.205059767
153478455687,0.373984426,-0.930036724,0.336985260,0.840364814,-10.587160110,2.229001760
153479716575,0.381437510,-0.934561849,0.336985260,0.842759013,-10.477026939,2.171540976
153480977500,0.387027323,-0.939885437,0.338582337,0.833182216,-10.366893768,2.078167200
153482238412,0.397940725,-0.941748738,0.335121989,0.762553275,-10.229227066,2.032677174
153483499325,0.405127615,-0.949734151,0.329798371,0.720654726,-10.201693535,1.923741102
153484760225,0.416307241,-0.953194499,0.326071829,0.593762040,-10.133459091,1.879448295
153486021112,0.431479543,-0.954525411,0.323143840,0.569819987,-10.120290756,1.813607812
153487282012,0.447716594,-0.959316671,0.313827515,0.480037451,-10.163386345,1.674744129
153488542937,0.462090373,-0.967302084,0.305043548,0.439336002,-10.238803864,1.600523829
153489803837,0.478593618,-0.967834473,0.299453735,0.274136096,-10.382455826,1.503558636
153491064750,0.490039408,-0.968100667,0.290669769,0.214281052,-10.546458244,1.376665950
153492325662,0.515060425,-0.976086080,0.285612315,0.162805721,-10.753557205,1.322796464
153493586575,0.535556376,-0.983006775,0.281087250,0.074220255,-10.943896294,1.312022567
153494847450,0.550994873,-0.988330424,0.275231242,0.004788403,-11.203666687,1.237802267
153496108387,0.573620260,-0.989395142,0.271770895,-0.050278235,-11.496956825,1.250970364
153497369287,0.588260233,-0.990193665,0.272569448,-0.088585466,-11.811794281,1.249773264
153498630200,0.601569295,-0.996582031,0.278957784,-0.106541976,-12.096704483,1.241393566
153499891100,0.613813579,-0.999243855,0.277893066,-0.137666598,-12.348094940,1.331176162
153501152012,0.624727011,-1.001107097,0.275497437,-0.190339044,-12.611457825,1.395819545
153502412925,0.631913900,-1.002171874,0.282418132,-0.155623108,-12.837709427,1.425747156
153503673825,0.640964091,-1.003768921,0.291202128,-0.180762231,-13.019668579,1.521515250
153504934737,0.636971354,-1.003236532,0.296525747,-0.136469498,-13.177686691,1.653196335
153506195650,0.631913900,-0.999243855,0.302647918,-0.117315881,-13.377601624,1.759738207
153507456550,0.629518270,-0.998977661,0.308237702,-0.119710088,-13.396756172,1.859097600
153508717450,0.624727011,-0.993654013,0.313561320,-0.131681100,-13.453019142,1.976413488
153509978375,0.618871033,-0.988862753,0.328201294,-0.146046311,-13.524845123,2.020706177
153511239262,0.605828166,-0.984337687,0.337251455,-0.152031809,-13.549984932,2.157175779
153512500187,0.588792562,-0.973424256,0.338316172,-0.076614454,-13.530831337,2.213439465
153513761100,0.579210043,-0.970762432,0.346035421,-0.095768072,-13.505691528,2.254140854
153515021987,0.565634847,-0.964906454,0.348963410,-0.011971009,-13.457807541,2.290053844
153516282912,0.548333049,-0.955590129,0.355351746,-0.034715924,-13.304578781,2.306813240
153517543825,0.532894552,-0.948403239,0.357481211,-0.040701430,-13.177686691,2.389413357
153518804750,0.519319296,-0.944144368,0.358545929,-0.052672438,-13.038822174,2.365471363
153520065625,0.502549887,-0.934295654,0.364934266,-0.105344877,-12.832921028,2.262520552
153521326537,0.484183401,-0.920188069,0.363869548,-0.116118781,-12.641385078,2.262520552
153522587462,0.470874369,-0.912468791,0.366265178,-0.189141929,-12.453440666,2.201468468
153523848375,0.461025655,-0.904217184,0.364668101,-0.174776718,-12.261903763,2.088941097
153525109250,0.450644583,-0.893836141,0.364934266,-0.185550630,-12.102689743,2.037465572
153526370175,0.442126811,-0.884519756,0.363071024,-0.259770900,-11.913547516,1.906981707
153527631087,0.433609009,-0.877332866,0.360941559,-0.259770900,-11.756727219,1.830367208
153528892000,0.426954478,-0.869879842,0.363337189,-0.335188240,-11.646594048,1.740584612
153530152912,0.421897024,-0.855772197,0.361207753,-0.395043284,-11.473014832,1.663970232
153531413800,0.416307241,-0.848052979,0.360941559,-0.430956304,-11.361683846,1.577778935
153532674725,0.413911611,-0.842995524,0.361740112,-0.456095427,-11.294646263,1.508347034
153533935612,0.407523245,-0.827290833,0.359344482,-0.531512797,-11.204864502,1.420958757
153535196525,0.410983622,-0.827290833,0.363337189,-0.520738900,-11.185709953,1.391031146
153536457437,0.412846863,-0.816643596,0.360409200,-0.535104096,-11.165359497,1.350329757
153537718337,0.411515981,-0.806528687,0.359876841,-0.574608386,-11.139023781,1.292868972
153538979262,0.410717428,-0.799341798,0.364401907,-0.584185243,-11.143812180,1.209071875
153540240162,0.407523245,-0.791622579,0.365999013,-0.608127236,-11.194089890,1.136048675
153541501075,0.407789439,-0.781773865,0.368660808,-0.591367841,-11.209652901,1.137245774
153542761975,0.409386516,-0.774853170,0.364934266,-0.571017087,-11.277887344,1.121683478
153544022887,0.404861450,-0.770594239,0.369193166,-0.623689532,-11.349713326,1.140837073
153545283787,0.406192362,-0.764738262,0.373718262,-0.562637389,-11.371260643,1.154005170
153546544700,0.406192362,-0.758349955,0.377710968,-0.587776542,-11.435904503,1.162384987
153547805600,0.403796732,-0.747436523,0.385696411,-0.585382342,-11.568782806,1.168370485
153549066525,0.401933461,-0.740515828,0.387825847,-0.521935999,-11.619060516,1.182735682
153550327437,0.399005473,-0.733861268,0.388890564,-0.505176544,-11.724406242,1.179144382
153551588325,0.396343648,-0.729336202,0.396077454,-0.478840351,-11.732785225,1.291671872
153552849237,0.392617106,-0.722149312,0.401933461,-0.458489627,-11.783063889,1.301248670
153554110150,0.384365499,-0.714430034,0.410185069,-0.436941803,-11.840524673,1.352723956
153555371062,0.378509521,-0.706710815,0.415508687,-0.416591108,-11.913547516,1.408987761
153556631962,0.364401907,-0.699790120,0.426422119,-0.392649084,-11.901576996,1.408987761
153557892875,0.356948853,-0.693934083,0.428817749,-0.398634583,-11.959037781,1.492784739
153559153775,0.348697245,-0.687013388,0.430947185,-0.377086759,-11.921927452,1.467645645
153560414700,0.339647084,-0.680358887,0.437601715,-0.347159237,-11.878831863,1.538274646
153561675600,0.331129283,-0.670776367,0.446385682,-0.331596941,-11.803414345,1.517923832
153562936487,0.314359874,-0.660927653,0.450112224,-0.298078120,-11.771092415,1.534683347
153564197412,0.304244995,-0.655071676,0.447716594,-0.287304193,-11.716026306,1.495178938
153565458312,0.301317006,-0.652409852,0.453306407,-0.276530296,-11.597513199,1.503558636
153566719225,0.289605021,-0.646287680,0.457831472,-0.244208574,-11.463438034,1.482010841
153567980125,0.274432719,-0.639899373,0.460493296,-0.237025976,-11.389217377,1.426944256
153569241037,0.264850199,-0.630849183,0.459428579,-0.222660765,-11.273098946,1.343147159
153570501962,0.261656016,-0.626057923,0.464752197,-0.227449164,-11.179724693,1.350329757
153571762862,0.251274943,-0.612216532,0.457032949,-0.250194073,-11.055226326,1.380257249
153573023762,0.248346955,-0.607957602,0.459162384,-0.253785372,-10.948684692,1.341950059
153574284675,0.240361527,-0.606892884,0.463155091,-0.248996973,-10.892420769,1.249773264
153575545587,0.238764435,-0.604497254,0.462622732,-0.214281052,-10.795455933,1.248576164
153576806487,0.232109919,-0.593051493,0.463953644,-0.173579618,-10.706870079,1.188721180
153578067400,0.228117198,-0.593850017,0.458630025,-0.207098454,-10.606313705,1.142034173
153579328300,0.219865590,-0.585598409,0.456500590,-0.202310041,-10.541669846,1.067813993
153580589212,0.214808136,-0.577879131,0.453040212,-0.162805721,-10.522516251,1.061828494
153581850125,0.214541957,-0.573620260,0.447982788,-0.169988319,-10.409989357,1.090558887
153583111025,0.212944880,-0.577612996,0.444522440,-0.153228909,-10.336965561,1.031900883
153584371962,0.210016876,-0.573886454,0.446651876,-0.116118781,-10.299856186,0.994790792
153585632850,0.207355067,-0.572023153,0.442126811,-0.155623108,-10.273519516,0.938527048
153586893750,0.205757990,-0.566965759,0.439198792,-0.140060797,-10.267534256,0.920570552
153588154662,0.206556529,-0.566433370,0.435738444,-0.053869538,-10.182539940,0.875080705
153589415562,0.201232910,-0.564037740,0.424825013,-0.075417355,-10.174160004,0.863109708
153590676475,0.203096181,-0.567498088,0.426155925,-0.059855044,-10.184933662,0.873883605
153591937375,0.204160899,-0.561908305,0.426954478,-0.014365210,-10.164583206,0.798466265
153593198300,0.203362361,-0.564570129,0.417638123,0.021547815,-10.141838074,0.834379315
153594459187,0.197506368,-0.562174499,0.414177775,0.009576807,-10.151414871,0.887051761
153595720125,0.194578379,-0.562706828,0.414443970,0.071826048,-10.152612686,0.846350312
153596981012,0.190053299,-0.566433370,0.412846863,0.126892686,-10.162189484,0.909796655
153598241925,0.190319479,-0.566965759,0.409120351,0.141257897,-10.202890396,0.865503907
153599502837,0.182067871,-0.565634847,0.402731985,0.146046311,-10.241197586,0.839167714
153600763737,0.179406062,-0.561642110,0.397142202,0.162805721,-10.177751541,0.902614057
153602024662,0.177276611,-0.568296611,0.398473084,0.142454997,-10.247183800,0.962469101
153603285550,0.174880981,-0.570958436,0.392350942,0.141257897,-10.302249908,0.928950250
153604546475,0.169823542,-0.573354065,0.386228770,0.183156431,-10.348937035,0.903811157
153605807387,0.163435191,-0.577346802,0.383300781,0.226252064,-10.398017883,0.918176353
153607068287,0.156248301,-0.576814413,0.380372792,0.264559299,-10.421959877,0.875080705
153608329187,0.156780660,-0.585598409,0.376646250,0.223857865,-10.474632263,0.858321309
153609590100,0.153054133,-0.589324951,0.376380056,0.235828876,-10.487800598,0.825999618
153610851025,0.146133423,-0.589324951,0.367596090,0.277727395,-10.570400238,0.871489406
153612111912,0.138680354,-0.592785299,0.359610647,0.250194073,-10.593145370,0.876277804
153613372812,0.128565475,-0.602367818,0.360675395,0.301669419,-10.643424034,0.859518409
153614633737,0.126702204,-0.607425272,0.361207753,0.335188240,-10.655394554,0.865503907
153615894650,0.119515315,-0.611950338,0.357215017,0.349553436,-10.681731224,0.877474904
153617155550,0.113659330,-0.617273986,0.356150299,0.350750566,-10.688913345,0.902614057
153618416462,0.108601883,-0.622331381,0.353754669,0.383072287,-10.653000832,0.916979253
153619677362,0.100616455,-0.627921224,0.351625234,0.383072287,-10.607510567,0.924161851
153620938262,0.083048500,-0.624194682,0.344970703,0.423773706,-10.570400238,0.952892303
153622199200,0.081717595,-0.633511007,0.343107432,0.471657753,-10.551246643,0.982819796
153623460100,0.074530706,-0.638302267,0.341510355,0.502782345,-10.481815338,0.932541549
153624721012,0.065214366,-0.647618592,0.339913249,0.518344700,-10.402806282,0.979228497
153625981900,0.057495117,-0.651611328,0.334855825,0.545877993,-10.374075890,0.997184992
153627242812,0.046847872,-0.656402588,0.328467458,0.599747539,-10.255562782,0.968454599
153628503712,0.038063895,-0.663323283,0.327136576,0.568622887,-10.184933662,1.065419793
153629764625,0.030610826,-0.666783631,0.321546763,0.582988143,-10.116699219,1.055842996
153631025550,0.017834133,-0.672639608,0.312230438,0.646434486,-10.025719643,1.055842996
153632286450,0.011978149,-0.680891216,0.308237702,0.640448987,-9.891644478,1.059434295
153633547362,0.006654528,-0.687811971,0.303446442,0.642843187,-9.791088104,1.104924083
153634808262,0.001064724,-0.694200277,0.298389018,0.678756177,-9.686940193,1.037886500
153636069187,-0.006388346,-0.701387167,0.291468292,0.638054729,-9.573215485,1.053448796
153637330100,-0.013042874,-0.706178427,0.279490143,0.670376480,-9.508572578,1.078587890
153638590987,-0.017301772,-0.713897705,0.268310547,0.599747539,-9.394847870,1.067813993
153639851887,-0.018366495,-0.724012554,0.261123657,0.629675031,-9.271546364,1.035492301
153641112812,-0.025021022,-0.724012554,0.252073497,0.666785181,-9.206902504,1.034295201
153642373725,-0.024754841,-0.727739096,0.242757156,0.646434486,-9.105149269,1.012747288
153643634612,-0.029279921,-0.737055421,0.228383377,0.658405483,-9.028534889,1.029506683
153644895525,-0.029013740,-0.741314352,0.217203766,0.622492433,-8.973467827,1.037886500
153646156437,-0.031675551,-0.747968853,0.209750697,0.594959140,-8.870517731,1.041477799
153647417350,-0.037265353,-0.757817566,0.203628540,0.645237386,-8.858546257,0.991199493
153648678250,-0.038063895,-0.758349955,0.184995860,0.605733037,-8.775946617,1.012747288
153649939175,-0.039660983,-0.761810303,0.172219172,0.627280831,-8.734047890,1.041477799
153651200087,-0.043387517,-0.770328104,0.163435191,0.630872130,-8.656236649,1.025915384
153652460975,-0.043919880,-0.771925151,0.147464320,0.591367841,-8.619126320,1.045069098
153653721887,-0.045250785,-0.776716411,0.132558182,0.511162043,-8.611943245,1.013944387
153654982787,-0.047912598,-0.780176759,0.119781494,0.521935999,-8.536526680,1.078587890
153656243712,-0.049243502,-0.779644430,0.103810623,0.492008448,-8.499416351,1.084573388
153657504612,-0.046581693,-0.785500407,0.095825195,0.463278025,-8.511386871,1.125274777
153658765525,-0.049509682,-0.798010945,0.081185237,0.444124430,-8.473079681,1.078587890
153660026425,-0.049775865,-0.797744751,0.064149641,0.438138902,-8.434772491,1.143231273
153661287325,-0.053768583,-0.793485820,0.052970037,0.407014281,-8.446743965,1.164779186
153662548237,-0.052437674,-0.802802205,0.043387517,0.412999809,-8.421604156,1.227028370
153663809162,-0.051106770,-0.807859600,0.029546101,0.390254885,-8.367734909,1.179144382
153665070050,-0.051106770,-0.806528687,0.017834133,0.379480958,-8.377311707,1.213860273
153666330975,-0.056430392,-0.809989095,0.002129449,0.332794040,-8.389283180,1.224634171
153667591875,-0.052970037,-0.808125794,-0.008517795,0.347159237,-8.333019257,1.235408068
153668852787,-0.060156927,-0.812118530,-0.019165039,0.416591108,-8.371326447,1.301248670
153670113687,-0.061221652,-0.818240702,-0.029546101,0.369904160,-8.423998833,1.280897975
153671374600,-0.059890747,-0.819039226,-0.043919880,0.421379507,-8.377311707,1.276109457
153672635512,-0.059890747,-0.823298097,-0.051639132,0.377086759,-8.372523308,1.273715258
153673896437,-0.060689289,-0.823298097,-0.062020194,0.420182407,-8.366538048,1.320402265
153675157325,-0.062552556,-0.824629009,-0.072135076,0.409408480,-8.376114845,1.323993564
153676418250,-0.063883461,-0.832082093,-0.076926336,0.418985307,-8.352172852,1.350329757
153677679150,-0.066279091,-0.836341023,-0.084113225,0.439336002,-8.349778175,1.374271750
153678940050,-0.067343816,-0.836074829,-0.087307401,0.422576606,-8.340201378,1.400608063
153680200975,-0.074264526,-0.835542440,-0.090501569,0.439336002,-8.336610794,1.437718153
153681461875,-0.076127790,-0.842463136,-0.097688459,0.430956304,-8.340201378,1.420958757
153682722775,-0.077458702,-0.843794048,-0.099285550,0.441730231,-8.295908928,1.456871748
153683983687,-0.081185237,-0.840599895,-0.108069524,0.432153404,-8.304288864,1.499967337
153685244587,-0.088638306,-0.846722066,-0.109932795,0.481234550,-8.276755333,1.526303649
153686505500,-0.089170665,-0.856836915,-0.109932795,0.458489627,-8.237251282,1.496376038
153687766412,-0.098753184,-0.854175150,-0.112594604,0.484825850,-8.190564156,1.535880446
153689027325,-0.102479719,-0.849650025,-0.119249128,0.451307029,-8.113949776,1.559822440
153690288237,-0.102213539,-0.855506063,-0.113126963,0.511162043,-8.157045364,1.543063045
153691549125,-0.111529879,-0.859232545,-0.112594604,0.445321530,-8.139088631,1.551442742
153692810050,-0.116587318,-0.860031128,-0.113393143,0.422576606,-8.061277390,1.571793437
153694070962,-0.118982948,-0.871476889,-0.110198975,0.463278025,-7.973888874,1.568202138
153695331875,-0.121378578,-0.873340189,-0.113393143,0.459686726,-7.955932140,1.538274646
153696592762,-0.127500743,-0.872541606,-0.109932795,0.468066424,-7.898471355,1.550245643
153697853675,-0.126968384,-0.876001954,-0.106472440,0.445321530,-7.869740963,1.543063045
153699114575,-0.131227285,-0.877599061,-0.108601883,0.438138902,-7.807491779,1.532289147
153700375487,-0.133622915,-0.880793214,-0.115788773,0.408211380,-7.776367188,1.575384736
153701636400,-0.135219991,-0.885584474,-0.106738620,0.452504128,-7.709329605,1.586158633
153702897312,-0.139212713,-0.887447774,-0.101681180,0.399831682,-7.678205013,1.559822440
153704158225,-0.133889094,-0.894102275,-0.102479719,0.433350503,-7.714118004,1.576581836
153705419137,-0.139212713,-0.892505229,-0.099551730,0.391451985,-7.625532627,1.551442742
153706680012,-0.141075984,-0.894102275,-0.094494291,0.398634583,-7.641094685,1.507149935
153707940937,-0.138147995,-0.894900858,-0.092364840,0.390254885,-7.613561630,1.543063045
153709201850,-0.138680354,-0.900224447,-0.092897199,0.386663586,-7.617152691,1.528697848
153710462750,-0.143471614,-0.902353883,-0.088904485,0.331596941,-7.538144112,1.511938334
153711723650,-0.140543625,-0.906612813,-0.083314680,0.312443316,-7.563283443,1.577778935
153712984587,-0.141075984,-0.912734985,-0.078789607,0.326808542,-7.523778915,1.497573137
153714245487,-0.139478892,-0.913533509,-0.076393977,0.313640416,-7.539340973,1.491587639
153715506412,-0.136817083,-0.912468791,-0.070005625,0.317231715,-7.559691906,1.561019540
153716767312,-0.134421453,-0.918590963,-0.065746732,0.295683920,-7.578845501,1.551442742
153718028212,-0.133090541,-0.922849834,-0.066811457,0.238223076,-7.612364292,1.567005038
153719289125,-0.129630193,-0.924446940,-0.060423110,0.223857865,-7.629123688,1.570596337
153720550037,-0.129896373,-0.927641094,-0.053768583,0.266953498,-7.631517887,1.546654344
153721810937,-0.130162552,-0.927641094,-0.055631850,0.185550630,-7.712920666,1.549048543
153723071837,-0.126436025,-0.927641094,-0.051106770,0.191536143,-7.716512203,1.531092048
153724332762,-0.125637472,-0.928972006,-0.040193345,0.159214407,-7.762001991,1.533486247
153725593662,-0.123241849,-0.929770589,-0.035135906,0.118512988,-7.795520782,1.550245643
153726854575,-0.123774208,-0.929770589,-0.032474093,0.094570965,-7.867346764,1.558625340
153728115487,-0.122709483,-0.934295654,-0.029013740,0.034715924,-7.936778545,1.580173135
153729376362,-0.126436025,-0.932166219,-0.023157755,0.051475339,-7.946355343,1.586158633
153730637300,-0.127234563,-0.931900024,-0.021560669,0.027533319,-8.016983986,1.600523829
153731898200,-0.128831655,-0.933230937,-0.019697402,-0.046686932,-7.987056732,1.622071624
153733159112,-0.129097834,-0.931633830,-0.020229762,-0.061052144,-8.116343498,1.595735431
153734420012,-0.130428731,-0.930036724,-0.013042874,-0.108936176,-8.074445724,1.642422438
153735680937,-0.130961105,-0.932166219,-0.008251614,-0.106541976,-8.111555099,1.629254222
153736941850,-0.135752365,-0.929238200,-0.009316338,-0.122104287,-8.109161377,1.634042621
153738202762,-0.137083262,-0.923648417,-0.006388346,-0.204704240,-8.149862289,1.628057122
153739463650,-0.137881801,-0.927108765,-0.002395630,-0.195127442,-8.148665428,1.702277422
153740724575,-0.137881801,-0.921518922,-0.001330905,-0.253785372,-8.147468567,1.667561531
153741985487,-0.144003972,-0.912468791,0.000000000,-0.244208574,-8.188169479,1.643619537
153743246387,-0.144003972,-0.914598227,0.004791260,-0.298078120,-8.175002098,1.671152830
153744507300,-0.148262873,-0.913001180,0.004791260,-0.298078120,-8.182184219,1.659181833
153745768200,-0.149061412,-0.910871685,0.002661811,-0.325611442,-8.166622162,1.657984734
153747029112,-0.151989400,-0.905015707,0.002661811,-0.383072287,-8.140285492,1.653196335
153748290012,-0.154385030,-0.898095012,0.003726535,-0.389057785,-8.153453827,1.657984734
153749550937,-0.156248301,-0.899159729,0.002395630,-0.428562105,-8.158242226,1.616086125
153750811837,-0.161838099,-0.891972840,0.002927992,-0.422576606,-8.161833763,1.660378933
153752072750,-0.161571920,-0.890908122,0.002395630,-0.396240383,-8.182184219,1.567005038
153753333650,-0.157046840,-0.882656515,-0.003992716,-0.430956304,-8.140285492,1.596932530
153754594562,-0.160507202,-0.872807801,-0.011978149,-0.462080926,-8.166622162,1.574187636
153755855462,-0.163967550,-0.873872519,-0.010114881,-0.474051952,-8.166622162,1.581370234
153757116387,-0.162636653,-0.869347453,-0.011445787,-0.465672225,-8.157045364,1.520318151
153758377287,-0.162636653,-0.862692952,-0.010913425,-0.537498295,-8.161833763,1.529894948
153759638200,-0.167427912,-0.856570780,-0.016237047,-0.514753342,-8.121131897,1.503558636
153760899112,-0.165298462,-0.851513326,-0.022359211,-0.556651890,-8.137891769,1.496376038
153762160012,-0.163169011,-0.843261719,-0.022891574,-0.542286694,-8.128314972,1.503558636
153763420912,-0.164766103,-0.839801371,-0.025021022,-0.554257691,-8.149862289,1.508347034
153764681837,-0.163701370,-0.833146811,-0.029812282,-0.545877993,-8.159439087,1.477222443
153765942737,-0.162636653,-0.828621745,-0.033006456,-0.577002585,-8.231265068,1.517923832
153767203650,-0.164766103,-0.821967244,-0.038596258,-0.582988143,-8.222886086,1.460463047
153768464562,-0.160507202,-0.819837749,-0.041790433,-0.549469292,-8.261193275,1.484405041
153769725462,-0.152787954,-0.816111207,-0.043653701,-0.604535937,-8.327033997,1.471236944
153770986375,-0.156248301,-0.807061076,-0.044984605,-0.567425787,-8.344989777,1.403002262
153772247287,-0.159708664,-0.798543274,-0.053236220,-0.592564940,-8.380903244,1.497573137
153773508212,-0.157579213,-0.796946168,-0.058826022,-0.603338838,-8.409633636,1.461660147
153774769100,-0.155449763,-0.793485820,-0.056962755,-0.543483794,-8.391676903,1.467645645
153776030000,-0.151723221,-0.787363648,-0.056696571,-0.527921498,-8.446743965,1.447294950
153777290912,-0.148262873,-0.782306254,-0.059092201,-0.527921498,-8.477868080,1.510741234
153778551825,-0.144003972,-0.776450276,-0.061221652,-0.593762040,-8.528146744,1.476025343
153779812750,-0.147198141,-0.771392822,-0.057495117,-0.562637389,-8.582015991,1.489193439
153781073637,-0.143205434,-0.768464804,-0.057228934,-0.580593944,-8.576030731,1.541865945
153782334550,-0.139212713,-0.764205933,-0.058027480,-0.539892495,-8.550891876,1.510741234
153783595462,-0.143205434,-0.752760112,-0.061221652,-0.561440289,-8.599972725,1.515529633
153784856362,-0.140277430,-0.749565959,-0.060156927,-0.527921498,-8.604761124,1.515529633
153786117275,-0.137083262,-0.746904135,-0.056962755,-0.505176544,-8.596381187,1.553836942
153787378175,-0.133889094,-0.737587810,-0.055898029,-0.482431650,-8.543708801,1.625662923
153788639100,-0.139478892,-0.735192180,-0.051372953,-0.508767843,-8.536526680,1.592144132
153789899987,-0.135486171,-0.731731832,-0.053236220,-0.459686726,-8.523358345,1.620874524
153791160912,-0.131227285,-0.729868531,-0.054034762,-0.502782345,-8.524555206,1.637633920
153792421837,-0.130694911,-0.724012554,-0.048178777,-0.471657753,-8.486248016,1.653196335
153793682725,-0.126702204,-0.716825664,-0.044452243,-0.490811348,-8.470685959,1.660378933
153794943637,-0.123508029,-0.715228617,-0.050574407,-0.441730231,-8.425195694,1.660378933
153796204550,-0.124306574,-0.709372640,-0.048178777,-0.432153404,-8.416815758,1.620874524
153797465450,-0.122975662,-0.701919556,-0.044984605,-0.450109929,-8.385691643,1.618480325
153798726350,-0.118450589,-0.702718079,-0.042588975,-0.472854853,-8.374917984,1.635239720
153799987262,-0.106738620,-0.694466472,-0.044452243,-0.457292527,-8.300697327,1.675941229
153801248187,-0.103278264,-0.687013388,-0.041790433,-0.426167905,-8.322245598,1.614889026
153802509087,-0.096889921,-0.688344300,-0.041790433,-0.476446152,-8.346187592,1.605312228
153803770025,-0.093961924,-0.685150146,-0.041524250,-0.489614248,-8.349778175,1.574187636
153805030912,-0.087041214,-0.679826498,-0.038063895,-0.502782345,-8.389283180,1.556231141
153806291800,-0.078523420,-0.680891216,-0.035934448,-0.484825850,-8.365341187,1.557428241
153807552712,-0.076660156,-0.673704326,-0.031409368,-0.481234550,-8.382100105,1.593341231
153808813625,-0.072933622,-0.666517437,-0.033538818,-0.477643251,-8.429984093,1.592144132
153810074525,-0.064948186,-0.663855672,-0.034337360,-0.492008448,-8.423998833,1.589749932
153811335475,-0.053768583,-0.662524760,-0.030877007,-0.451307029,-8.437167168,1.568202138
153812596350,-0.048444960,-0.655337870,-0.029013740,-0.495599747,-8.433575630,1.516726732
153813857275,-0.046581693,-0.648949504,-0.031143188,-0.476446152,-8.488641739,1.517923832
153815118187,-0.036732990,-0.647086263,-0.030610826,-0.446518630,-8.534132004,1.576581836
153816379075,-0.033804998,-0.641496420,-0.026884291,-0.476446152,-8.583212852,1.522712350
153817640012,-0.028215196,-0.637769878,-0.022891574,-0.524330199,-8.607154846,1.555034041
153818900912,-0.023423936,-0.635108113,-0.022093032,-0.503979445,-8.635885239,1.572990537
153820161812,-0.023423936,-0.636705160,-0.023690118,-0.487220049,-8.672995567,1.580173135
153821422700,-0.013042874,-0.627921224,-0.021294488,-0.507570744,-8.726864815,1.587355733
153822683625,-0.012244331,-0.621266663,-0.020762125,-0.489614248,-8.783128738,1.572990537
153823944550,-0.007186890,-0.618871033,-0.020229762,-0.518344700,-8.771158218,1.598129630
153825205450,-0.002395630,-0.618072510,-0.020762125,-0.523133099,-8.804677010,1.577778935
153826466350,-0.004525078,-0.607957602,-0.022093032,-0.508767843,-8.889671326,1.608903527
153827727275,-0.002661811,-0.604763448,-0.020495944,-0.493205547,-8.923190117,1.587355733
153828988175,0.002661811,-0.606626689,-0.019963583,-0.482431650,-8.950722694,1.586158633
153830249087,0.006654528,-0.598108947,-0.017567953,-0.480037451,-9.033323288,1.624465823
153831510000,0.004525078,-0.592519104,-0.016237047,-0.451307029,-9.009381294,1.578976035
153832770912,0.002395630,-0.590922058,-0.016503228,-0.438138902,-9.057265282,1.587355733
153834031812,0.001597087,-0.585066020,-0.015970865,-0.466869324,-9.081207275,1.610100627
153835292725,0.003194173,-0.582404256,-0.010647244,-0.436941803,-9.074024200,1.599326730
153836553637,0.002661811,-0.576814413,-0.012244331,-0.397437483,-9.105149269,1.580173135
153837814550,0.005323622,-0.573620260,-0.010913425,-0.398634583,-9.145850182,1.505952835
153839075450,0.002129449,-0.567498088,-0.006920708,-0.368707061,-9.165003777,1.583764434
153840336362,0.002395630,-0.561109722,-0.007985433,-0.374692559,-9.168595314,1.529894948
153841597262,0.000532362,-0.558181763,-0.011711968,-0.357933164,-9.162610054,1.545457244
153842858187,-0.001330905,-0.556052327,-0.005057441,-0.347159237,-9.198522568,1.499967337
153844119087,-0.003460354,-0.554189026,-0.000532362,-0.350750566,-9.232041359,1.522712350
153845379975,-0.001064724,-0.549930155,0.001863268,-0.341173738,-9.275137901,1.471236944
153846640912,-0.006388346,-0.541146159,-0.006122165,-0.375889659,-9.279926300,1.495178938
153847901812,-0.009848701,-0.544340312,-0.002661811,-0.375889659,-9.300276756,1.520318151
153849162712,-0.012244331,-0.538750529,-0.002661811,-0.348356336,-9.363722801,1.478419542
153850423625,-0.011978149,-0.529168010,-0.003460354,-0.337582439,-9.361329079,1.461660147
153851684537,-0.014107598,-0.526772380,-0.003726535,-0.365115762,-9.378087997,1.436521053
153852945437,-0.017035590,-0.533959270,-0.003194173,-0.404620081,-9.376891136,1.432929754
153854206350,-0.011711968,-0.529168010,-0.002927992,-0.368707061,-9.368511200,1.459265947
153855467262,-0.017301772,-0.523844421,0.000000000,-0.373495460,-9.412803650,1.435323954
153856728175,-0.024754841,-0.520650208,0.000266181,-0.357933164,-9.417592049,1.422155857
153857989075,-0.028481377,-0.514261901,-0.005589803,-0.367509961,-9.449913979,1.387439847
153859249975,-0.032740276,-0.510002971,-0.000532362,-0.347159237,-9.435548782,1.420958757
153860510887,-0.034071181,-0.508938253,-0.000798543,-0.277727395,-9.408015251,1.370680451
153861771825,-0.036732990,-0.506276429,0.000000000,-0.304063618,-9.457097054,1.417367458
153863032712,-0.036999173,-0.497758657,-0.002395630,-0.313640416,-9.421183586,1.423352957
153864293625,-0.040193345,-0.498024821,0.001597087,-0.322020143,-9.439140320,1.375468850
153865554537,-0.044452243,-0.495096833,0.005057441,-0.308852017,-9.405621529,1.392228246
153866815437,-0.050042044,-0.491902649,0.005057441,-0.287304193,-9.388861656,1.347935557
153868076337,-0.046847872,-0.490571767,0.007719252,-0.310049117,-9.382876396,1.382651448
153869337275,-0.055365667,-0.483384877,0.009316338,-0.260968000,-9.428366661,1.393425345
153870598187,-0.059624564,-0.481521606,0.007453070,-0.263362199,-9.392453194,1.429338455
153871859087,-0.062020194,-0.478859782,0.009050157,-0.280121595,-9.382876396,1.420958757
153873119987,-0.068408541,-0.475133240,0.006920708,-0.274136096,-9.338583946,1.405396461
153874380900,-0.066545270,-0.468212545,0.010114881,-0.238223076,-9.317035675,1.434126854
153875641825,-0.072401255,-0.469809622,0.011445787,-0.258573800,-9.358934402,1.395819545
153876902712,-0.071868896,-0.472471446,0.009848701,-0.263362199,-9.320627213,1.373074651
153878163625,-0.079588145,-0.464752197,0.012510511,-0.241814375,-9.259574890,1.386242747
153879424525,-0.079588145,-0.459694743,0.010381063,-0.243011475,-9.245209694,1.394622445
153880685450,-0.081185237,-0.461291850,0.013042874,-0.265756398,-9.211690903,1.340752959
153881946350,-0.084113225,-0.455702037,0.016237047,-0.275333196,-9.136273384,1.355118155
153883207262,-0.084645584,-0.455435842,0.017834133,-0.268150598,-9.165003777,1.376665950
153884468162,-0.088638306,-0.449579865,0.011978149,-0.270544797,-9.076418877,1.370680451
153885729087,-0.087839760,-0.446119517,0.015970865,-0.281318694,-9.075222015,1.335964561
153886989975,-0.090767756,-0.445320964,0.016503228,-0.283712894,-9.029731750,1.296460271
153888250912,-0.094494291,-0.440529704,0.016503228,-0.290895522,-8.998606682,1.337161660
153889511812,-0.093695745,-0.437601715,0.022093032,-0.280121595,-8.954314232,1.346738458
153890772725,-0.091300115,-0.436270803,0.023157755,-0.302866518,-8.975862503,1.312022567
153892033637,-0.091033936,-0.432810456,0.023423936,-0.283712894,-8.936357498,1.277306676
153893294550,-0.091566294,-0.427753031,0.018898858,-0.240617275,-8.848969460,1.339555860
153894555437,-0.090501569,-0.426954478,0.021028306,-0.198718742,-8.836998940,1.291671872
153895816350,-0.093429565,-0.425889760,0.023956299,-0.198718742,-8.780735016,1.280897975
153897077262,-0.091033936,-0.423227936,0.030078463,-0.124498487,-8.738836288,1.256955862
153898338175,-0.087573580,-0.419235229,0.028747559,-0.101753570,-8.768763542,1.302445769
153899599075,-0.091300115,-0.417904317,0.028481377,-0.094570965,-8.712499619,1.270123959
153900859975,-0.086508855,-0.420832306,0.033272635,-0.007182605,-8.705317497,1.256955862
153902120912,-0.079588145,-0.417105764,0.038063895,0.007182605,-8.645462036,1.222239971
153903381812,-0.078257240,-0.412846863,0.036200628,0.057460841,-8.659827232,1.197100878
153904642725,-0.076393977,-0.413911611,0.036466811,0.082599960,-8.689755440,1.286883473
153905903625,-0.077991061,-0.412580699,0.037797716,0.025139118,-8.665813446,1.248576164
153907164537,-0.071336530,-0.416573405,0.041258071,0.057460841,-8.610746384,1.237802267
153908425425,-0.071868896,-0.416839600,0.042322792,0.094570965,-8.626308441,1.246181965
153909686350,-0.066545270,-0.417371958,0.043121338,0.076614454,-8.641871452,1.205480576
153910947262,-0.063617282,-0.415774882,0.046315510,0.158017308,-8.646659851,1.195903778
153912208175,-0.055898029,-0.414177775,0.047646414,0.154426008,-8.683769226,1.227028370
153913469075,-0.055365667,-0.415774882,0.052703857,0.147243410,-8.689755440,1.187524080
153914729987,-0.049243502,-0.416839600,0.056430392,0.135272399,-8.723274231,1.156399488
153915990912,-0.047912598,-0.419501394,0.060156927,0.148440510,-8.761581421,1.173158884
153917251800,-0.045783147,-0.422163218,0.058559842,0.184353530,-8.817845345,1.119289279
153918512712,-0.041258071,-0.425889760,0.058293659,0.193930343,-8.851364136,1.106121182
153919773612,-0.039927166,-0.420832306,0.060423110,0.167594120,-8.920795441,1.136048675
153921034550,-0.034869723,-0.422961771,0.065746732,0.168791220,-8.972270966,1.134851575
153922295450,-0.030344645,-0.430947185,0.066811457,0.179565132,-9.012972832,1.144428372
153923556362,-0.024754841,-0.428019196,0.071868896,0.169988319,-9.042900085,1.137245774
153924817262,-0.022359211,-0.425623566,0.075595431,0.180762231,-9.071630478,1.124077678
153926078187,-0.018632676,-0.429616272,0.074796885,0.219069451,-9.114726067,1.110909581
153927339100,-0.015438504,-0.435472280,0.079588145,0.184353530,-9.161413193,1.116895080
153928600000,-0.014373779,-0.434673727,0.080919050,0.195127442,-9.212887764,1.122880578
153929860900,-0.015970865,-0.434673727,0.085976496,0.164002821,-9.216479301,1.090558887
153931121800,-0.014107598,-0.441062063,0.089969210,0.131681100,-9.278728485,1.151610970
153932382712,-0.010114881,-0.439198792,0.093961924,0.172382519,-9.265561104,1.175553083
153933643637,-0.007453070,-0.437867910,0.093961924,0.153228909,-9.305065155,1.125274777
153934904537,-0.004791260,-0.441594422,0.096889921,0.148440510,-9.325415611,1.170764685
153936165437,-0.007719252,-0.438932627,0.096889921,0.094570965,-9.306262016,1.163582087
153937426362,-0.001863268,-0.439997345,0.099817909,0.173579618,-9.324218750,1.179144382
153938687262,-0.003194173,-0.441062063,0.101681180,0.184353530,-9.361329079,1.182735682
153939948162,-0.002927992,-0.444788605,0.105940074,0.135272399,-9.386467934,1.125274777
153941209075,-0.001863268,-0.450112224,0.108335704,0.113724582,-9.368511200,1.138442874
153942470000,0.000532362,-0.447982788,0.109400429,0.110133275,-9.348160744,1.148019671
153943730900,-0.000266181,-0.444788605,0.110465154,0.108936176,-9.344569206,1.152808070
153944991812,0.003194173,-0.447450429,0.113659330,0.100556470,-9.362525940,1.086967587
153946252725,0.007186890,-0.448248953,0.116853498,0.062249243,-9.324218750,1.116895080
153947513637,0.004525078,-0.449047506,0.118716769,0.058657940,-9.357737541,1.126471877
153948774550,0.003992716,-0.450910777,0.119249128,0.023942018,-9.368511200,1.113303781
153950035450,0.007453070,-0.446385682,0.119515315,0.019153614,-9.350554466,1.133654475
153951296350,0.010647244,-0.449579865,0.115522593,0.029927522,-9.352949142,1.134851575
153952557250,0.011978149,-0.446385682,0.117918223,-0.043095630,-9.352949142,1.079784989
153953818162,0.012244331,-0.446119517,0.118982948,-0.005985504,-9.326612473,1.090558887
153955079075,0.011978149,-0.447982788,0.120313853,-0.073023155,-9.354146004,1.071405292
153956340000,0.013309055,-0.443191528,0.120580032,-0.118512988,-9.379284859,1.030703783
153957600900,0.016503228,-0.445054799,0.121910945,-0.126892686,-9.367314339,0.991199493
153958861812,0.016769409,-0.448515147,0.123241849,-0.086191259,-9.387664795,1.042674899
153960122712,0.017567953,-0.448248953,0.125105113,-0.141257897,-9.400833130,1.048660398
153961383637,0.019431220,-0.446918070,0.124040388,-0.162805721,-9.422380447,1.041477799
153962644537,0.019963583,-0.443191528,0.124572754,-0.147243410,-9.448717117,1.042674899
153963905437,0.021028306,-0.447450429,0.125371292,-0.199915841,-9.476250648,1.041477799
153965166350,0.018632676,-0.444788605,0.123774208,-0.243011475,-9.482235909,1.046266198
153966427262,0.021560669,-0.439731181,0.127766922,-0.231040463,-9.487024307,1.010353088
153967688187,0.022093032,-0.440529704,0.128299281,-0.265756398,-9.494207382,0.962469101
153968949087,0.019963583,-0.438400269,0.128299281,-0.286107093,-9.527726173,1.037886500
153970209987,0.022093032,-0.437601715,0.129364014,-0.319625944,-9.526528358,1.000776291
153971470912,0.017301772,-0.432011902,0.125637472,-0.407014281,-9.585186958,1.030703783
153972731812,0.017301772,-0.435206085,0.124572754,-0.348356336,-9.588777542,1.028309584
153973992725,0.015438504,-0.438134074,0.128033102,-0.438138902,-9.589975357,0.982819796
153975253637,0.013575235,-0.432278097,0.129097834,-0.392649084,-9.622296333,1.029506683
153976514550,0.014639961,-0.424825013,0.129097834,-0.446518630,-9.623494148,1.036689401
153977775437,0.014639961,-0.424825013,0.133090541,-0.472854853,-9.622296333,1.006761789
153979036362,0.010647244,-0.425623566,0.130694911,-0.470460624,-9.670180321,0.995987892
153980297275,0.005057441,-0.426422119,0.131493464,-0.468066424,-9.682151794,1.011550188
153981558200,0.007453070,-0.424026489,0.134953812,-0.487220049,-9.694122314,0.960074902
153982819087,0.003992716,-0.417371958,0.134953812,-0.478840351,-9.660603523,0.993593693
153984079987,-0.002129449,-0.418702871,0.136018544,-0.505176544,-9.628282547,1.017535686
153985340900,-0.004525078,-0.415508687,0.139212713,-0.515950441,-9.621099472,1.019929886
153986601812,-0.007453070,-0.410185069,0.136817083,-0.519541800,-9.652224541,1.046266198
153987862737,-0.006122165,-0.407789439,0.138946533,-0.529118598,-9.621099472,1.025915384
153989123625,-0.008783977,-0.404861450,0.144802511,-0.470460624,-9.619902611,0.967257500
153990384537,-0.012244331,-0.404861450,0.144536331,-0.507570744,-9.612719536,1.003170490
153991645450,-0.014373779,-0.401401103,0.146133423,-0.527921498,-9.592369080,1.005564690
153992906362,-0.021028306,-0.396077454,0.146665782,-0.482431650,-9.576807022,1.016338587
153994167262,-0.020495944,-0.394746572,0.150924683,-0.508767843,-9.552865028,0.984016895
153995428162,-0.020762125,-0.402199626,0.155183583,-0.468066424,-9.619902611,0.994790792
153996689087,-0.025021022,-0.398739278,0.157579213,-0.459686726,-9.570821762,0.988805294
153997950000,-0.025819566,-0.397142202,0.158910111,-0.452504128,-9.525331497,1.023521185
153999210912,-0.024488661,-0.390753835,0.158111572,-0.476446152,-9.554061890,1.000776291
154000471825,-0.028481377,-0.390221477,0.158910111,-0.432153404,-9.549273491,0.997184992
154001732750,-0.026618110,-0.389156759,0.168226451,-0.412999809,-9.522937775,0.999579191
154002993612,-0.025553385,-0.387027323,0.173550069,-0.434547603,-9.536105156,0.976834297
154004254537,-0.030877007,-0.384631693,0.175679520,-0.424970806,-9.488221169,0.979228497
154005515450,-0.030877007,-0.384897858,0.178075150,-0.421379507,-9.487024307,1.009155989
154006776387,-0.027949015,-0.388890564,0.177808970,-0.397437483,-9.467870712,1.051054597
154008037275,-0.031143188,-0.384365499,0.183398768,-0.337582439,-9.457097054,1.036689401
154009298200,-0.033804998,-0.383833140,0.183664948,-0.361524463,-9.464279175,1.034295201
154010559087,-0.031941731,-0.385164052,0.187391490,-0.312443316,-9.416395187,1.036689401
154011820000,-0.033804998,-0.379041880,0.192715108,-0.307654917,-9.391256332,1.041477799
154013080912,-0.030344645,-0.374782979,0.195110738,-0.307654917,-9.416395187,1.066616893
154014341825,-0.029812282,-0.380638957,0.195643097,-0.300472319,-9.387664795,1.069011092
154015602737,-0.035668265,-0.379574239,0.200966731,-0.248996973,-9.368511200,1.060631394
154016863650,-0.034869723,-0.374782979,0.204427078,-0.300472319,-9.369708061,1.109712481
154018124550,-0.034869723,-0.373984426,0.203894719,-0.292092621,-9.334992409,1.119289279
154019385462,-0.035934448,-0.373984426,0.203096181,-0.268150598,-9.285911560,1.118092179
154020646375,-0.037265353,-0.372919708,0.206822708,-0.258573800,-9.232041359,1.092953086
154021907287,-0.037265353,-0.373984426,0.209484518,-0.305260718,-9.278728485,1.125274777
154023168200,-0.038596258,-0.366531372,0.208952159,-0.316034615,-9.287108421,1.033097982
154024429100,-0.040991887,-0.360409200,0.213477239,-0.288501292,-9.269151688,1.102529883
154025689987,-0.035934448,-0.369991720,0.214275777,-0.307654917,-9.222464561,1.083376288
154026950937,-0.038330078,-0.367063731,0.212678701,-0.264559299,-9.214085579,1.048660398
154028211837,-0.045516968,-0.357747376,0.210549250,-0.268150598,-9.168595314,1.098938584
154029472750,-0.042322792,-0.348963410,0.211613968,-0.290895522,-9.124302864,1.071405292
154030733662,-0.038862441,-0.359610647,0.211880147,-0.320823044,-9.147047997,1.035492301
154031994550,-0.038596258,-0.358013570,0.207088888,-0.310049117,-9.135076523,1.049857497
154033255462,-0.036200628,-0.349229604,0.207621247,-0.398634583,-9.115922928,1.077390790
154034516362,-0.037797716,-0.347100139,0.204693258,-0.401028782,-9.121908188,1.063025594
154035777312,-0.029546101,-0.347366333,0.203628540,-0.410605609,-9.125499725,1.071405292
154037038175,-0.027682833,-0.346833974,0.199635819,-0.439336002,-9.153033257,1.024718285
154038299112,-0.022359211,-0.341244161,0.200168177,-0.517147601,-9.185355186,1.071405292
154039560025,-0.022891574,-0.342575073,0.196441650,-0.614112735,-9.230844498,1.047463298
154040820925,-0.019165039,-0.341244161,0.194312200,-0.635660529,-9.285911560,1.054645896
154042081850,-0.011179605,-0.336985260,0.192182750,-0.672770679,-9.449913979,1.051054597
154043342750,-0.007453070,-0.332194000,0.188456208,-0.718260527,-9.532514572,1.005564690
154044603662,-0.000798543,-0.325007111,0.182334051,-0.784101069,-9.629479408,1.070208192
154045864575,0.005057441,-0.327136576,0.180470780,-0.836773515,-9.752780914,1.023521185
154047125475,0.012244331,-0.323676199,0.176211879,-0.889445961,-9.923966408,0.980425596
154048386387,0.018632676,-0.317554057,0.172751531,-0.914585054,-10.060435295,1.027112484
154049647300,0.025021022,-0.311698049,0.171420619,-0.950498104,-10.212467194,1.040280700
154050908212,0.033538818,-0.305309713,0.168226451,-1.010353088,-10.381258965,1.088164687
154052169112,0.041790433,-0.308503896,0.170089722,-0.992396593,-10.538079262,1.065419793
154053430037,0.045250785,-0.303978801,0.167161733,-1.057040095,-10.734403610,1.077390790
154054690925,0.048444960,-0.297856659,0.164499924,-1.103726983,-10.940304756,1.170764685
154055951850,0.058027480,-0.290935934,0.167960271,-1.115697980,-11.064803123,1.161187887
154057212750,0.062818736,-0.282684326,0.166363180,-1.168370485,-11.249156952,1.256955862
154058473650,0.064415827,-0.277626872,0.169291168,-1.218648672,-11.445481300,1.314416766
154059734562,0.065746732,-0.272835612,0.166895539,-1.216254473,-11.568782806,1.298854470
154060995487,0.066279091,-0.263785452,0.169024989,-1.194706678,-11.756727219,1.397016644
154062256412,0.071868896,-0.258728027,0.167960271,-1.179144382,-11.882423401,1.458068848
154063517300,0.068408541,-0.250210226,0.169291168,-1.181538582,-12.009315491,1.470039845
154064778225,0.062286377,-0.239296809,0.170622081,-1.155202270,-12.064382553,1.549048543
154066039125,0.063617282,-0.234239370,0.172219172,-1.122880578,-12.118251801,1.669955730
154067300025,0.058293659,-0.223592117,0.179139882,-1.139639974,-12.112266541,1.673547029
154068560925,0.051905312,-0.211081609,0.184729680,-1.143231273,-12.139800072,1.782483220
154069821837,0.047114052,-0.203096181,0.184729680,-1.061828494,-12.072762489,1.902193308
154071082762,0.039927166,-0.196441650,0.186859131,-1.067813993,-12.016498566,2.009932280
154072343675,0.030610826,-0.181801692,0.188190028,-1.101332784,-11.900379181,2.079364300
154073604575,0.016237047,-0.163169011,0.185262039,-1.095347285,-11.763910294,2.167949677
154074865487,0.005323622,-0.154917404,0.193247467,-1.054645896,-11.605893135,2.206256866
154076126387,-0.002661811,-0.138680354,0.195376918,-1.063025594,-11.434707642,2.317587376
154077387312,-0.009582520,-0.129364014,0.193513662,-1.074996591,-11.279084206,2.300827742
154078648225,-0.015704684,-0.117385864,0.194312200,-1.053448796,-11.080365181,2.311601877
154079909125,-0.023423936,-0.098753184,0.191118032,-1.054645896,-10.866084099,2.292448044
154081170037,-0.022093032,-0.092631020,0.196974009,-1.063025594,-10.699687004,2.266111851
154082430962,-0.022891574,-0.084911771,0.190053299,-1.109712481,-10.591948509,2.237381458
154083691875,-0.027150471,-0.070005625,0.181535512,-1.126471877,-10.511742592,2.169146776
154084952750,-0.022359211,-0.059890747,0.181801692,-1.122880578,-10.444705009,2.031480074
154086213687,-0.003992716,-0.056962755,0.182334051,-1.176750183,-10.390835762,1.906981707
154087474575,0.001863268,-0.049775865,0.178075150,-1.145625472,-10.447098732,1.792060018
154088735487,0.015704684,-0.044186063,0.184197322,-1.174355984,-10.536881447,1.685518026
154089996412,0.029013740,-0.041790433,0.181269318,-1.215057373,-10.749965668,1.562216640
154091257325,0.046315510,-0.033804998,0.178607509,-1.231816769,-10.896012306,1.549048543
154092518225,0.061221652,-0.031143188,0.177276611,-1.219845772,-11.167754173,1.484405041
154093779125,0.079588145,-0.029546101,0.175413340,-1.219845772,-11.446678162,1.476025343
154095040062,0.101148814,-0.033272635,0.185528219,-1.274912357,-11.719617844,1.422155857
154096300962,0.114191689,-0.026351929,0.182067871,-1.247379065,-11.960234642,1.429338455
154097561875,0.133356735,-0.028747559,0.183398768,-1.272518158,-12.290634155,1.460463047
154098822775,0.150126144,-0.026884291,0.192448929,-1.236605167,-12.607866287,1.505952835
154100083687,0.156780660,-0.024488661,0.198304921,-1.218648672,-12.849680901,1.586158633
154101344600,0.167161733,-0.021560669,0.199103460,-1.229422569,-13.113042831,1.598129630
154102605512,0.171154439,-0.019697402,0.206024170,-1.209071875,-13.370419502,1.711854219
154103866425,0.172751531,-0.016237047,0.214009598,-1.210268974,-13.575123787,1.812410712
154105127312,0.175413340,-0.015704684,0.221462667,-1.177947283,-13.730747223,1.975216389
154106388237,0.181269318,-0.011445787,0.228649557,-1.089361787,-13.872004509,2.108094692
154107649150,0.176478058,-0.007719252,0.235570267,-1.078587890,-13.989320755,2.232593060
154108910050,0.167161733,0.001064724,0.243555695,-0.991199493,-14.093468666,2.355894566
154110170975,0.153852671,0.005323622,0.241692439,-0.921767652,-14.135367393,2.437297344
154111431875,0.145334885,0.010913425,0.249411687,-0.863109708,-14.143746376,2.511517525
154112692787,0.131227285,0.017035590,0.255001485,-0.761356175,-14.153323174,2.604891539
154113953700,0.117652044,0.026351929,0.253404409,-0.667982280,-14.033613205,2.673126221
154115214612,0.103278264,0.033006456,0.256066203,-0.632069230,-13.880384445,2.743755102
154116475537,0.082249962,0.041524250,0.254469126,-0.529118598,-13.709198952,2.790441990
154117736425,0.067876182,0.051905312,0.252872050,-0.465672225,-13.516466141,2.834734917
154118997325,0.048711140,0.053502399,0.253138214,-0.367509961,-13.289016724,2.825158119
154120258225,0.028215196,0.059890747,0.249677867,-0.288501292,-13.017274857,2.869450808
154121519162,0.011978149,0.064948186,0.247548416,-0.235828876,-12.741941452,2.760514498
154122780075,0.003460354,0.067609996,0.243289515,-0.161608621,-12.427103996,2.661155224
154124040987,-0.011978149,0.076393977,0.242490977,-0.025139118,-12.146982193,2.597708941
154125301875,-0.025553385,0.078789607,0.229448110,0.017956512,-11.848904610,2.507926226
154126562812,-0.033804998,0.080919050,0.221196488,0.096965171,-11.589133263,2.407369852
154127823712,-0.042588975,0.084113225,0.219333217,0.150834709,-11.311406136,2.339135170
154129084612,-0.050308228,0.085177951,0.212412506,0.244208574,-11.060014725,2.254140854
154130345512,-0.056164213,0.089969210,0.200434357,0.282515794,-10.801441193,2.134430885
154131606437,-0.057761297,0.086775035,0.190851837,0.344765037,-10.480618477,2.108094692
154132867337,-0.060156927,0.078257240,0.184197322,0.424970806,-10.302249908,2.114080191
154134128262,-0.060955472,0.078523420,0.174082428,0.472854853,-10.187328339,1.994369984
154135389175,-0.057495117,0.075861610,0.163169011,0.555454791,-9.911994934,1.946485996
154136650087,-0.051639132,0.070271812,0.149327591,0.640448987,-9.725247383,1.874659896
154137910962,-0.052970037,0.062818736,0.136284724,0.702698231,-9.583989143,1.831564307
154139171900,-0.042855155,0.055365667,0.128831655,0.780509770,-9.439140320,1.782483220
154140432800,-0.032474093,0.048178777,0.122975662,0.866701007,-9.323021889,1.746570110
154141693712,-0.034071181,0.042056613,0.114724055,0.945709705,-9.263166428,1.758541107
154142954612,-0.022093032,0.032474093,0.097422279,1.004367590,-9.137471199,1.734599113
154144215537,-0.011978149,0.017301772,0.089703031,1.100135684,-9.072827339,1.717839718
154145476437,0.000798543,0.004791260,0.079055786,1.179144382,-9.044096947,1.753752708
154146737350,0.010913425,-0.000266181,0.065746732,1.288080573,-8.937555313,1.825578809
154147998262,0.018100314,-0.007186890,0.054034762,1.313219666,-8.923190117,1.837549806
154149259175,0.030610826,-0.021560669,0.043387517,1.420958757,-8.871714592,1.824381709
154150520075,0.045783147,-0.038330078,0.035934448,1.564610839,-8.847772598,1.869871497
154151781000,0.056164213,-0.050840590,0.021560669,1.589749932,-8.844181061,1.911770105
154153041900,0.063883461,-0.064415827,0.011179605,1.636436820,-8.840589523,1.944091797
154154302812,0.081185237,-0.076393977,0.003194173,1.770512223,-8.912415504,1.970427990
154155563712,0.091832474,-0.091566294,0.000000000,1.817199111,-8.896853447,2.073378801
154156824637,0.104875349,-0.108868070,-0.011978149,1.839944005,-8.995016098,2.062604666
154158085537,0.113126963,-0.122975662,-0.016503228,1.898602009,-9.030928612,2.050633669
154159346450,0.119781494,-0.138680354,-0.017834133,1.916558504,-9.033323288,2.133233786
154160607362,0.126169845,-0.154651210,-0.026618110,1.944091797,-9.121908188,2.165555477
154161868275,0.137083262,-0.169291168,-0.033272635,1.984793186,-9.206902504,2.211045265
154163129187,0.148795232,-0.182067871,-0.040725708,1.974019289,-9.223662376,2.255337954
154164390087,0.154385030,-0.199369639,-0.041790433,2.021903276,-9.263166428,2.291250944
154165651012,0.159176290,-0.212412506,-0.043919880,2.039859772,-9.302670479,2.325967073
154166911912,0.167694092,-0.229980469,-0.046049330,2.037465572,-9.361329079,2.322375774
154168172837,0.172751531,-0.244354248,-0.048444960,2.031480074,-9.411606789,2.335543871
154169433737,0.178873688,-0.257663310,-0.050574407,2.018311977,-9.518149376,2.351106167
154170694637,0.187391490,-0.273634166,-0.050308228,2.051830769,-9.582792282,2.334346771
154171955537,0.190319479,-0.292799205,-0.054833304,2.017114878,-9.635464668,2.345120668
154173216462,0.192448929,-0.306640625,-0.054300942,2.006340981,-9.624691010,2.336740971
154174477375,0.201499090,-0.320482045,-0.055631850,1.994369984,-9.662998199,2.293645144
154175738287,0.198837280,-0.330064565,-0.054300942,1.948880196,-9.716867447,2.330755472
154176999187,0.202829987,-0.349495769,-0.051372953,1.910573006,-9.740809441,2.266111851
154178260100,0.204693258,-0.361207753,-0.053502399,1.915361404,-9.781511307,2.281674147
154179521000,0.206556529,-0.372121155,-0.048178777,1.899799109,-9.762357712,2.318784475
154180781912,0.210016876,-0.386761129,-0.043653701,1.872265697,-9.795876503,2.352303267
154182042850,0.212678701,-0.405393809,-0.041258071,1.806425214,-9.783905029,2.329558372
154183303725,0.211613968,-0.416041046,-0.039927166,1.841141105,-9.797073364,2.352303267
154184564650,0.212146327,-0.425357401,-0.039927166,1.731007814,-9.812635422,2.365471363
154185825550,0.211613968,-0.440529704,-0.036999173,1.716642618,-9.813833237,2.363077164
154187086475,0.212146327,-0.453040212,-0.039394803,1.648407936,-9.829395294,2.310404539
154188347387,0.211880147,-0.463421285,-0.040459525,1.636436820,-9.843760490,2.292448044
154189608287,0.210283071,-0.471140534,-0.040193345,1.570596337,-9.859322548,2.263717651
154190869187,0.208685979,-0.482053965,-0.036466811,1.525106549,-9.848548889,2.220622063
154192130112,0.209484518,-0.496427745,-0.041258071,1.503558636,-9.903614998,2.279279947
154193391025,0.209750697,-0.502017558,-0.042322792,1.449689150,-9.910798073,2.263717651
154194651937,0.214275777,-0.510002971,-0.039927166,1.374271750,-9.932345390,2.213439465
154195912837,0.212412506,-0.519585490,-0.038862441,1.345541358,-9.943120003,2.218227863
154197173750,0.206556529,-0.530232728,-0.037797716,1.272518158,-9.980230331,2.249352455
154198434675,0.209218338,-0.542210877,-0.038330078,1.197100878,-10.036493301,2.197877169
154199695575,0.210283071,-0.548066854,-0.039660983,1.152808070,-10.047267914,2.240972757
154200956475,0.203628540,-0.552325785,-0.039927166,1.089361787,-10.127472878,2.225410461
154202217400,0.204959437,-0.558447957,-0.040459525,1.037886500,-10.143035889,2.225410461
154203478300,0.203894719,-0.564570129,-0.046581693,0.999579191,-10.199298859,2.184709072
154204739200,0.194046021,-0.572821736,-0.043387517,0.928950250,-10.228030205,2.203862667
154206000112,0.194844559,-0.582138062,-0.041524250,0.864306808,-10.330980301,2.226607561
154207261050,0.194578379,-0.582404256,-0.041790433,0.812831461,-10.386047363,2.179920673
154208521962,0.192715108,-0.584533691,-0.044186063,0.738611221,-10.431536674,2.163161278
154209782850,0.190053299,-0.590123475,-0.046049330,0.760159075,-10.539276123,2.196680069
154211043762,0.180204600,-0.595180929,-0.045783147,0.719457626,-10.606313705,2.182314873
154212304662,0.179938421,-0.599439800,-0.044984605,0.618901134,-10.687716484,2.184709072
154213565575,0.177010432,-0.603698730,-0.043387517,0.617704034,-10.752360344,2.221819162
154214826512,0.171686798,-0.606892884,-0.043919880,0.582988143,-10.782287598,2.230198860
154216087412,0.162902832,-0.605295837,-0.045783147,0.548272192,-10.857705116,2.234987259
154217348300,0.158910111,-0.602900207,-0.046315510,0.488417149,-10.891223907,2.232593060
154218609225,0.155449763,-0.612482727,-0.037265353,0.435744703,-10.953473091,2.268506050
154219870112,0.147464320,-0.617806315,-0.035135906,0.442927331,-10.977415085,2.293645144
154221131062,0.139478892,-0.619137228,-0.034071181,0.384269387,-11.024102211,2.329558372
154222391950,0.130961105,-0.620201945,-0.033804998,0.374692559,-11.015722275,2.351106167
154223652862,0.121378578,-0.618871033,-0.030078463,0.377086759,-11.073183060,2.384624958
154224913775,0.116853498,-0.620734334,-0.031409368,0.381875187,-11.046846390,2.424129248
154226174687,0.110198975,-0.622863770,-0.023690118,0.348356336,-10.981006622,2.436100245
154227435600,0.101681180,-0.623928487,-0.022093032,0.343567938,-11.008539200,2.455253839
154228696500,0.092364840,-0.621532857,-0.022359211,0.347159237,-10.954669952,2.492363930
154229957412,0.086775035,-0.622331381,-0.014107598,0.323217243,-10.971429825,2.446874142
154231218350,0.079588145,-0.624194682,-0.011445787,0.308852017,-10.876858711,2.464830637
154232479250,0.071070351,-0.623928487,-0.011179605,0.301669419,-10.882843971,2.466027737
154233740150,0.064682007,-0.623129964,-0.002661811,0.331596941,-10.808623314,2.504334927
154235001062,0.056962755,-0.623129964,-0.005589803,0.305260718,-10.720038414,2.481590033
154236261962,0.053502399,-0.622065246,-0.003460354,0.305260718,-10.681731224,2.452859640
154237522887,0.047646414,-0.625791728,0.001064724,0.278924495,-10.601525307,2.468421936
154238783787,0.042322792,-0.623662293,-0.000266181,0.258573800,-10.571598053,2.491166830
154240044687,0.034603544,-0.619403422,0.003726535,0.266953498,-10.522516251,2.467224836
154241305612,0.029279921,-0.621000469,0.001597087,0.270544797,-10.386047363,2.476801634
154242566525,0.015970865,-0.615943074,0.002129449,0.264559299,-10.304644585,2.469619036
154243827425,0.018632676,-0.616475403,0.003194173,0.244208574,-10.240000725,2.495955229
154245088337,0.011978149,-0.624194682,0.003194173,0.225054964,-10.163386345,2.464830637
154246349250,0.010647244,-0.623928487,0.007186890,0.215478152,-10.068815231,2.546233416
154247610150,0.007186890,-0.620734334,0.009848701,0.258573800,-9.969455719,2.511517525
154248871075,-0.001330905,-0.619403422,0.009316338,0.204704240,-9.896432877,2.498349428
154250132000,-0.005589803,-0.622863770,0.006920708,0.146046311,-9.809044838,2.545036316
154251392875,-0.008251614,-0.622065246,0.009316338,0.156820208,-9.744400978,2.522291422
154252653812,-0.009848701,-0.615410686,0.005323622,0.156820208,-9.641449928,2.554613352
154253914725,-0.011711968,-0.614079773,0.007985433,0.147243410,-9.593565941,2.509123325
154255175637,-0.011978149,-0.618072510,0.004525078,0.128089786,-9.519346237,2.500743628
154256436537,-0.020762125,-0.615144491,0.001863268,0.154426008,-9.431957245,2.548627615
154257697450,-0.022891574,-0.610619426,-0.001064724,0.148440510,-9.366117477,2.507926226
154258958375,-0.021028306,-0.614878356,-0.002129449,0.137666598,-9.358934402,2.522291422
154260219262,-0.019431220,-0.611417949,-0.002661811,0.108936176,-9.300276756,2.512714624
154261480187,-0.021560669,-0.611151814,-0.004791260,0.099359371,-9.254786491,2.414552450
154262741087,-0.025287203,-0.606892884,-0.013575235,0.053869538,-9.170989990,2.463633537
154264001987,-0.026884291,-0.599705994,-0.014373779,0.053869538,-9.178172112,2.456450939
154265262912,-0.019431220,-0.599972188,-0.016237047,0.035913024,-9.120711327,2.432508945
154266523812,-0.023157755,-0.600770712,-0.019697402,0.013168110,-9.148244858,2.439691544
154267784725,-0.024754841,-0.602101624,-0.025021022,-0.026336219,-9.169792175,2.448071241
154269045637,-0.026884291,-0.599173665,-0.026884291,-0.090979666,-9.165003777,2.495955229
154270306550,-0.026351929,-0.595447123,-0.026351929,-0.088585466,-9.160215378,2.468421936
154271567475,-0.028481377,-0.592785299,-0.028747559,-0.130484000,-9.168595314,2.432508945
154272828375,-0.028215196,-0.588792562,-0.032207914,-0.142454997,-9.202114105,2.486378431
154274089275,-0.030877007,-0.587461650,-0.038063895,-0.147243410,-9.216479301,2.413355350
154275350200,-0.029279921,-0.586396933,-0.039394803,-0.152031809,-9.230844498,2.418143749
154276611075,-0.027416652,-0.584001303,-0.041258071,-0.166397020,-9.253589630,2.409764051
154277872012,-0.029013740,-0.581073344,-0.046581693,-0.205901355,-9.327810287,2.442085743
154279132912,-0.030610826,-0.580540955,-0.045250785,-0.222660765,-9.302670479,2.396595955
154280393837,-0.033272635,-0.578677714,-0.046847872,-0.221463665,-9.411606789,2.460042238
154281654737,-0.040459525,-0.577879131,-0.051905312,-0.220266551,-9.442731857,2.439691544
154282915650,-0.037531536,-0.570958436,-0.048444960,-0.239420176,-9.463082314,2.388216257
154284176562,-0.040991887,-0.568296611,-0.045516968,-0.252588272,-9.514557838,2.372653961
154285437462,-0.044718422,-0.570692241,-0.048178777,-0.193930343,-9.526528358,2.415749550
154286698387,-0.048178777,-0.570958436,-0.046315510,-0.202310041,-9.567230225,2.445677042
154287959300,-0.055099487,-0.565102458,-0.043121338,-0.245405674,-9.612719536,2.428917646
154289220225,-0.055898029,-0.561908305,-0.039927166,-0.275333196,-9.674968719,2.445677042
154290481112,-0.059624564,-0.560577393,-0.041790433,-0.280121595,-9.661801338,2.358288765
154291742025,-0.063351102,-0.555519938,-0.038862441,-0.254982471,-9.690531731,2.422932148
154293002925,-0.072401255,-0.548599243,-0.034337360,-0.275333196,-9.710882187,2.394201756
154294263850,-0.076127790,-0.549930155,-0.035668265,-0.276530296,-9.722852707,2.373851061
154295524750,-0.080120511,-0.549930155,-0.037797716,-0.299275219,-9.736021042,2.427720547
154296785675,-0.089436844,-0.539282918,-0.035668265,-0.314837515,-9.715670586,2.371456861
154298046587,-0.092098661,-0.534757793,-0.034337360,-0.367509961,-9.747992516,2.341529369
154299307487,-0.096889921,-0.538218200,-0.030877007,-0.377086759,-9.756372452,2.385822058
154300568387,-0.103544444,-0.535556376,-0.024754841,-0.375889659,-9.726444244,2.348711967
154301829300,-0.110731333,-0.527570903,-0.022359211,-0.421379507,-9.714473724,2.318784475
154303090225,-0.118184403,-0.522513509,-0.022359211,-0.359130263,-9.746795654,2.292448044
154304351125,-0.126968384,-0.522513509,-0.020229762,-0.374692559,-9.703699112,2.272097349
154305612037,-0.131227285,-0.517988384,-0.012244331,-0.347159237,-9.689333916,2.232593060
154306872962,-0.134953812,-0.516125143,-0.010913425,-0.383072287,-9.658209801,2.187103271
154308133875,-0.146133423,-0.512664795,-0.006388346,-0.398634583,-9.654618263,2.206256866
154309394787,-0.156780660,-0.507873535,-0.006388346,-0.362721562,-9.600749016,2.134430885
154310655675,-0.161838099,-0.501485169,-0.004525078,-0.339976639,-9.589975357,2.160767078
154311916600,-0.164499924,-0.500952840,-0.006122165,-0.342370838,-9.538499832,2.133233786
154313177500,-0.167960271,-0.498291016,-0.003992716,-0.319625944,-9.449913979,2.114080191
154314438425,-0.177542791,-0.491104126,0.004791260,-0.343567938,-9.472659111,2.085349798
154315699337,-0.183398768,-0.486579031,0.005323622,-0.331596941,-9.453505516,2.097320795
154316960237,-0.188722402,-0.484981954,0.004791260,-0.295683920,-9.391256332,2.008735180
154318221175,-0.196175471,-0.482852519,0.009050157,-0.304063618,-9.362525940,2.002749681
154319482050,-0.202297628,-0.477528870,0.010381063,-0.343567938,-9.317035675,2.003946781
154320742975,-0.207088888,-0.475399435,0.015438504,-0.298078120,-9.281123161,1.995567083
154322003887,-0.209484518,-0.474334717,0.015970865,-0.274136096,-9.270349503,1.927332401
154323264800,-0.212678701,-0.468478739,0.016503228,-0.306457818,-9.261969566,1.928529501
154324525700,-0.218800858,-0.464752197,0.020495944,-0.302866518,-9.226056099,1.911770105
154325786625,-0.221995026,-0.464752197,0.022359211,-0.313640416,-9.215282440,1.886631012
154327047525,-0.227584839,-0.464219838,0.023157755,-0.280121595,-9.190143585,1.810016513
154328308437,-0.234771729,-0.455702037,0.025021022,-0.264559299,-9.169792175,1.793257117
154329569362,-0.240893885,-0.451443136,0.024488661,-0.308852017,-9.154230118,1.830367208
154330830262,-0.237699717,-0.453838766,0.029279921,-0.296881020,-9.107542992,1.813607812
154332091175,-0.245685145,-0.449579865,0.030078463,-0.287304193,-9.088389397,1.821987510
154333352075,-0.253138214,-0.445320964,0.027682833,-0.308852017,-9.094375610,1.795651317
154334613012,-0.254202932,-0.443457693,0.031143188,-0.316034615,-9.099164009,1.762132406
154335873912,-0.252872050,-0.445054799,0.040193345,-0.251391172,-9.045293808,1.751358509
154337134825,-0.257130951,-0.439198792,0.037531536,-0.280121595,-9.038111687,1.715445518
154338395725,-0.263519287,-0.435738444,0.030344645,-0.254982471,-9.009381294,1.690306425
154339656637,-0.267245829,-0.437069356,0.030078463,-0.263362199,-9.032126427,1.713051319
154340917550,-0.270439982,-0.428285390,0.035668265,-0.307654917,-9.012972832,1.697489023
154342178475,-0.276295990,-0.427486837,0.034071181,-0.304063618,-8.963891029,1.643619537
154343439362,-0.276295990,-0.427753031,0.033538818,-0.282515794,-8.961497307,1.667561531
154344700275,-0.280821055,-0.417105764,0.036200628,-0.233434662,-8.923190117,1.610100627
154345961175,-0.281353414,-0.416307241,0.036732990,-0.256179571,-8.921992302,1.622071624
154347222125,-0.283749044,-0.412580699,0.033272635,-0.253785372,-8.895656586,1.575384736
154348483012,-0.287475586,-0.409386516,0.031941731,-0.280121595,-8.907627106,1.592144132
154349743925,-0.290137380,-0.407523245,0.035402086,-0.243011475,-8.907627106,1.601720929
154351004837,-0.289871216,-0.405127615,0.038596258,-0.247799873,-8.943540573,1.594538331
154352265750,-0.289338857,-0.405393809,0.038330078,-0.298078120,-8.902838707,1.569399238
154353526650,-0.291202128,-0.404062897,0.036466811,-0.239420176,-8.882488251,1.546654344
154354787575,-0.290935934,-0.402199626,0.034071181,-0.217872351,-8.904036522,1.551442742
154356048462,-0.287741750,-0.401401103,0.034337360,-0.210689753,-8.844181061,1.577778935
154357309387,-0.289338857,-0.398206919,0.037531536,-0.221463665,-8.841787338,1.556231141
154358570300,-0.289605021,-0.393948019,0.034603544,-0.180762231,-8.832210541,1.562216640
154359831212,-0.289871216,-0.392084748,0.032474093,-0.189141929,-8.826224327,1.588552833
154361092112,-0.286144674,-0.389422953,0.032474093,-0.186747730,-8.791508675,1.499967337
154362353012,-0.288806498,-0.384099305,0.033272635,-0.152031809,-8.774749756,1.540668845
154363613925,-0.287475586,-0.384631693,0.038862441,-0.164002821,-8.749609947,1.582567334
154364874850,-0.287741750,-0.387027323,0.027949015,-0.165199921,-8.746018410,1.604115129
154366135750,-0.285878509,-0.385164052,0.030078463,-0.113724582,-8.681375504,1.578976035
154367396675,-0.283216685,-0.383300781,0.034071181,-0.132878199,-8.656236649,1.578976035
154368657575,-0.281619608,-0.383566946,0.028747559,-0.093373865,-8.644265175,1.613691926
154369918500,-0.280288696,-0.380905151,0.030877007,-0.034715924,-8.633491516,1.590947032
154371179412,-0.274166524,-0.382236063,0.035135906,-0.073023155,-8.540117264,1.595735431
154372440325,-0.277094513,-0.380372792,0.028747559,-0.029927522,-8.538920403,1.580173135
154373701225,-0.274432719,-0.377977163,0.025819566,0.005985504,-8.495824814,1.576581836
154374962150,-0.266979635,-0.379840434,0.030877007,0.008379706,-8.473079681,1.601720929
154376223062,-0.266979635,-0.377444804,0.030344645,-0.013168110,-8.487444878,1.581370234
154377483975,-0.265648723,-0.379041880,0.024754841,0.055066638,-8.404845238,1.557428241
154378744875,-0.264850199,-0.380905151,0.027150471,0.044292733,-8.372523308,1.553836942
154380005800,-0.257929474,-0.381171316,0.028215196,0.093373865,-8.344989777,1.513135433
154381266687,-0.258461833,-0.379041880,0.032207914,0.041898530,-8.286332130,1.532289147
154382527600,-0.256598562,-0.377977163,0.031409368,0.057460841,-8.294712067,1.538274646
154383788512,-0.251541138,-0.376380056,0.027949015,0.110133275,-8.285135269,1.534683347
154385049412,-0.240627706,-0.384631693,0.031409368,0.154426008,-8.222886086,1.525106549
154386310337,-0.240095347,-0.382768422,0.030610826,0.143652096,-8.186972618,1.545457244
154387571237,-0.238764435,-0.384099305,0.033006456,0.187944829,-8.165425301,1.559822440
154388832162,-0.233440816,-0.389156759,0.031941731,0.172382519,-8.135497093,1.510741234
154390093075,-0.224124476,-0.394214213,0.035402086,0.225054964,-8.078036308,1.533486247
154391353987,-0.224124476,-0.393415660,0.036466811,0.223857865,-8.086416245,1.561019540
154392614875,-0.219599396,-0.389955312,0.036200628,0.252588272,-8.090007782,1.531092048
154393875800,-0.212678701,-0.399005473,0.042056613,0.275333196,-8.046912193,1.497573137
154395136725,-0.209750697,-0.405926168,0.046049330,0.278924495,-8.060080528,1.452083349
154396397612,-0.199103460,-0.407789439,0.048444960,0.317231715,-8.027758598,1.504755735
154397658525,-0.192448929,-0.409918875,0.049775865,0.310049117,-8.024167061,1.525106549
154398919437,-0.191118032,-0.415508687,0.052970037,0.368707061,-7.981071472,1.511938334
154400180362,-0.187657669,-0.423227936,0.057761297,0.353144765,-8.018181801,1.513135433
154401441262,-0.177010432,-0.423760295,0.058826022,0.367509961,-8.040926933,1.504755735
154402702162,-0.175945699,-0.426155925,0.061754014,0.356736064,-7.994239330,1.590947032
154403963087,-0.175945699,-0.426155925,0.063617282,0.335188240,-8.033743858,1.571793437
154405224012,-0.163435191,-0.436004639,0.065746732,0.379480958,-8.021772385,1.558625340
154406484937,-0.149593771,-0.443990052,0.071868896,0.368707061,-8.010998726,1.551442742
154407745837,-0.157046840,-0.445587158,0.073465981,0.381875187,-8.030152321,1.605312228
154409006737,-0.154118851,-0.447716594,0.075595431,0.378283858,-8.063671112,1.586158633
154410267650,-0.146133423,-0.453040212,0.078257240,0.389057785,-8.093599319,1.606509328
154411528550,-0.138680354,-0.454903483,0.085444130,0.428562105,-8.084022522,1.604115129
154412789462,-0.135752365,-0.462356567,0.088372126,0.374692559,-8.131906509,1.589749932
154414050375,-0.132558182,-0.470075816,0.089969210,0.353144765,-8.157045364,1.586158633
154415311300,-0.134687632,-0.475133240,0.091566294,0.338779539,-8.157045364,1.620874524
154416572187,-0.129097834,-0.472205251,0.095559016,0.353144765,-8.128314972,1.659181833
154417833112,-0.126702204,-0.479924500,0.099019364,0.360327363,-8.151060104,1.651999235
154419094012,-0.125105113,-0.483118683,0.104076810,0.348356336,-8.192957878,1.641225219
154420354937,-0.126968384,-0.487111390,0.103012085,0.408211380,-8.163030624,1.619677424
154421615862,-0.121910945,-0.489240855,0.105940074,0.383072287,-8.176198959,1.622071624
154422876762,-0.121644758,-0.490837932,0.110198975,0.320823044,-8.165425301,1.681926727
154424137662,-0.124040388,-0.498557180,0.111529879,0.294486821,-8.167819023,1.691503525
154425398587,-0.122709483,-0.502283752,0.121378578,0.290895522,-8.220491409,1.733402014
154426659500,-0.117652044,-0.504945517,0.121910945,0.276530296,-8.171410561,1.720233917
154427920400,-0.117119685,-0.506010234,0.125903651,0.265756398,-8.212111473,1.679532528
154429181325,-0.118184403,-0.508938253,0.129630193,0.266953498,-8.203732491,1.740584612
154430442225,-0.117385864,-0.516391337,0.129630193,0.238223076,-8.171410561,1.739387512
154431703137,-0.118450589,-0.518254578,0.129097834,0.222660765,-8.118738174,1.708262920
154432964050,-0.114191689,-0.517189860,0.138147995,0.245405674,-8.134300232,1.671152830
154434224975,-0.113925509,-0.520384014,0.140809804,0.237025976,-8.146271706,1.691503525
154435485850,-0.117385864,-0.523045838,0.141075984,0.216675252,-8.180987358,1.701080322
154436746775,-0.117918223,-0.525441468,0.142673060,0.189141929,-8.131906509,1.734599113
154438007700,-0.111263700,-0.525973856,0.145601064,0.208295554,-8.113949776,1.744175911
154439268600,-0.108335704,-0.530498922,0.149061412,0.183156431,-8.081627846,1.734599113
154440529500,-0.110465154,-0.534757793,0.154118851,0.174776718,-8.085219383,1.734599113
154441790425,-0.113925509,-0.536621094,0.160773382,0.191536143,-8.094796181,1.776497722
154443051337,-0.110997513,-0.535023987,0.163967550,0.165199921,-8.084022522,1.744175911
154444312225,-0.101414993,-0.538218200,0.165830821,0.191536143,-8.033743858,1.763329506
154445573162,-0.107803345,-0.540879965,0.169557363,0.180762231,-8.069657326,1.757344007
154446834050,-0.106206253,-0.542477071,0.175679520,0.180762231,-8.044517517,1.780089021
154448094962,-0.101681180,-0.544872701,0.178341329,0.209492654,-8.031350136,1.777694821
154449355887,-0.104342990,-0.545671225,0.179672241,0.208295554,-8.045715332,1.733402014
154450616800,-0.105407715,-0.548333049,0.177542791,0.222660765,-8.038532257,1.732204914
154451877712,-0.107004799,-0.548066854,0.180736959,0.177170932,-8.034940720,1.762132406
154453138637,-0.102745906,-0.552059591,0.185262039,0.201112941,-8.070854187,1.728613615
154454399537,-0.102745906,-0.555519938,0.187391490,0.235828876,-8.030152321,1.775300622
154455660437,-0.100084089,-0.558181763,0.183398768,0.177170932,-8.010998726,1.750161409
154456921350,-0.098487005,-0.559778869,0.186592951,0.171185419,-8.019378662,1.768118024
154458182262,-0.096091375,-0.561375916,0.194578379,0.207098454,-8.015787125,1.788468719
154459443200,-0.088105939,-0.564836264,0.195909292,0.172382519,-8.042123795,1.732204914
154460704100,-0.090235390,-0.565368652,0.188456208,0.199915841,-8.054094315,1.765723825
154461965012,-0.090501569,-0.570692241,0.189520940,0.175973833,-8.117541313,1.759738207
154463225925,-0.088904485,-0.572023153,0.188456208,0.196324542,-8.151060104,1.774103522
154464486812,-0.088105939,-0.574684978,0.194844559,0.191536143,-8.107964516,1.731007814
154465747737,-0.083847046,-0.575217366,0.194844559,0.197521642,-8.178592682,1.760935307
154467008650,-0.077991061,-0.577080607,0.196441650,0.215478152,-8.232462883,1.753752708
154468269562,-0.075595431,-0.582670391,0.194578379,0.248996973,-8.265981674,1.714248419
154469530462,-0.074530706,-0.585066020,0.197772548,0.269347697,-8.303092003,1.720233917
154470791400,-0.076926336,-0.589058757,0.196707830,0.274136096,-8.350975990,1.742978811
154472052300,-0.074264526,-0.587727845,0.199901998,0.292092621,-8.353369713,1.726219416
154473313212,-0.069739446,-0.593583822,0.202563807,0.316034615,-8.379706383,1.763329506
154474574125,-0.073732160,-0.593317688,0.201232910,0.281318694,-8.413225174,1.763329506
154475835025,-0.076660156,-0.594116211,0.206556529,0.289698422,-8.408436775,1.774103522
154477095950,-0.078523420,-0.601036906,0.211613968,0.302866518,-8.444349289,1.825578809
154478356862,-0.082249962,-0.595447123,0.213211060,0.317231715,-8.482656479,1.849520802
154479617750,-0.080652870,-0.595713317,0.213743418,0.294486821,-8.485051155,1.854309201
154480878662,-0.086242676,-0.598907471,0.217469960,0.266953498,-8.494627953,1.878251195
154482139587,-0.088638306,-0.600770712,0.223059759,0.295683920,-8.512583733,1.851915002
154483400512,-0.093695745,-0.600238383,0.226520106,0.296881020,-8.474276543,1.884236693
154484661412,-0.101681180,-0.607425272,0.225189209,0.299275219,-8.475474358,1.856703401
154485922325,-0.103278264,-0.605561972,0.227318659,0.328005642,-8.491036415,1.878251195
154487183225,-0.108335704,-0.602367818,0.233174637,0.294486821,-8.486248016,1.877054095
154488444137,-0.116321139,-0.600504577,0.233706996,0.281318694,-8.449137688,1.899799109
154489705050,-0.115522593,-0.604497254,0.233973175,0.248996973,-8.443152428,1.896207809
154490965950,-0.117119685,-0.606892884,0.233706996,0.244208574,-8.434772491,1.842338204
154492226887,-0.123508029,-0.603432536,0.234239370,0.259770900,-8.427590370,1.853112102
154493487787,-0.130428731,-0.605295837,0.237965897,0.276530296,-8.413225174,1.856703401
154494748700,-0.133090541,-0.604231060,0.237433538,0.287304193,-8.410830498,1.836352706
154496009600,-0.133622915,-0.605295837,0.234239370,0.290895522,-8.388085365,1.831564307
154497270512,-0.132824361,-0.603166342,0.235570267,0.266953498,-8.433575630,1.827973008
154498531437,-0.133356735,-0.599972188,0.241692439,0.225054964,-8.425195694,1.836352706
154499792350,-0.138946533,-0.603166342,0.242224798,0.243011475,-8.395268440,1.826775908
154501053250,-0.138946533,-0.605828166,0.240627706,0.211886853,-8.397662163,1.787271619
154502314175,-0.139478892,-0.601835430,0.237167358,0.245405674,-8.425195694,1.832761407
154503575087,-0.143471614,-0.601569295,0.237433538,0.263362199,-8.410830498,1.824381709
154504835987,-0.146133423,-0.597044170,0.239030629,0.220266551,-8.401253700,1.792060018
154506096900,-0.150126144,-0.600238383,0.241426259,0.197521642,-8.410830498,1.884236693
154507357825,-0.146399602,-0.598907471,0.237433538,0.234631762,-8.438364029,1.839944005
154508618712,-0.149327591,-0.597576559,0.234239370,0.227449164,-8.474276543,1.830367208
154509879625,-0.150392324,-0.593317688,0.238764435,0.243011475,-8.469488144,1.893813610
154511140550,-0.152255580,-0.592519104,0.235570267,0.220266551,-8.492233276,1.875856996
154512401462,-0.155449763,-0.592519104,0.234771729,0.232237563,-8.500613213,1.837549806
154513662375,-0.154917404,-0.591454387,0.231311366,0.233434662,-8.497021675,1.843535304
154514923275,-0.155183583,-0.589058757,0.227318659,0.259770900,-8.564059258,1.902193308
154516184187,-0.153320312,-0.586663127,0.224656850,0.243011475,-8.573636055,1.857900500
154517445112,-0.152255580,-0.583735168,0.228915736,0.237025976,-8.572439194,1.889025211
154518706012,-0.158377752,-0.583735168,0.224390656,0.214281052,-8.553285599,1.974019289
154519966912,-0.154385030,-0.586396933,0.222261220,0.240617275,-8.609549522,1.929726601
154521227837,-0.151723221,-0.586663127,0.220664129,0.229843363,-8.677783966,1.948880196
154522488737,-0.153852671,-0.585598409,0.222527400,0.235828876,-8.743624687,1.912967205
154523749662,-0.150392324,-0.581871867,0.219599396,0.244208574,-8.779538155,1.900996208
154525010587,-0.144003972,-0.580807149,0.220930308,0.263362199,-8.831012726,1.921346903
154526271487,-0.142406881,-0.584267497,0.216937587,0.268150598,-8.859743118,1.941697598
154527532412,-0.139212713,-0.580807149,0.211880147,0.266953498,-8.927978516,1.874659896
154528793287,-0.136817083,-0.580807149,0.210283071,0.280121595,-8.948328972,1.930923700
154530054225,-0.132824361,-0.581605673,0.219333217,0.250194073,-8.968679428,1.887828112
154531315137,-0.126436025,-0.572289348,0.216139048,0.316034615,-9.042900085,1.896207809
154532576037,-0.126169845,-0.577879131,0.211081609,0.328005642,-9.076418877,1.946485996
154533836962,-0.125637472,-0.585598409,0.213211060,0.293289721,-9.084798813,1.922544003
154535097875,-0.118184403,-0.587727845,0.216139048,0.281318694,-9.125499725,1.948880196
154536358775,-0.120047674,-0.581339538,0.213211060,0.354341865,-9.161413193,1.960851192
154537619675,-0.113659330,-0.578943908,0.218268499,0.359130263,-9.205705643,1.946485996
154538880600,-0.112594604,-0.587461650,0.216937587,0.338779539,-9.245209694,2.009932280
154540141525,-0.116587318,-0.586929321,0.218268499,0.357933164,-9.217676163,2.005143881
154541402437,-0.111796059,-0.588260233,0.221462667,0.335188240,-9.154230118,2.020706177
154542663350,-0.109134249,-0.587994039,0.225987747,0.357933164,-9.144653320,2.018311977
154543924250,-0.105141535,-0.589591146,0.231045187,0.395043284,-9.115922928,2.029085875
154545185162,-0.101148814,-0.590922058,0.233706996,0.384269387,-9.115922928,2.050633669
154546446075,-0.100616455,-0.589324951,0.233440816,0.415394008,-8.989029884,2.024297476
154547706975,-0.102745906,-0.586663127,0.233706996,0.409408480,-8.990227699,2.078167200
154548967887,-0.096623734,-0.591986775,0.235570267,0.418985307,-8.953117371,2.015917778
154550228812,-0.096091375,-0.595447123,0.234505549,0.405817181,-8.872911453,2.001552582
154551489725,-0.094494291,-0.589591146,0.236102626,0.418985307,-8.790311813,1.958456993
154552750625,-0.087573580,-0.590389669,0.238498256,0.420182407,-8.729259491,1.948880196
154554011537,-0.086508855,-0.593317688,0.233706996,0.432153404,-8.664615631,1.914164305
154555272462,-0.080120511,-0.594382405,0.237167358,0.377086759,-8.622717857,1.930923700
154556533362,-0.073732160,-0.595713317,0.236102626,0.404620081,-8.611943245,1.934514999
154557794287,-0.070271812,-0.598108947,0.238498256,0.416591108,-8.518569946,1.877054095
154559055200,-0.060955472,-0.599705994,0.237699717,0.463278025,-8.487444878,1.874659896
154560316112,-0.055365667,-0.602634013,0.236901179,0.452504128,-8.450334549,1.816002011
154561577025,-0.048178777,-0.599705994,0.240627706,0.450109929,-8.397662163,1.776497722
154562837912,-0.040725708,-0.607425272,0.236901179,0.495599747,-8.398859978,1.814804912
154564098837,-0.034337360,-0.609554708,0.237167358,0.456095427,-8.415618896,1.768118024
154565359750,-0.026884291,-0.609820902,0.237965897,0.441730231,-8.355764389,1.796848416
154566620675,-0.020229762,-0.612748861,0.237965897,0.478840351,-8.339004517,1.768118024
154567881562,-0.013575235,-0.614612162,0.231843740,0.442927331,-8.334216118,1.748964310
154569142487,-0.006654528,-0.621532857,0.233174637,0.430956304,-8.339004517,1.747767210
154570403387,0.003726535,-0.629252136,0.237699717,0.424970806,-8.346187592,1.713051319
154571664312,0.007453070,-0.628453553,0.235304087,0.403422982,-8.336610794,1.713051319
154572925225,0.015704684,-0.626590312,0.234505549,0.427365005,-8.350975990,1.692700624
154574186125,0.018632676,-0.629784465,0.237699717,0.423773706,-8.355764389,1.717839718
154575447050,0.025021022,-0.634043396,0.233706996,0.401028782,-8.350975990,1.722628117
154576707962,0.034869723,-0.636971354,0.231577545,0.402225882,-8.390480042,1.702277422
154577968875,0.038063895,-0.635640442,0.237167358,0.426167905,-8.396465302,1.678335428
154579229787,0.042056613,-0.637503743,0.233440816,0.399831682,-8.404845238,1.667561531
154580490700,0.051639132,-0.644690633,0.229448110,0.350750566,-8.443152428,1.654393435
154581751612,0.057761297,-0.641496420,0.231311366,0.405817181,-8.437167168,1.649605036
154583012500,0.060156927,-0.643093526,0.228383377,0.383072287,-8.480262756,1.638831019
154584273437,0.065480553,-0.650546610,0.227318659,0.389057785,-8.548497200,1.667561531
154585534337,0.069207087,-0.649215698,0.225721568,0.426167905,-8.598775864,1.624465823
154586795237,0.075063072,-0.654273152,0.223325938,0.379480958,-8.583212852,1.646013737
154588056150,0.080652870,-0.652676046,0.224923030,0.354341865,-8.652645111,1.636436820
154589317075,0.085444130,-0.657467306,0.226253927,0.357933164,-8.683769226,1.678335428
154590577987,0.088904485,-0.662524760,0.225987747,0.344765037,-8.766369820,1.616086125
154591838875,0.094494291,-0.663323283,0.223858297,0.330399841,-8.827422142,1.594538331
154593099812,0.103012085,-0.664121807,0.223059759,0.326808542,-8.923190117,1.592144132
154594360712,0.110731333,-0.669977784,0.218268499,0.275333196,-9.038111687,1.595735431
154595621625,0.120313853,-0.675567627,0.219067037,0.282515794,-9.161413193,1.558625340
154596882562,0.131227285,-0.682754517,0.215340510,0.246602774,-9.297882080,1.561019540
154598143450,0.138147995,-0.684883952,0.212146327,0.201112941,-9.440337181,1.562216640
154599404362,0.153054133,-0.688078105,0.212146327,0.153228909,-9.624691010,1.558625340
154600665300,0.162636653,-0.694732666,0.208685979,0.064643450,-9.800664902,1.505952835
154601926200,0.175945699,-0.699523926,0.205225617,-0.001197101,-10.035296440,1.493981838
154603187112,0.187923849,-0.707509339,0.200168177,-0.068234749,-10.308235168,1.455674648
154604448025,0.204427078,-0.713631511,0.201765269,-0.107739076,-10.656591415,1.393425345
154605708937,0.224656850,-0.723480225,0.196441650,-0.161608621,-10.919954300,1.408987761
154606969837,0.232376099,-0.726142049,0.200966731,-0.205901355,-11.250353813,1.392228246
154608230750,0.251008779,-0.736523092,0.196707830,-0.223857865,-11.549629211,1.339555860
154609491650,0.261656016,-0.743443787,0.197772548,-0.239420176,-11.868058205,1.327584863
154610752575,0.272303253,-0.747170329,0.196441650,-0.281318694,-12.137405396,1.333570361
154612013500,0.290935934,-0.761810303,0.204959437,-0.286107093,-12.431892395,1.403002262
154613274400,0.294928640,-0.768730998,0.210549250,-0.263362199,-12.686875343,1.428141356
154614535300,0.298921376,-0.779644430,0.220930308,-0.223857865,-12.880805016,1.504755735
154615796237,0.303446442,-0.786032796,0.228383377,-0.189141929,-13.013683319,1.637633920
154617057125,0.305309713,-0.789493144,0.243023336,-0.146046311,-13.178883553,1.667561531
154618318050,0.301317006,-0.791888773,0.252872050,-0.122104287,-13.223176003,1.781286120
154619578975,0.292799205,-0.791356385,0.260325104,-0.052672438,-13.242329597,1.897404909
154620839862,0.288806498,-0.791356385,0.273101807,-0.037110128,-13.239935875,2.031480074
154622100787,0.282684326,-0.793752015,0.290137380,0.022744916,-13.187263489,2.165555477
154623361700,0.265382558,-0.793752015,0.298921376,0.086191259,-13.135787964,2.227804661
154624622600,0.253936768,-0.794284403,0.305043548,0.111330383,-12.955025673,2.366668463
154625883537,0.241426259,-0.794018209,0.317287862,0.104147777,-12.740744591,2.452859640
154627144437,0.223858297,-0.792421103,0.321546763,0.083797060,-12.586318016,2.489969730
154628405350,0.212944880,-0.785766602,0.324208587,0.162805721,-12.355278015,2.530671120
154629666250,0.201499090,-0.785500407,0.325007111,0.112527482,-12.102689743,2.468421936
154630927150,0.192715108,-0.786565125,0.325805664,0.135272399,-11.896788597,2.446874142
154632188087,0.183132589,-0.787097514,0.321812958,0.095768072,-11.676522255,2.303221941
154633449000,0.179672241,-0.782838583,0.317820221,0.089782566,-11.467029572,2.187103271
154634709887,0.171154439,-0.783903301,0.314093679,0.050278235,-11.293449402,2.096123695
154635970800,0.173283890,-0.785766602,0.304777354,0.026336219,-11.101913452,1.932120800
154637231725,0.180204600,-0.785500407,0.299187541,-0.031124622,-10.969035149,1.808819413
154638492637,0.184995860,-0.788694561,0.290935934,-0.064643450,-10.875660896,1.709460020
154639753550,0.188722402,-0.791090190,0.276562154,-0.106541976,-10.800244331,1.537077546
154641014462,0.195909292,-0.791622579,0.265914917,-0.190339044,-10.709264755,1.430535555
154642275375,0.205491811,-0.796946168,0.261389822,-0.235828876,-10.686519623,1.341950059
154643536287,0.216937587,-0.800406575,0.253670573,-0.266953498,-10.687716484,1.274912357
154644797212,0.227318659,-0.809456706,0.243023336,-0.312443316,-10.705673218,1.157596588
154646058112,0.241426259,-0.806528687,0.236635000,-0.293289721,-10.728418350,1.148019671
154647319037,0.251274943,-0.808924317,0.229980469,-0.363918662,-10.814609528,1.104924083
154648579937,0.262188375,-0.814780354,0.220397949,-0.385466486,-10.862493515,1.072602391
154649840862,0.272037089,-0.817175984,0.214541957,-0.480037451,-10.989385605,1.086967587
154651101762,0.287741750,-0.818773031,0.207621247,-0.409408480,-11.184513092,1.090558887
154652362675,0.296525747,-0.825693727,0.203096181,-0.499191046,-11.282675743,1.125274777
154653623587,0.313295156,-0.833413005,0.196974009,-0.492008448,-11.476606369,1.150413871
154654884500,0.323143840,-0.833146811,0.192715108,-0.515950441,-11.640608788,1.206677675
154656145412,0.327136576,-0.834743917,0.186859131,-0.535104096,-11.795034409,1.282095075
154657406337,0.326604217,-0.834477723,0.182334051,-0.536301196,-11.988965034,1.306037068
154658667225,0.329266012,-0.841398418,0.175679520,-0.532709897,-12.143390656,1.404199362
154659928150,0.336985260,-0.843527913,0.172219172,-0.502782345,-12.284648895,1.476025343
154661189037,0.332726359,-0.840067506,0.174880981,-0.484825850,-12.440272331,1.532289147
154662449962,0.331927836,-0.840599895,0.175945699,-0.524330199,-12.576741219,1.522712350
154663710900,0.331395477,-0.842995524,0.177276611,-0.505176544,-12.666523933,1.605312228
154664971800,0.326071829,-0.841398418,0.175413340,-0.497993946,-12.735956192,1.648407936
154666232700,0.319417328,-0.842995524,0.180736959,-0.492008448,-12.824541092,1.646013737
154667493625,0.314093679,-0.847520590,0.187657669,-0.448912829,-12.899958611,1.661576033
154668754525,0.305575907,-0.842995524,0.192715108,-0.421379507,-12.944252014,1.690306425
154670015437,0.294662476,-0.841664612,0.198038727,-0.414196908,-12.901156425,1.759738207
154671276350,0.281619608,-0.845923543,0.206290349,-0.416591108,-12.814964294,1.759738207
154672537262,0.268576711,-0.839801371,0.213743418,-0.423773706,-12.761095047,1.734599113
154673798175,0.256332397,-0.840333700,0.222261220,-0.393846184,-12.688072205,1.735796213
154675059087,0.244886607,-0.843527913,0.220131770,-0.438138902,-12.591106415,1.793257117
154676320012,0.235836446,-0.842197001,0.227052480,-0.444124430,-12.422315598,1.713051319
154677580925,0.225189209,-0.840067506,0.237965897,-0.422576606,-12.321759224,1.717839718
154678841825,0.210283071,-0.836873353,0.241958618,-0.411802709,-12.156558990,1.677138329
154680102725,0.199635819,-0.836873353,0.250476420,-0.392649084,-11.953052521,1.654393435
154681363662,0.190585658,-0.835808635,0.250476420,-0.381875187,-11.765107155,1.570596337
154682624550,0.178341329,-0.836074829,0.256864756,-0.452504128,-11.638214111,1.525106549
154683885462,0.175679520,-0.836341023,0.260325104,-0.440533102,-11.459846497,1.480813742
154685146375,0.169557363,-0.837671876,0.263785452,-0.424970806,-11.329362869,1.424550056
154686407312,0.155715942,-0.836341023,0.261389822,-0.469263524,-11.194089890,1.356315255
154687668212,0.154385030,-0.837938070,0.266979635,-0.466869324,-11.031284332,1.291671872
154688929112,0.153852671,-0.839002788,0.271238536,-0.471657753,-10.922348022,1.223437071
154690190025,0.149327591,-0.839801371,0.274166524,-0.509964943,-10.836156845,1.195903778
154691450950,0.149593771,-0.836873353,0.268842906,-0.505176544,-10.734403610,1.130063176
154692711850,0.145068690,-0.837139547,0.266979635,-0.550666392,-10.666168213,1.128866076
154693972775,0.145068690,-0.836607158,0.266447276,-0.560243189,-10.590751648,1.114500880
154695233687,0.145334885,-0.839535177,0.265116364,-0.572214186,-10.465055466,1.057040095
154696494587,0.143737793,-0.841930807,0.270972341,-0.569819987,-10.490195274,1.073799491
154697755500,0.144536331,-0.840599895,0.268044353,-0.621295333,-10.431536674,1.047463298
154699016412,0.146399602,-0.841132283,0.262720734,-0.569819987,-10.363302231,1.010353088
154700277337,0.142673060,-0.839268982,0.262720734,-0.614112735,-10.354922295,0.990002394
154701538250,0.143737793,-0.841398418,0.263519287,-0.600944638,-10.326191902,1.061828494
154702799150,0.144536331,-0.842995524,0.264317840,-0.572214186,-10.272322655,1.053448796
154704060062,0.144536331,-0.843261719,0.257397115,-0.629675031,-10.297461510,1.065419793
154705320975,0.142140701,-0.846455872,0.259526581,-0.584185243,-10.291476250,1.048660398
154706581900,0.137083262,-0.843794048,0.263519287,-0.569819987,-10.261548996,1.119289279
154707842800,0.134687632,-0.837139547,0.258728027,-0.567425787,-10.217255592,1.112106681
154709103700,0.140011251,-0.837405741,0.258461833,-0.559046090,-10.220847130,1.120486379
154710364600,0.132824361,-0.835276246,0.257397115,-0.559046090,-10.229227066,1.118092179
154711625525,0.129097834,-0.840333700,0.255800039,-0.571017087,-10.211270332,1.139639974
154712886437,0.127766922,-0.838470459,0.253404409,-0.537498295,-10.202890396,1.170764685
154714147362,0.123241849,-0.838204265,0.249411687,-0.460883826,-10.180145264,1.148019671
154715408275,0.121378578,-0.834211528,0.244354248,-0.470460624,-10.184933662,1.134851575
154716669225,0.119781494,-0.837405741,0.246749878,-0.499191046,-10.127472878,1.121683478
154717930075,0.113925509,-0.837139547,0.247016057,-0.508767843,-10.123882294,1.128866076
154719190987,0.112328425,-0.835276246,0.243289515,-0.466869324,-10.107122421,1.162384987
154720451937,0.110731333,-0.841664612,0.243555695,-0.414196908,-10.123882294,1.100135684
154721712850,0.109134249,-0.841398418,0.241692439,-0.412999809,-10.068815231,1.113303781
154722973750,0.101148814,-0.837938070,0.240361527,-0.420182407,-10.013749123,1.142034173
154724234662,0.100350276,-0.839002788,0.237433538,-0.385466486,-9.989807129,1.110909581
154725495575,0.095559016,-0.838736653,0.233973175,-0.384269387,-9.931148529,1.109712481
154726756487,0.093695745,-0.840333700,0.231843740,-0.374692559,-9.896432877,1.116895080
154728017387,0.092631020,-0.838204265,0.229181916,-0.362721562,-9.858125687,1.134851575
154729278287,0.085444130,-0.838204265,0.225987747,-0.377086759,-9.811438560,1.108515382
154730539212,0.086242676,-0.840866089,0.224923030,-0.361524463,-9.768342972,1.090558887
154731800125,0.083314680,-0.841664612,0.219865590,-0.311246216,-9.721655846,1.098938584
154733061037,0.076393977,-0.839268982,0.213211060,-0.307654917,-9.728838921,1.077390790
154734321975,0.077192515,-0.841664612,0.212146327,-0.306457818,-9.672574997,1.094150186
154735582875,0.076393977,-0.838736653,0.207887441,-0.288501292,-9.601945877,1.106121182
154736843787,0.063351102,-0.841664612,0.200434357,-0.308852017,-9.568427086,1.119289279
154738104675,0.064948186,-0.840333700,0.193247467,-0.256179571,-9.519346237,1.091755986
154739365600,0.066545270,-0.840599895,0.186859131,-0.232237563,-9.504981041,1.052251697
154740626525,0.065746732,-0.842729330,0.182067871,-0.196324542,-9.460687637,1.096544385
154741887437,0.062286377,-0.841398418,0.176211879,-0.220266551,-9.391256332,1.016338587
154743148337,0.056962755,-0.842995524,0.169823542,-0.209492654,-9.368511200,1.049857497
154744409250,0.061221652,-0.844060242,0.161039561,-0.153228909,-9.370905876,1.036689401
154745670175,0.060156927,-0.845923543,0.151190862,-0.112527482,-9.324218750,1.015141487
154746931075,0.059358384,-0.851513326,0.141342163,-0.070628949,-9.282320023,0.981622696
154748191975,0.063084923,-0.853376567,0.135486171,-0.056263741,-9.261969566,0.999579191
154749452912,0.060156927,-0.856304586,0.126968384,-0.033518825,-9.271546364,0.975637197
154750713825,0.058559842,-0.853642762,0.125637472,-0.052672438,-9.211690903,0.968454599
154751974725,0.060689289,-0.854973674,0.113126963,-0.068234749,-9.175778389,0.966060400
154753235650,0.059890747,-0.862160563,0.099551730,-0.050278235,-9.130288124,0.944512606
154754496550,0.067609996,-0.867218018,0.094228104,-0.028730420,-9.151836395,0.966060400
154755757462,0.066279091,-0.869613647,0.088638306,-0.009576807,-9.169792175,0.960074902
154757018387,0.064149641,-0.872275472,0.081451416,0.061052144,-9.154230118,0.936132848
154758279287,0.065480553,-0.869347453,0.073732160,0.020350715,-9.113529205,0.976834297
154759540212,0.064415827,-0.872807801,0.065746732,0.021547815,-9.112331390,0.937329948
154760801112,0.071868896,-0.881325603,0.065214366,0.058657940,-9.137471199,0.946906805
154762062037,0.071070351,-0.882922709,0.048711140,0.011971009,-9.154230118,0.963666201
154763322950,0.067876182,-0.881857991,0.039394803,0.035913024,-9.157821655,0.960074902
154764583862,0.070005625,-0.884785950,0.036200628,-0.004788403,-9.139864922,0.906205356
154765844775,0.071070351,-0.886915386,0.025819566,0.026336219,-9.165003777,0.946906805
154767105687,0.071868896,-0.890375733,0.020229762,-0.004788403,-9.173383713,0.946906805
154768366587,0.077192515,-0.892771363,0.016237047,0.033518825,-9.194931984,0.934935749
154769627500,0.077991061,-0.897030294,0.011978149,-0.004788403,-9.208099365,0.975637197
154770888425,0.076393977,-0.893836141,0.000532362,-0.022744916,-9.190143585,0.949301004
154772149337,0.074530706,-0.895699382,-0.006388346,-0.062249243,-9.214085579,0.951695204
154773410250,0.071336530,-0.897030294,-0.007453070,-0.034715924,-9.257181168,0.973242998
154774671150,0.072667442,-0.899958253,-0.014639961,-0.056263741,-9.337387085,0.973242998
154775932075,0.075595431,-0.897030294,-0.022359211,-0.046686932,-9.290699959,0.966060400
154777192962,0.080652870,-0.901555359,-0.027150471,-0.104147777,-9.352949142,0.950498104
154778453900,0.081451416,-0.907145143,-0.031409368,-0.106541976,-9.404424667,0.945709705
154779714812,0.079854332,-0.901023030,-0.042322792,-0.128089786,-9.411606789,0.980425596
154780975725,0.078523420,-0.902886271,-0.042322792,-0.167594120,-9.470264435,1.015141487
154782236637,0.078257240,-0.904749513,-0.049243502,-0.192733243,-9.513360977,1.017535686
154783497537,0.081451416,-0.907411337,-0.053768583,-0.192733243,-9.516951561,1.016338587
154784758462,0.083580866,-0.906612813,-0.056962755,-0.237025976,-9.567230225,1.028309584
154786019375,0.082782321,-0.906346619,-0.062818736,-0.257376671,-9.587580681,1.023521185
154787280287,0.082782321,-0.906346619,-0.066545270,-0.292092621,-9.619902611,0.986411095
154788541200,0.082782321,-0.904217184,-0.066811457,-0.272938997,-9.648633003,1.046266198
154789802112,0.082516141,-0.906080425,-0.068142362,-0.295683920,-9.700108528,1.043871999
154791063012,0.083847046,-0.901289165,-0.073732160,-0.254982471,-9.673771858,1.065419793
154792323925,0.083048500,-0.899958253,-0.076127790,-0.314837515,-9.677363396,1.107318282
154793584837,0.080120511,-0.895699382,-0.080919050,-0.308852017,-9.674968719,1.107318282
154794845762,0.079588145,-0.896497905,-0.077724881,-0.310049117,-9.690531731,1.103726983
154796106687,0.076660156,-0.898627400,-0.078789607,-0.350750566,-9.682151794,1.158793688
154797367600,0.079055786,-0.891706645,-0.081983775,-0.332794040,-9.636661530,1.170764685
154798628500,0.078789607,-0.890109599,-0.084379405,-0.335188240,-9.634267807,1.171961784
154799889425,0.073732160,-0.887181580,-0.083314680,-0.342370838,-9.607931137,1.173158884
154801150325,0.075861610,-0.891706645,-0.081717595,-0.342370838,-9.572018623,1.171961784
154802411237,0.076660156,-0.889044881,-0.083048500,-0.365115762,-9.570821762,1.173158884
154803672150,0.071868896,-0.882124126,-0.085177951,-0.302866518,-9.498995781,1.174355984
154804933050,0.068142362,-0.878397584,-0.087839760,-0.326808542,-9.471462250,1.171961784
154806193962,0.068674721,-0.877332866,-0.088904485,-0.318428814,-9.464279175,1.207874775
154807454887,0.075329252,-0.876268148,-0.085177951,-0.354341865,-9.419986725,1.145625472
154808715800,0.071868896,-0.869613647,-0.092098661,-0.311246216,-9.357737541,1.163582087
154809976712,0.070005625,-0.868548930,-0.090501569,-0.319625944,-9.324218750,1.227028370
154811237625,0.073998347,-0.868548930,-0.090235390,-0.335188240,-9.282320023,1.223437071
154812498537,0.072401255,-0.864289999,-0.093429565,-0.293289721,-9.275137901,1.236605167
154813759462,0.074264526,-0.863491476,-0.093961924,-0.238223076,-9.191340446,1.200692177
154815020350,0.076660156,-0.861095846,-0.097156100,-0.276530296,-9.172186852,1.134851575
154816281262,0.074796885,-0.862160563,-0.093163386,-0.268150598,-9.123106003,1.207874775
154817542175,0.076660156,-0.862160563,-0.091300115,-0.258573800,-9.093177795,1.219845772
154818803112,0.078257240,-0.854973674,-0.091300115,-0.257376671,-9.045293808,1.242590666
154820064012,0.078789607,-0.851779521,-0.095292829,-0.294486821,-8.959102631,1.204283476
154821324937,0.078523420,-0.852844238,-0.097954646,-0.213083953,-8.931569099,1.199495077
154822585850,0.081185237,-0.853376567,-0.097422279,-0.207098454,-8.893261909,1.187524080
154823846750,0.080919050,-0.853376567,-0.097422279,-0.219069451,-8.874108315,1.215057373
154825107662,0.085710309,-0.843794048,-0.097688459,-0.201112941,-8.820239067,1.247379065
154826368587,0.081983775,-0.842995524,-0.096357554,-0.181959331,-8.796297073,1.219845772
154827629487,0.088638306,-0.844592631,-0.101414993,-0.223857865,-8.749609947,1.243787766
154828890400,0.086242676,-0.846455872,-0.104076810,-0.198718742,-8.744821548,1.237802267
154830151312,0.087839760,-0.841664612,-0.100882635,-0.178368032,-8.704120636,1.260547161
154831412225,0.093695745,-0.838204265,-0.107537165,-0.181959331,-8.651448250,1.236605167
154832673150,0.096623734,-0.837938070,-0.107803345,-0.144849211,-8.657433510,1.290474772
154833934062,0.097954646,-0.834477723,-0.103544444,-0.140060797,-8.638279915,1.289277673
154835194975,0.100882635,-0.836873353,-0.107537165,-0.187944829,-8.603564262,1.264138460
154836455875,0.100350276,-0.839535177,-0.110465154,-0.161608621,-8.605957985,1.242590666
154837716800,0.103012085,-0.837139547,-0.112594604,-0.144849211,-8.603564262,1.292868972
154838977725,0.109932795,-0.836607158,-0.114457868,-0.167594120,-8.628703117,1.289277673
154840238625,0.113659330,-0.836074829,-0.113126963,-0.128089786,-8.628703117,1.244984865
154841499525,0.112328425,-0.835276246,-0.115788773,-0.119710088,-8.631096840,1.244984865
154842760437,0.113393143,-0.834743917,-0.119515315,-0.186747730,-8.644265175,1.238999367
154844021350,0.117918223,-0.832348287,-0.120047674,-0.153228909,-8.714894295,1.314416766
154845282275,0.119515315,-0.831283569,-0.119249128,-0.128089786,-8.713697433,1.273715258
154846543187,0.121910945,-0.827823222,-0.122709483,-0.180762231,-8.690952301,1.291671872
154847804100,0.124040388,-0.829952657,-0.126968384,-0.164002821,-8.740033150,1.286883473
154849065012,0.122709483,-0.836341023,-0.125371292,-0.232237563,-8.795100212,1.264138460
154850325925,0.124838933,-0.830751181,-0.128033102,-0.241814375,-8.874108315,1.243787766
154851586850,0.132824361,-0.830218852,-0.127766922,-0.174776718,-8.888473511,1.256955862
154852847750,0.130428731,-0.826758504,-0.130694911,-0.195127442,-8.953117371,1.301248670
154854108662,0.130694911,-0.829154134,-0.129896373,-0.225054964,-8.985439301,1.254561663
154855369575,0.136817083,-0.825161397,-0.126968384,-0.259770900,-9.063250542,1.255758762
154856630487,0.137881801,-0.827557027,-0.132824361,-0.253785372,-9.083600998,1.268926859
154857891400,0.136018544,-0.829952657,-0.136817083,-0.231040463,-9.106346130,1.265335560
154859152312,0.137083262,-0.824629009,-0.136550903,-0.198718742,-9.199720383,1.282095075
154860413237,0.134421453,-0.823298097,-0.135486171,-0.245405674,-9.235632896,1.249773264
154861674137,0.132824361,-0.822233379,-0.134421453,-0.300472319,-9.276334763,1.295263171
154862935025,0.138946533,-0.824895203,-0.135486171,-0.253785372,-9.342175484,1.322796464
154864195950,0.139212713,-0.825427592,-0.132292002,-0.227449164,-9.326612473,1.356315255
154865456875,0.133356735,-0.819305420,-0.130961105,-0.215478152,-9.321824074,1.362300754
154866717800,0.133889094,-0.815845072,-0.133889094,-0.219069451,-9.368511200,1.392228246
154867978700,0.132558182,-0.820902467,-0.128831655,-0.233434662,-9.400833130,1.368286252
154869239600,0.125105113,-0.822233379,-0.129097834,-0.223857865,-9.433155060,1.355118155
154870500512,0.125637472,-0.817175984,-0.132824361,-0.177170932,-9.405621529,1.341950059
154871761437,0.126968384,-0.817175984,-0.125637472,-0.171185419,-9.429563522,1.362300754
154873022362,0.121644758,-0.814514160,-0.124838933,-0.245405674,-9.429563522,1.386242747
154874283275,0.113925509,-0.815578878,-0.128831655,-0.191536143,-9.431957245,1.394622445
154875544175,0.112860784,-0.813715577,-0.127234563,-0.135272399,-9.419986725,1.399410963
154876805087,0.110198975,-0.811852336,-0.124306574,-0.113724582,-9.358934402,1.373074651
154878066012,0.106472440,-0.810255229,-0.122443303,-0.158017308,-9.290699959,1.346738458
154879326925,0.104076810,-0.807061076,-0.121378578,-0.191536143,-9.291896820,1.362300754
154880587825,0.104342990,-0.806528687,-0.128033102,-0.158017308,-9.290699959,1.413776159
154881848750,0.099551730,-0.806794882,-0.127766922,-0.202310041,-9.247604370,1.370680451
154883109662,0.096623734,-0.802536011,-0.129896373,-0.154426008,-9.181763649,1.370680451
154884370575,0.092631020,-0.799341798,-0.128565475,-0.178368032,-9.173383713,1.260547161
154885631487,0.096357554,-0.798543274,-0.129630193,-0.149637610,-9.153033257,1.313219666
154886892412,0.094228104,-0.794550538,-0.130694911,-0.129286900,-9.106346130,1.277306676
154888153325,0.092098661,-0.794018209,-0.135219991,-0.205901355,-9.108740807,1.298854470
154889414212,0.088105939,-0.793752015,-0.135219991,-0.187944829,-9.060856819,1.265335560
154890675137,0.089703031,-0.792154908,-0.136817083,-0.222660765,-9.059659004,1.276109457
154891936050,0.084911771,-0.790025473,-0.141874522,-0.186747730,-9.029731750,1.264138460
154893196975,0.081983775,-0.789226949,-0.146399602,-0.191536143,-9.009381294,1.274912357
154894457875,0.080919050,-0.786298931,-0.148262873,-0.245405674,-8.951920509,1.234210968
154895718787,0.083048500,-0.779378235,-0.150658503,-0.209492654,-9.021351814,1.256955862
154896979712,0.086775035,-0.778313518,-0.154651210,-0.227449164,-8.975862503,1.264138460
154898240612,0.082249962,-0.773788452,-0.161571920,-0.251391172,-8.902838707,1.234210968
154899501537,0.075329252,-0.772191346,-0.158910111,-0.271741897,-8.939949036,1.255758762
154900762437,0.074264526,-0.772723734,-0.162902832,-0.295683920,-8.961497307,1.286883473
154902023350,0.074796885,-0.767666280,-0.169291168,-0.245405674,-8.902838707,1.238999367
154903284275,0.076660156,-0.763141215,-0.171952993,-0.244208574,-8.892065048,1.253364563
154904545175,0.073732160,-0.760745585,-0.176211879,-0.323217243,-8.918401718,1.224634171
154905806112,0.071868896,-0.757551372,-0.178341329,-0.274136096,-8.880094528,1.244984865
154907067000,0.070537992,-0.754091024,-0.179406062,-0.305260718,-8.895656586,1.280897975
154908327925,0.064948186,-0.746637940,-0.181269318,-0.299275219,-8.893261909,1.225831270
154909588825,0.063883461,-0.742911458,-0.190319479,-0.282515794,-8.813056946,1.256955862
154910849737,0.065214366,-0.741048157,-0.194312200,-0.302866518,-8.817845345,1.277306676
154912110675,0.063351102,-0.734925985,-0.193247467,-0.272938997,-8.811859131,1.227028370
154913371575,0.064682007,-0.728803813,-0.191384211,-0.292092621,-8.768763542,1.237802267
154914632487,0.059624564,-0.727206767,-0.193779841,-0.310049117,-8.797493935,1.294066072
154915893400,0.057761297,-0.727472901,-0.203894719,-0.335188240,-8.734047890,1.292868972
154917154325,0.056430392,-0.720552206,-0.200966731,-0.366312861,-8.711302757,1.279700875
154918415225,0.054833304,-0.715228617,-0.204693258,-0.317231715,-8.726864815,1.277306676
154919676150,0.052970037,-0.714962423,-0.211880147,-0.367509961,-8.696937561,1.229422569
154920937050,0.051905312,-0.707775533,-0.212678701,-0.373495460,-8.717288017,1.235408068
154922197962,0.051639132,-0.699523926,-0.215340510,-0.342370838,-8.704120636,1.284489274
154923458875,0.050574407,-0.693135560,-0.221462667,-0.316034615,-8.653841972,1.249773264
154924719787,0.048178777,-0.690207601,-0.220397949,-0.333991140,-8.633491516,1.252167463
154925980700,0.051372953,-0.689142823,-0.220131770,-0.335188240,-8.652645111,1.195903778
154927241625,0.052970037,-0.686481059,-0.219067037,-0.301669419,-8.659827232,1.212663174
154928502525,0.051905312,-0.680092692,-0.226520106,-0.307654917,-8.656236649,1.216254473
154929763437,0.051905312,-0.677164674,-0.225189209,-0.362721562,-8.675390244,1.180341482
154931024350,0.054034762,-0.672107279,-0.228649557,-0.366312861,-8.668207169,1.207874775
154932285275,0.059624564,-0.665985107,-0.227584839,-0.369904160,-8.725667953,1.217451572
154933546187,0.054833304,-0.660927653,-0.227584839,-0.355538964,-8.720879555,1.176750183
154934807100,0.058027480,-0.660661459,-0.224390656,-0.398634583,-8.728062630,1.182735682
154936068000,0.057495117,-0.657201111,-0.227851018,-0.418985307,-8.722076416,1.149216771
154937328937,0.061221652,-0.651345134,-0.228383377,-0.367509961,-8.766369820,1.206677675
154938589850,0.063351102,-0.651345134,-0.224124476,-0.359130263,-8.749609947,1.261744261
154939850750,0.063617282,-0.649215698,-0.223858297,-0.435744703,-8.838195801,1.213860273
154941111637,0.070804171,-0.642827332,-0.224390656,-0.410605609,-8.848969460,1.249773264
154942372575,0.067343816,-0.639633179,-0.223592117,-0.383072287,-8.860940933,1.233013868
154943633487,0.063883461,-0.633244812,-0.220131770,-0.390254885,-8.881291389,1.231816769
154944894387,0.069739446,-0.632180095,-0.225987747,-0.318428814,-8.919598579,1.229422569
154946155325,0.069473267,-0.632180095,-0.221462667,-0.335188240,-8.925583839,1.243787766
154947416212,0.068940900,-0.631913900,-0.218002319,-0.360327363,-8.947132111,1.238999367
154948677137,0.072401255,-0.624194682,-0.215872869,-0.318428814,-8.962694168,1.244984865
154949938050,0.074264526,-0.617806315,-0.213743418,-0.308852017,-9.005789757,1.267729759
154951198962,0.076926336,-0.615410686,-0.212146327,-0.304063618,-8.954314232,1.260547161
154952459875,0.074530706,-0.610619426,-0.208685979,-0.332794040,-8.979453087,1.286883473
154953720800,0.076926336,-0.613281250,-0.204427078,-0.282515794,-8.990227699,1.260547161
154954981725,0.074264526,-0.614878356,-0.200966731,-0.330399841,-8.990227699,1.256955862
154956242625,0.074264526,-0.606094360,-0.203096181,-0.350750566,-8.996212959,1.221042871
154957503525,0.074264526,-0.604231060,-0.199103460,-0.300472319,-8.983044624,1.244984865
154958764437,0.075595431,-0.597842753,-0.202829987,-0.356736064,-8.989029884,1.227028370
154960025362,0.076926336,-0.592785299,-0.193513662,-0.322020143,-8.984241486,1.181538582
154961286275,0.076393977,-0.591454387,-0.191384211,-0.360327363,-8.987833023,1.217451572
154962547187,0.077991061,-0.590123475,-0.185262039,-0.310049117,-8.993818283,1.194706678
154963808087,0.076926336,-0.588526428,-0.184995860,-0.296881020,-9.018958092,1.174355984
154965069025,0.075063072,-0.583735168,-0.181535512,-0.305260718,-8.974664688,1.187524080
154966329937,0.078523420,-0.580540955,-0.176744252,-0.299275219,-8.965087891,1.162384987
154967590837,0.071070351,-0.573886454,-0.173816249,-0.299275219,-8.966285706,1.206677675
154968851750,0.072667442,-0.578145325,-0.174614802,-0.278924495,-8.947132111,1.136048675
154970112675,0.078523420,-0.574951172,-0.166363180,-0.286107093,-8.959102631,1.121683478
154971373575,0.077192515,-0.572821736,-0.168492630,-0.300472319,-8.936357498,1.156399488
154972634500,0.078257240,-0.570159912,-0.165564641,-0.313640416,-8.919598579,1.170764685
154973895400,0.076127790,-0.567764282,-0.154118851,-0.265756398,-8.930372238,1.127668977
154975156325,0.076393977,-0.564836264,-0.153852671,-0.247799873,-8.913613319,1.127668977
154976417225,0.076393977,-0.560843587,-0.156780660,-0.284909993,-8.899248123,1.110909581
154977678137,0.073732160,-0.559778869,-0.151723221,-0.292092621,-8.875306129,1.145625472
154978939062,0.073732160,-0.556318462,-0.146133423,-0.282515794,-8.888473511,1.106121182
154980199975,0.071336530,-0.555519938,-0.141075984,-0.253785372,-8.884882927,1.104924083
154981460887,0.069739446,-0.550196350,-0.141342163,-0.263362199,-8.822633743,1.090558887
154982721800,0.069207087,-0.550462484,-0.138946533,-0.259770900,-8.845377922,1.106121182
154983982712,0.067077637,-0.549930155,-0.137349442,-0.277727395,-8.868123055,1.103726983
154985243625,0.068940900,-0.543275595,-0.133356735,-0.251391172,-8.845377922,1.101332784
154986504550,0.072933622,-0.539815247,-0.130428731,-0.268150598,-8.838195801,1.145625472
154987765450,0.070271812,-0.539282918,-0.125105113,-0.263362199,-8.834604263,1.112106681
154989026350,0.066279091,-0.539282918,-0.124306574,-0.280121595,-8.832210541,1.073799491
154990287262,0.065480553,-0.533693075,-0.122443303,-0.284909993,-8.808268547,1.030703783
154991548175,0.065480553,-0.533693075,-0.120313853,-0.266953498,-8.839392662,1.077390790
154992809112,0.062020194,-0.533160746,-0.116587318,-0.258573800,-8.847772598,1.021126986
154994070025,0.061221652,-0.534491658,-0.113925509,-0.252588272,-8.838195801,1.027112484
154995330937,0.058559842,-0.529434204,-0.106472440,-0.244208574,-8.831012726,1.031900883
154996591850,0.057228934,-0.527304769,-0.109400429,-0.326808542,-8.865729332,0.972045898
154997852762,0.057495117,-0.529966533,-0.101148814,-0.265756398,-8.919598579,0.994790792
154999113675,0.055898029,-0.528901815,-0.093961924,-0.281318694,-8.927978516,1.006761789
155000374587,0.054300942,-0.525707662,-0.099019364,-0.318428814,-8.981847763,1.016338587
155001635500,0.054034762,-0.518520772,-0.095825195,-0.287304193,-9.011775017,1.027112484
155002896412,0.049509682,-0.521981120,-0.090501569,-0.289698422,-8.991424561,1.017535686
155004157337,0.046049330,-0.520916402,-0.092098661,-0.336385339,-9.052476883,0.979228497
155005418250,0.043653701,-0.517988384,-0.084645584,-0.329202741,-9.123106003,0.990002394
155006679162,0.044984605,-0.518786967,-0.079588145,-0.353144765,-9.125499725,0.992396593
155007940075,0.037531536,-0.509204447,-0.076926336,-0.342370838,-9.132682800,0.991199493
155009200975,0.035402086,-0.511866271,-0.070271812,-0.369904160,-9.166201591,0.986411095
155010461900,0.029812282,-0.510002971,-0.060955472,-0.337582439,-9.234436035,1.035492301
155011722812,0.025553385,-0.508672059,-0.056164213,-0.324414343,-9.244012833,1.058237195
155012983725,0.023690118,-0.510801494,-0.051372953,-0.357933164,-9.260772705,1.109712481
155014244637,0.022891574,-0.512398601,-0.049243502,-0.391451985,-9.269151688,1.095347285
155015505550,0.017834133,-0.506808817,-0.045516968,-0.397437483,-9.287108421,1.095347285
155016766462,0.013309055,-0.506542623,-0.037531536,-0.332794040,-9.319430351,1.089361787
155018027387,0.008783977,-0.503082275,-0.036999173,-0.330399841,-9.320627213,1.127668977
155019288287,0.008517795,-0.506542623,-0.030344645,-0.380678087,-9.309853554,1.103726983
155020549200,0.002129449,-0.502549887,-0.026618110,-0.377086759,-9.409213066,1.138442874
155021810112,-0.002927992,-0.497226298,-0.024488661,-0.338779539,-9.369708061,1.146822572
155023071025,-0.002395630,-0.501218975,-0.017301772,-0.402225882,-9.376891136,1.155202270
155024331950,-0.003992716,-0.499355733,-0.013042874,-0.363918662,-9.374496460,1.159990788
155025592862,-0.004258898,-0.493765920,-0.005057441,-0.325611442,-9.346963882,1.181538582
155026853775,-0.012510511,-0.493765920,-0.003726535,-0.343567938,-9.350554466,1.191115379
155028114687,-0.011179605,-0.493499756,0.002395630,-0.365115762,-9.416395187,1.201889277
155029375600,-0.009316338,-0.491104126,0.006388346,-0.320823044,-9.388861656,1.213860273
155030636512,-0.013309055,-0.488708496,0.007719252,-0.302866518,-9.375694275,1.179144382
155031897400,-0.017035590,-0.488974661,0.011179605,-0.353144765,-9.352949142,1.213860273
155033158337,-0.022093032,-0.487377584,0.015970865,-0.341173738,-9.375694275,1.204283476
155034419237,-0.020495944,-0.490039408,0.021294488,-0.380678087,-9.373299599,1.205480576
155035680162,-0.020495944,-0.489773214,0.024488661,-0.362721562,-9.398438454,1.209071875
155036941087,-0.022359211,-0.487377584,0.031409368,-0.314837515,-9.373299599,1.182735682
155038201987,-0.027682833,-0.486579031,0.033804998,-0.325611442,-9.366117477,1.216254473
155039462900,-0.025287203,-0.486579031,0.032474093,-0.324414343,-9.370905876,1.268926859
155040723812,-0.025553385,-0.486845225,0.040193345,-0.318428814,-9.348160744,1.237802267
155041984712,-0.027416652,-0.486046672,0.040725708,-0.299275219,-9.349357605,1.210268974
155043245637,-0.026085747,-0.486046672,0.043121338,-0.347159237,-9.330204010,1.136048675
155044506562,-0.024488661,-0.480190694,0.045516968,-0.287304193,-9.393650055,1.201889277
155045767475,-0.025287203,-0.475931793,0.047114052,-0.338779539,-9.344569206,1.264138460
155047028375,-0.025553385,-0.480190694,0.051106770,-0.293289721,-9.303868294,1.176750183
155048289300,-0.023956299,-0.482852519,0.051372953,-0.248996973,-9.331400871,1.237802267
155049550200,-0.020762125,-0.487377584,0.052171495,-0.254982471,-9.343372345,1.228225470
155050811112,-0.024488661,-0.483651042,0.055631850,-0.238223076,-9.301473618,1.213860273
155052072037,-0.026085747,-0.482320130,0.059358384,-0.258573800,-9.277531624,1.161187887
155053332937,-0.025021022,-0.484981954,0.063351102,-0.234631762,-9.258378029,1.216254473
155054593850,-0.027416652,-0.484981954,0.063617282,-0.233434662,-9.247604370,1.256955862
155055854762,-0.026351929,-0.479924500,0.067876182,-0.241814375,-9.264363289,1.197100878
155057115700,-0.024754841,-0.479924500,0.067876182,-0.204704240,-9.235632896,1.188721180
155058376600,-0.024488661,-0.481521606,0.067343816,-0.203507140,-9.180566788,1.255758762
155059637537,-0.024488661,-0.479924500,0.070271812,-0.220266551,-9.159018517,1.203086376
155060898437,-0.026618110,-0.477795064,0.067876182,-0.160411522,-9.126696587,1.222239971
155062159350,-0.024754841,-0.477528870,0.072933622,-0.172382519,-9.119514465,1.193509579
155063420250,-0.024222480,-0.482852519,0.073998347,-0.152031809,-9.153033257,1.183932781
155064681175,-0.018898858,-0.485780507,0.077458702,-0.173579618,-9.090784073,1.176750183
155065942087,-0.023956299,-0.488442302,0.071868896,-0.193930343,-9.106346130,1.136048675
155067203000,-0.026085747,-0.481255412,0.074264526,-0.160411522,-9.121908188,1.164779186
155068463900,-0.024222480,-0.479924500,0.072933622,-0.191536143,-9.083600998,1.127668977
155069724812,-0.019697402,-0.487377584,0.075595431,-0.222660765,-9.132682800,1.125274777
155070985725,-0.020495944,-0.487111390,0.072667442,-0.196324542,-9.112331390,1.074996591
155072246662,-0.019697402,-0.490305573,0.077724881,-0.234631762,-9.141061783,1.070208192
155073507562,-0.018100314,-0.485248148,0.075329252,-0.268150598,-9.170989990,1.098938584
155074768487,-0.026085747,-0.490305573,0.080386691,-0.209492654,-9.182960510,1.084573388
155076029400,-0.026085747,-0.486845225,0.078789607,-0.269347697,-9.241618156,1.083376288
155077290312,-0.025553385,-0.484981954,0.078789607,-0.274136096,-9.251195908,1.037886500
155078551225,-0.030078463,-0.489773214,0.081185237,-0.247799873,-9.307458878,1.049857497
155079812137,-0.031941731,-0.484715760,0.077458702,-0.296881020,-9.317035675,1.028309584
155081073050,-0.038596258,-0.482852519,0.077991061,-0.300472319,-9.381679535,1.114500880
155082333962,-0.041524250,-0.485780507,0.077192515,-0.278924495,-9.448717117,1.041477799
155083594875,-0.036999173,-0.485248148,0.082516141,-0.284909993,-9.501389503,1.035492301
155084855787,-0.042855155,-0.480723053,0.082516141,-0.368707061,-9.528923035,1.028309584
155086116700,-0.048178777,-0.480190694,0.087041214,-0.402225882,-9.661801338,1.043871999
155087377625,-0.049775865,-0.480456889,0.088105939,-0.383072287,-9.670180321,1.063025594
155088638537,-0.058826022,-0.479658335,0.092364840,-0.371101260,-9.714473724,1.059434295
155089899450,-0.063351102,-0.480190694,0.096091375,-0.373495460,-9.791088104,1.071405292
155091160350,-0.064682007,-0.476730347,0.098487005,-0.368707061,-9.828198433,1.071405292
155092421262,-0.073732160,-0.470874369,0.103810623,-0.355538964,-9.823410034,1.073799491
155093682200,-0.081983775,-0.472205251,0.109400429,-0.427365005,-9.855731010,1.078587890
155094943100,-0.093695745,-0.476730347,0.115522593,-0.434547603,-9.931148529,1.104924083
155096204012,-0.099817909,-0.468744904,0.124838933,-0.432153404,-9.931148529,1.125274777
155097464937,-0.107537165,-0.465816915,0.129097834,-0.444124430,-9.904812813,1.110909581
155098725850,-0.111529879,-0.466083109,0.132292002,-0.440533102,-9.943120003,1.139639974
155099986762,-0.120047674,-0.462622732,0.138147995,-0.414196908,-9.963470459,1.125274777
155101247675,-0.131227285,-0.460759461,0.140277430,-0.445321530,-9.951498985,1.140837073
155102508587,-0.139478892,-0.455968201,0.154917404,-0.424970806,-9.952696800,1.125274777
155103769512,-0.144802511,-0.458363831,0.159708664,-0.381875187,-9.965864182,1.139639974
155105030425,-0.154651210,-0.456500590,0.161305740,-0.405817181,-9.956287384,1.154005170
155106291325,-0.161838099,-0.450910777,0.168492630,-0.374692559,-9.951498985,1.157596588
155107552250,-0.169557363,-0.452241689,0.170888260,-0.391451985,-9.921571732,1.189918280
155108813150,-0.174880981,-0.447184235,0.183398768,-0.383072287,-9.940725327,1.149216771
155110074075,-0.181535512,-0.443457693,0.184197322,-0.348356336,-9.885659218,1.192312479
155111335000,-0.186859131,-0.442925334,0.189254761,-0.387860686,-9.873687744,1.161187887
155112595900,-0.195376918,-0.445320964,0.196974009,-0.361524463,-9.878476143,1.168370485
155113856825,-0.203628540,-0.437069356,0.203894719,-0.371101260,-9.858125687,1.192312479
155115117725,-0.204693258,-0.439731181,0.207621247,-0.354341865,-9.835380554,1.138442874
155116378637,-0.208419800,-0.438666433,0.211880147,-0.294486821,-9.787496567,1.164779186
155117639537,-0.215606689,-0.433609009,0.220131770,-0.298078120,-9.791088104,1.144428372
155118900462,-0.217203766,-0.429083914,0.226253927,-0.341173738,-9.813833237,1.151610970
155120161387,-0.225721568,-0.429616272,0.229181916,-0.324414343,-9.835380554,1.132457376
155121422287,-0.230779007,-0.429616272,0.237965897,-0.324414343,-9.831789017,1.142034173
155122683212,-0.230512828,-0.428285390,0.241958618,-0.335188240,-9.862914085,1.109712481
155123944112,-0.233706996,-0.429083914,0.250210226,-0.313640416,-9.871294022,1.097741485
155125205050,-0.240361527,-0.421098500,0.253670573,-0.318428814,-9.873687744,1.097741485
155126465937,-0.242490977,-0.420033753,0.262188375,-0.313640416,-9.880870819,1.082179189
155127726862,-0.244088069,-0.424026489,0.268310547,-0.276530296,-9.892841339,1.083376288
155128987775,-0.252605855,-0.419767588,0.270972341,-0.301669419,-9.903614998,1.079784989
155130248700,-0.260058939,-0.418436676,0.278159231,-0.288501292,-9.975441933,1.084573388
155131509600,-0.264850199,-0.417105764,0.287741750,-0.278924495,-10.014945984,1.064222693
155132770525,-0.270706177,-0.418702871,0.293065399,-0.302866518,-9.995792389,1.053448796
155134031437,-0.276828349,-0.416307241,0.299986094,-0.287304193,-10.043676376,1.059434295
155135292337,-0.284547597,-0.409652710,0.305842072,-0.295683920,-10.087968826,1.030703783
155136553275,-0.291468292,-0.409652710,0.311431885,-0.248996973,-10.068815231,1.104924083
155137814175,-0.294928640,-0.412048340,0.319151133,-0.260968000,-10.098742485,1.064222693
155139075100,-0.298655182,-0.406724721,0.330064565,-0.246602774,-10.134655952,1.083376288
155140336000,-0.307172984,-0.403796732,0.330596924,-0.283712894,-10.162189484,1.034295201
155141596912,-0.317021698,-0.405659974,0.338316172,-0.217872351,-10.123882294,1.059434295
155142857825,-0.319683492,-0.405393809,0.346035421,-0.259770900,-10.131064415,1.048660398
155144118750,-0.331661642,-0.403264344,0.351891398,-0.229843363,-10.143035889,1.097741485
155145379662,-0.335654348,-0.401401103,0.358013570,-0.199915841,-10.152612686,1.092953086
155146640562,-0.340179443,-0.397408366,0.358013570,-0.185550630,-10.138247490,1.133654475
155147901487,-0.345769227,-0.395012736,0.365466654,-0.140060797,-10.109517097,1.102529883
155149162412,-0.356948853,-0.396077454,0.374782979,-0.120907187,-10.125079155,1.107318282
155150423325,-0.357215017,-0.395545095,0.376380056,-0.038307227,-10.075998306,1.090558887
155151684225,-0.361740112,-0.395545095,0.384897858,-0.039504327,-10.029311180,1.092953086
155152945150,-0.368660808,-0.393149465,0.387293488,-0.022744916,-10.062829971,1.067813993
155154206062,-0.373718262,-0.391818583,0.384365499,0.027533319,-10.038887978,1.120486379
155155466975,-0.377444804,-0.396876007,0.390221477,0.056263741,-9.982624054,1.108515382
155156727875,-0.379840434,-0.398739278,0.399537832,0.090979666,-10.012551308,1.090558887
155157988800,-0.378243327,-0.395012736,0.402731985,0.105344877,-9.977835655,1.120486379
155159249725,-0.381437510,-0.397674561,0.405926168,0.172382519,-9.945513725,1.127668977
155160510625,-0.384365499,-0.398473084,0.409386516,0.108936176,-9.891644478,1.126471877
155161771550,-0.380638957,-0.397940725,0.408854157,0.156820208,-9.923966408,1.097741485
155163032437,-0.381171316,-0.398473084,0.407789439,0.189141929,-9.838972092,1.155202270
155164293375,-0.379308045,-0.402465820,0.409918875,0.196324542,-9.847352028,1.136048675
155165554312,-0.381171316,-0.405393809,0.411249787,0.228646263,-9.795876503,1.127668977
155166815200,-0.378775686,-0.405393809,0.411249787,0.259770900,-9.819818497,1.108515382
155168076125,-0.377444804,-0.408854157,0.411782146,0.265756398,-9.809044838,1.116895080
155169337025,-0.378243327,-0.409386516,0.407523245,0.225054964,-9.819818497,1.146822572
155170597937,-0.376912415,-0.414976329,0.407523245,0.270544797,-9.769539833,1.098938584
155171858850,-0.374782979,-0.415508687,0.408854157,0.237025976,-9.777919769,1.118092179
155173119775,-0.370790273,-0.415508687,0.408854157,0.248996973,-9.773131371,1.143231273
155174380700,-0.362272471,-0.419767588,0.409918875,0.201112941,-9.767146111,1.151610970
155175641600,-0.360675395,-0.424026489,0.404861450,0.251391172,-9.764751434,1.157596588
155176902525,-0.356416494,-0.424026489,0.402199626,0.217872351,-9.785102844,1.158793688
155178163425,-0.348431051,-0.428551555,0.400070190,0.196324542,-9.841365814,1.168370485
155179424350,-0.339913249,-0.436803162,0.395012736,0.217872351,-9.855731010,1.113303781
155180685262,-0.340179443,-0.435738444,0.391818583,0.181959331,-9.864110947,1.162384987
155181946175,-0.330863088,-0.437069356,0.397142202,0.167594120,-9.852140427,1.200692177
155183207100,-0.327668935,-0.443990052,0.397940725,0.162805721,-9.855731010,1.167173386
155184467987,-0.316755503,-0.451443136,0.391286194,0.225054964,-9.922768593,1.229422569
155185728937,-0.309302419,-0.449313700,0.387027323,0.207098454,-9.965864182,1.209071875
155186989825,-0.305575907,-0.451975495,0.385164052,0.201112941,-10.014945984,1.173158884
155188250737,-0.295993388,-0.455435842,0.385430217,0.177170932,-10.061633110,1.155202270
155189511650,-0.289605021,-0.460759461,0.381969869,0.181959331,-10.085575104,1.182735682
155190772587,-0.285346121,-0.464752197,0.383300781,0.159214407,-10.133459091,1.191115379
155192033500,-0.274698883,-0.465018362,0.382236063,0.116118781,-10.146626472,1.215057373
155193294387,-0.269641459,-0.467680186,0.378243327,0.083797060,-10.195708275,1.221042871
155194555300,-0.262986928,-0.471672893,0.379574239,0.134075299,-10.218453407,1.276109457
155195816212,-0.257397115,-0.478593618,0.370524079,0.124498487,-10.229227066,1.228225470
155197077137,-0.248879328,-0.483384877,0.375049174,0.087388359,-10.286687851,1.246181965
155198338062,-0.243555695,-0.487377584,0.373185903,0.090979666,-10.321403503,1.300051570
155199598962,-0.238764435,-0.486312866,0.369725525,0.050278235,-10.330980301,1.298854470
155200859862,-0.231311366,-0.486312866,0.373185903,0.044292733,-10.346542358,1.292868972
155202120787,-0.227584839,-0.491104126,0.375847697,0.033518825,-10.377667427,1.262941360
155203381712,-0.219865590,-0.495096833,0.372653544,0.023942018,-10.381258965,1.329979062
155204642612,-0.216405228,-0.495629191,0.370257914,-0.053869538,-10.371682167,1.304839969
155205903525,-0.212146327,-0.496427745,0.369193166,-0.025139118,-10.430339813,1.328781962
155207164450,-0.207621247,-0.498291016,0.366265178,-0.033518825,-10.424354553,1.313219666
155208425387,-0.202297628,-0.503614604,0.364934266,-0.061052144,-10.431536674,1.260547161
155209686300,-0.194312200,-0.507075012,0.369459361,-0.122104287,-10.460267067,1.282095075
155210947200,-0.186326772,-0.504945517,0.369193166,-0.124498487,-10.460267067,1.321599364
155212208125,-0.182334051,-0.506010234,0.367329895,-0.154426008,-10.404003143,1.273715258
155213469012,-0.176744252,-0.508672059,0.371854991,-0.144849211,-10.460267067,1.292868972
155214729937,-0.172219172,-0.508938253,0.367596090,-0.202310041,-10.405200958,1.237802267
155215990862,-0.170622081,-0.508139729,0.361473918,-0.270544797,-10.387244225,1.241393566
155217251775,-0.165032282,-0.512664795,0.368128449,-0.257376671,-10.393229485,1.248576164
155218512700,-0.161838099,-0.514261901,0.365200460,-0.296881020,-10.429142952,1.234210968
155219773600,-0.155982122,-0.513729513,0.361473918,-0.335188240,-10.407594681,1.199495077
155221034525,-0.150658503,-0.516923666,0.364135742,-0.292092621,-10.366893768,1.210268974
155222295425,-0.145601064,-0.512398601,0.364135742,-0.337582439,-10.401609421,1.200692177
155223556337,-0.143205434,-0.513729513,0.365200460,-0.374692559,-10.417171478,1.170764685
155224817237,-0.140277430,-0.514528036,0.367063731,-0.397437483,-10.474632263,1.156399488
155226078162,-0.129630193,-0.512398601,0.360409200,-0.445321530,-10.439916611,1.179144382
155227339075,-0.128299281,-0.512398601,0.365200460,-0.457292527,-10.364499092,1.159990788
155228600000,-0.121644758,-0.516923666,0.365466654,-0.469263524,-10.375272751,1.211466074
155229860912,-0.117119685,-0.511866271,0.364401907,-0.463278025,-10.360907555,1.203086376
155231121850,-0.114724055,-0.512664795,0.363603383,-0.458489627,-10.381258965,1.173158884
155232382750,-0.110465154,-0.514261901,0.368660808,-0.475249052,-10.378864288,1.167173386
155233643675,-0.107803345,-0.514528036,0.369459361,-0.514753342,-10.383652687,1.192312479
155234904587,-0.107537165,-0.512398601,0.373185903,-0.511162043,-10.326191902,1.171961784
155236165475,-0.100084089,-0.513197124,0.375847697,-0.559046090,-10.351330757,1.136048675
155237426400,-0.098487005,-0.512398601,0.375049174,-0.551863492,-10.297461510,1.134851575
155238687312,-0.088105939,-0.511600077,0.380905151,-0.530315697,-10.351330757,1.140837073
155239948225,-0.086775035,-0.511600077,0.380638957,-0.544680893,-10.326191902,1.142034173
155241209150,-0.084645584,-0.512398601,0.388624400,-0.597353339,-10.301053047,1.174355984
155242470062,-0.079321966,-0.509736776,0.386228770,-0.563834488,-10.269927979,1.169567585
155243730962,-0.074530706,-0.511600077,0.387559682,-0.556651890,-10.290279388,1.189918280
155244991875,-0.077192515,-0.511600077,0.392883301,-0.566228688,-10.291476250,1.182735682
155246252800,-0.073998347,-0.513995707,0.395545095,-0.533906996,-10.340557098,1.159990788
155247513725,-0.068142362,-0.513729513,0.397674561,-0.591367841,-10.363302231,1.205480576
155248774637,-0.065214366,-0.508672059,0.397408366,-0.591367841,-10.324995041,1.125274777
155250035562,-0.062818736,-0.506010234,0.406458527,-0.615309834,-10.374075890,1.131260276
155251296462,-0.061754014,-0.507873535,0.411249787,-0.614112735,-10.388441086,1.212663174
155252557375,-0.060955472,-0.506808817,0.407789439,-0.606930137,-10.360907555,1.165976286
155253818287,-0.056430392,-0.511333883,0.409918875,-0.579396844,-10.326191902,1.138442874
155255079200,-0.056696571,-0.508139729,0.417371958,-0.614112735,-10.321403503,1.157596588
155256340112,-0.056430392,-0.506276429,0.421098500,-0.705092430,-10.345345497,1.174355984
155257601037,-0.054833304,-0.505477905,0.423494130,-0.715866327,-10.314221382,1.164779186
155258861950,-0.055898029,-0.501218975,0.425623566,-0.664390981,-10.311826706,1.163582087
155260122837,-0.051639132,-0.501218975,0.428551555,-0.650025785,-10.255562782,1.176750183
155261383775,-0.052437674,-0.499621928,0.433342814,-0.636857629,-10.281899452,1.167173386
155262644687,-0.054567125,-0.496960104,0.431479543,-0.673967779,-10.237607002,1.131260276
155263905625,-0.050840590,-0.498291016,0.434673727,-0.639251888,-10.257957458,1.143231273
155265166512,-0.055365667,-0.494830668,0.437335551,-0.682347476,-10.249577522,1.161187887
155266427425,-0.053236220,-0.492435038,0.435206085,-0.671573579,-10.248380661,1.137245774
155267688350,-0.054567125,-0.490305573,0.434407532,-0.687135875,-10.241197586,1.138442874
155268949262,-0.058293659,-0.491902649,0.433875173,-0.676361978,-10.177751541,1.156399488
155270210175,-0.059092201,-0.489773214,0.436270803,-0.650025785,-10.188525200,1.110909581
155271471100,-0.059624564,-0.488974661,0.440529704,-0.691924274,-10.206481934,1.132457376
155272732012,-0.057495117,-0.487643778,0.441062063,-0.682347476,-10.121487617,1.146822572
155273992925,-0.059358384,-0.486312866,0.438134074,-0.656011283,-10.164583206,1.124077678
155275253850,-0.059624564,-0.485514313,0.439198792,-0.635660529,-10.150218010,1.139639974
155276514750,-0.059890747,-0.479658335,0.438400269,-0.657208383,-10.101137161,1.149216771
155277775662,-0.058559842,-0.479658335,0.439731181,-0.689530075,-10.121487617,1.192312479
155279036575,-0.062286377,-0.478593618,0.441062063,-0.667982280,-10.111910820,1.148019671
155280297487,-0.067876182,-0.476730347,0.438134074,-0.658405483,-10.075998306,1.108515382
155281558412,-0.069473267,-0.474867076,0.440263540,-0.652419984,-10.052056313,1.151610970
155282819325,-0.070537992,-0.470075816,0.440529704,-0.678756177,-10.036493301,1.119289279
155284080250,-0.069473267,-0.473536164,0.436270803,-0.657208383,-9.999383926,1.112106681
155285341150,-0.076393977,-0.467147827,0.433875173,-0.695515573,-10.028114319,1.136048675
155286602075,-0.077724881,-0.463421285,0.439464986,-0.676361978,-10.032902718,1.139639974
155287862987,-0.079055786,-0.462090373,0.436803162,-0.656011283,-10.002974510,1.120486379
155289123887,-0.080919050,-0.462090373,0.433342814,-0.695515573,-10.024522781,1.154005170
155290384812,-0.084379405,-0.460493296,0.432278097,-0.672770679,-10.001777649,1.127668977
155291645737,-0.087307401,-0.455435842,0.430947185,-0.755370617,-9.991003990,1.118092179
155292906637,-0.084113225,-0.455435842,0.422163218,-0.737414122,-10.059238434,1.074996591
155294167562,-0.083847046,-0.456234396,0.422429383,-0.679953277,-10.077195168,1.154005170
155295428475,-0.082249962,-0.449846059,0.418702871,-0.773327172,-10.123882294,1.106121182
155296689400,-0.076393977,-0.453040212,0.413379252,-0.768538773,-10.201693535,1.103726983
155297950287,-0.080120511,-0.445320964,0.410983622,-0.836773515,-10.244789124,1.115697980
155299211212,-0.080652870,-0.443191528,0.408854157,-0.788889468,-10.357316971,1.143231273
155300472137,-0.081717595,-0.444256246,0.408055604,-0.757764816,-10.414777756,1.121683478
155301733037,-0.077724881,-0.444256246,0.403530538,-0.803254664,-10.516530991,1.187524080
155302993962,-0.071868896,-0.445054799,0.406990886,-0.816422760,-10.595540047,1.140837073
155304254862,-0.077192515,-0.447982788,0.402998179,-0.877474904,-10.668562889,1.182735682
155305515787,-0.068940900,-0.444256246,0.397674561,-0.812831461,-10.764330864,1.179144382
155306776712,-0.068674721,-0.443990052,0.397142202,-0.837970614,-10.844536781,1.235408068
155308037612,-0.060156927,-0.443191528,0.400868714,-0.847547412,-10.975020409,1.271321058
155309298537,-0.057228934,-0.445320964,0.402731985,-0.822408319,-11.089941978,1.282095075
155310559450,-0.051905312,-0.443457693,0.405393809,-0.822408319,-11.207258224,1.310825467
155311820375,-0.047646414,-0.449047506,0.400868714,-0.800860465,-11.295844078,1.352723956
155313081275,-0.046049330,-0.452774048,0.402465820,-0.774524271,-11.434707642,1.364694953
155314342187,-0.046581693,-0.448515147,0.409652710,-0.729034424,-11.493365288,1.380257249
155315603100,-0.042322792,-0.446385682,0.406458527,-0.697909772,-11.528080940,1.397016644
155316864012,-0.040725708,-0.451709330,0.412048340,-0.672770679,-11.615469933,1.444900751
155318124925,-0.038596258,-0.453040212,0.415774882,-0.654814184,-11.664550781,1.483207941
155319385850,-0.038063895,-0.458097667,0.420832306,-0.592564940,-11.707646370,1.513135433
155320646762,-0.039128620,-0.453838766,0.423760295,-0.587776542,-11.689689636,1.569399238
155321907662,-0.042855155,-0.456500590,0.428817749,-0.561440289,-11.700464249,1.617283225
155323168587,-0.043919880,-0.455968201,0.430681020,-0.535104096,-11.722011566,1.685518026
155324429500,-0.045250785,-0.455968201,0.433875173,-0.480037451,-11.674127579,1.703474522
155325690412,-0.045783147,-0.461558014,0.441328257,-0.434547603,-11.617863655,1.766920924
155326951350,-0.044452243,-0.463953644,0.443723887,-0.432153404,-11.536460876,1.825578809
155328212262,-0.048711140,-0.463953644,0.443457693,-0.411802709,-11.514913559,1.838746905
155329473175,-0.050308228,-0.470608175,0.450112224,-0.430956304,-11.458649635,1.857900500
155330734100,-0.048977323,-0.474334717,0.456500590,-0.421379507,-11.367670059,1.837549806
155331994987,-0.051905312,-0.477528870,0.455169678,-0.333991140,-11.317391396,1.826775908
155333255925,-0.046847872,-0.477262706,0.453306407,-0.371101260,-11.245565414,1.847126603
155334516812,-0.042056613,-0.480190694,0.444256246,-0.398634583,-11.189301491,1.811213613
155335777737,-0.043653701,-0.482586324,0.446385682,-0.383072287,-11.128249168,1.796848416
155337038662,-0.032740276,-0.483917236,0.447716594,-0.415394008,-11.036072731,1.780089021
155338299562,-0.023690118,-0.492967397,0.448781312,-0.385466486,-10.982203484,1.784877419
155339560487,-0.014373779,-0.503082275,0.444788605,-0.405817181,-10.933121681,1.764526725
155340821387,-0.010647244,-0.504413188,0.441062063,-0.399831682,-10.924742699,1.766920924
155342082325,0.000798543,-0.509204447,0.440529704,-0.422576606,-10.911574364,1.751358509
155343343237,0.013309055,-0.515326619,0.436270803,-0.436941803,-10.913968086,1.769315124
155344604137,0.028747559,-0.525175273,0.430681020,-0.404620081,-10.948684692,1.746570110
155345865075,0.035135906,-0.529434204,0.428285390,-0.448912829,-10.947487831,1.733402014
155347125987,0.040725708,-0.532894552,0.428019196,-0.462080926,-11.039664268,1.713051319
155348386887,0.052171495,-0.536887288,0.425889760,-0.472854853,-11.024102211,1.741781712
155349647825,0.068408541,-0.541678548,0.420832306,-0.471657753,-11.092336655,1.801636815
155350908712,0.075329252,-0.545671225,0.415774882,-0.471657753,-11.145009041,1.867477298
155352169637,0.084379405,-0.549397767,0.413379252,-0.477643251,-11.182119370,1.904587507
155353430562,0.093163386,-0.556584656,0.409120351,-0.471657753,-11.253945351,1.909375906
155354691462,0.100350276,-0.562706828,0.409386516,-0.478840351,-11.264719009,1.946485996
155355952387,0.108335704,-0.560311198,0.402998179,-0.482431650,-11.328165054,1.999158382
155357213287,0.113393143,-0.566433370,0.401667267,-0.474051952,-11.335348129,2.062604666
155358474212,0.116321139,-0.570426106,0.401933461,-0.452504128,-11.331756592,2.108094692
155359735112,0.119249128,-0.573087871,0.402199626,-0.397437483,-11.330559731,2.126051188
155360996050,0.120580032,-0.571490824,0.392084748,-0.407014281,-11.378443718,2.236184359
155362256950,0.121112399,-0.570958436,0.388890564,-0.366312861,-11.341333389,2.236184359
155363517862,0.123774208,-0.574951172,0.390221477,-0.328005642,-11.269507408,2.294842243
155364778787,0.120047674,-0.570958436,0.386494935,-0.326808542,-11.191696167,2.367865562
155366039700,0.120580032,-0.576548278,0.382768422,-0.310049117,-11.145009041,2.406172752
155367300600,0.114457868,-0.578411520,0.380638957,-0.254982471,-11.092336655,2.421735048
155368561525,0.112328425,-0.574951172,0.377710968,-0.271741897,-10.941501617,2.372653961
155369822450,0.106738620,-0.576548278,0.372653544,-0.244208574,-10.838551521,2.431311846
155371083375,0.104342990,-0.576548278,0.364668101,-0.221463665,-10.696096420,2.415749550
155372344275,0.100882635,-0.573354065,0.364401907,-0.241814375,-10.570400238,2.416946650
155373605187,0.098487005,-0.572821736,0.353222311,-0.277727395,-10.503362656,2.409764051
155374866112,0.093695745,-0.577346802,0.351625234,-0.240617275,-10.354922295,2.333149672
155376127012,0.095026650,-0.576015890,0.345236868,-0.208295554,-10.214861870,2.397793055
155377387937,0.092364840,-0.575749695,0.327668935,-0.228646263,-10.145429611,2.377442360
155378648850,0.093695745,-0.580540955,0.322611481,-0.215478152,-9.993397713,2.340332270
155379909775,0.089969210,-0.582936585,0.318618774,-0.234631762,-9.951498985,2.306813240
155381170675,0.086775035,-0.577080607,0.309834808,-0.219069451,-9.825803757,2.263717651
155382431600,0.095559016,-0.575749695,0.299453735,-0.250194073,-9.756372452,2.201468468
155383692512,0.104076810,-0.585598409,0.292533010,-0.196324542,-9.694122314,2.196680069
155384953425,0.107270978,-0.590123475,0.282950491,-0.143652096,-9.662998199,2.190694571
155386214350,0.114191689,-0.592785299,0.272303253,-0.083797060,-9.660603523,2.231395960
155387475250,0.121378578,-0.594116211,0.267778188,-0.147243410,-9.651026726,2.127248287
155388736150,0.124572754,-0.595180929,0.260325104,-0.114921682,-9.617507935,2.155978680
155389997087,0.131493464,-0.605561972,0.247016057,-0.086191259,-9.605537415,2.165555477
155391257987,0.137083262,-0.612482727,0.236901179,-0.101753570,-9.631873131,2.155978680
155392518925,0.135486171,-0.611151814,0.233440816,-0.039504327,-9.657012939,2.190694571
155393779825,0.149327591,-0.612482727,0.226520106,-0.044292733,-9.726444244,2.193088770
155395040762,0.153586492,-0.617540121,0.219865590,0.007182605,-9.686940193,2.220622063
155396301650,0.154118851,-0.623396099,0.214808136,-0.009576807,-9.800664902,2.248155355
155397562562,0.160241023,-0.622863770,0.213477239,-0.008379706,-9.849745750,2.248155355
155398823487,0.161305740,-0.629252136,0.209484518,0.027533319,-9.915586472,2.309207439
155400084412,0.164499924,-0.634841919,0.200700551,0.043095630,-9.976638794,2.321178675
155401345325,0.163967550,-0.636439025,0.196974009,0.079008654,-10.047267914,2.360682964
155402606225,0.163967550,-0.642561138,0.195376918,-0.026336219,-10.085575104,2.389413357
155403867162,0.164233729,-0.648949504,0.189520940,0.015562311,-10.128670692,2.463633537
155405128062,0.155982122,-0.653208435,0.189254761,0.051475339,-10.128670692,2.452859640
155406388987,0.159176290,-0.652676046,0.190319479,0.040701430,-10.145429611,2.466027737
155407649912,0.153852671,-0.655071676,0.184995860,0.055066638,-10.207678795,2.482787132
155408910812,0.147996694,-0.660395324,0.184463501,0.087388359,-10.200496674,2.506729126
155410171712,0.144536331,-0.660927653,0.184197322,0.038307227,-10.146626472,2.507926226
155411432650,0.139745072,-0.665718913,0.186060578,0.045489833,-10.143035889,2.463633537
155412693550,0.130428731,-0.670510173,0.183132589,0.053869538,-10.111910820,2.516305923
155413954475,0.124838933,-0.669445455,0.185794398,-0.037110128,-10.060435295,2.525882721
155415215387,0.122443303,-0.671042562,0.196175471,0.029927522,-9.994595528,2.536656618
155416476300,0.113659330,-0.674502909,0.192981288,-0.019153614,-9.883264542,2.494758129
155417737212,0.111263700,-0.680092692,0.190851837,-0.026336219,-9.858125687,2.458845139
155418998125,0.103810623,-0.683553040,0.196974009,-0.086191259,-9.774328232,2.446874142
155420259037,0.095559016,-0.681689799,0.195376918,-0.102950677,-9.666589737,2.421735048
155421519962,0.092098661,-0.683553040,0.193779841,-0.117315881,-9.647436142,2.448071241
155422780875,0.094760470,-0.688344300,0.194312200,-0.142454997,-9.609128952,2.477998734
155424041800,0.089703031,-0.691006124,0.193247467,-0.128089786,-9.549273491,2.418143749
155425302712,0.084379405,-0.687545776,0.187923849,-0.159214407,-9.530119896,2.364274263
155426563637,0.086242676,-0.690739930,0.190053299,-0.219069451,-9.436745644,2.311601877
155427824537,0.087839760,-0.699790120,0.197506368,-0.238223076,-9.433155060,2.246958256
155429085437,0.086775035,-0.700854838,0.195110738,-0.269347697,-9.375694275,2.294842243
155430346375,0.085444130,-0.700322449,0.192981288,-0.251391172,-9.327810287,2.274491549
155431607287,0.087307401,-0.704847515,0.192981288,-0.311246216,-9.325415611,2.225410461
155432868200,0.091832474,-0.702718079,0.197240189,-0.324414343,-9.302670479,2.227804661
155434129112,0.091566294,-0.706178427,0.195909292,-0.324414343,-9.278728485,2.195482969
155435390025,0.091566294,-0.711502075,0.200966731,-0.339976639,-9.229647636,2.203862667
155436650950,0.093429565,-0.712300599,0.199635819,-0.301669419,-9.275137901,2.201468468
155437911850,0.099019364,-0.713897705,0.203096181,-0.314837515,-9.239224434,2.227804661
155439172787,0.101947360,-0.715228617,0.206290349,-0.310049117,-9.190143585,2.199074268
155440433700,0.101148814,-0.716825664,0.210549250,-0.387860686,-9.197325706,2.262520552
155441694600,0.101148814,-0.715494752,0.209484518,-0.429759204,-9.215282440,2.257732153
155442955525,0.106738620,-0.719753683,0.211880147,-0.433350503,-9.234436035,2.278082848
155444216437,0.108868070,-0.722415507,0.214009598,-0.474051952,-9.271546364,2.311601877
155445477350,0.113925509,-0.720552206,0.214275777,-0.496796846,-9.284714699,2.354697466
155446738262,0.118184403,-0.716825664,0.219333217,-0.517147601,-9.295488358,2.361880064
155447999162,0.126702204,-0.721883118,0.215872869,-0.532709897,-9.336189270,2.348711967
155449260100,0.125637472,-0.724012554,0.216405228,-0.521935999,-9.330204010,2.372653961
155450521025,0.127500743,-0.721350789,0.219333217,-0.556651890,-9.416395187,2.371456861
155451781912,0.134155273,-0.721616924,0.224390656,-0.603338838,-9.445125580,2.406172752
155453042837,0.141608343,-0.726142049,0.229980469,-0.592564940,-9.461885452,2.412158251
155454303762,0.147198141,-0.722149312,0.227318659,-0.665588081,-9.545681953,2.400187254
155455564675,0.151190862,-0.725077271,0.228649557,-0.632069230,-9.545681953,2.414552450
155456825600,0.155183583,-0.727472901,0.227052480,-0.648828685,-9.581595421,2.413355350
155458086512,0.161039561,-0.729070008,0.231577545,-0.640448987,-9.580398560,2.474407434
155459347425,0.161838099,-0.728537679,0.239562988,-0.654814184,-9.568427086,2.456450939
155460608325,0.165830821,-0.730134726,0.240893885,-0.623689532,-9.599552155,2.468421936
155461869250,0.170355901,-0.726940572,0.244354248,-0.636857629,-9.538499832,2.481590033
155463130162,0.176478058,-0.727206767,0.251541138,-0.650025785,-9.551668167,2.510320425
155464391087,0.176211879,-0.731199443,0.252073497,-0.634463429,-9.538499832,2.497152328
155465652012,0.177808970,-0.725343466,0.255800039,-0.628477931,-9.527726173,2.495955229
155466912912,0.180204600,-0.722149312,0.254735321,-0.648828685,-9.501389503,2.507926226
155468173837,0.180204600,-0.724811137,0.255267680,-0.597353339,-9.463082314,2.584540844
155469434750,0.179406062,-0.721616924,0.258728027,-0.623689532,-9.382876396,2.574964046
155470695650,0.185528219,-0.720552206,0.257397115,-0.635660529,-9.369708061,2.570175648
155471956575,0.183398768,-0.717624247,0.258994192,-0.696712673,-9.309853554,2.609679937
155473217500,0.185262039,-0.716293335,0.256864756,-0.688332975,-9.228450775,2.590526342
155474478400,0.186859131,-0.718688965,0.249677867,-0.712275028,-9.150638580,2.606088638
155475739325,0.186326772,-0.712300599,0.246483698,-0.633266330,-9.114726067,2.583343744
155477000250,0.185262039,-0.713631511,0.248346955,-0.751779318,-9.054870605,2.523488522
155478261137,0.183931142,-0.713365316,0.240095347,-0.725443125,-8.966285706,2.533065319
155479522075,0.188190028,-0.709372640,0.234771729,-0.715866327,-8.929175377,2.545036316
155480782987,0.191650391,-0.707775533,0.228649557,-0.715866327,-8.870517731,2.524685621
155482043912,0.191118032,-0.710703492,0.219865590,-0.733822823,-8.834604263,2.516305923
155483304825,0.189787120,-0.711235881,0.214541957,-0.800860465,-8.728062630,2.481590033
155484565737,0.197240189,-0.708840251,0.207621247,-0.787692368,-8.704120636,2.498349428
155485826637,0.195376918,-0.706178427,0.201765269,-0.766144574,-8.607154846,2.485181332
155487087575,0.197506368,-0.703250468,0.193513662,-0.779312670,-8.579622269,2.388216257
155488348475,0.204693258,-0.700854838,0.187923849,-0.793677866,-8.536526680,2.420537949
155489609412,0.208419800,-0.700588644,0.182600230,-0.788889468,-8.492233276,2.336740971
155490870300,0.210549250,-0.700588644,0.170089722,-0.797269166,-8.469488144,2.349909067
155492131212,0.211613968,-0.698193014,0.158910111,-0.775721371,-8.437167168,2.361880064
155493392150,0.214275777,-0.691804647,0.151989400,-0.798466265,-8.416815758,2.339135170
155494653062,0.220131770,-0.692869365,0.151190862,-0.812831461,-8.374917984,2.339135170
155495913975,0.220397949,-0.694466472,0.145068690,-0.769735873,-8.404845238,2.305616140
155497174875,0.222793579,-0.690207601,0.136817083,-0.790086567,-8.347384453,2.313996077
155498435800,0.222527400,-0.690473735,0.126702204,-0.746990919,-8.409633636,2.319981575
155499696725,0.225455388,-0.686747193,0.124838933,-0.760159075,-8.366538048,2.262520552
155500957637,0.227052480,-0.684351563,0.111796059,-0.773327172,-8.333019257,2.292448044
155502218537,0.227318659,-0.682222128,0.110198975,-0.720654726,-8.389283180,2.284068346
155503479487,0.227318659,-0.679826498,0.102745906,-0.699106872,-8.408436775,2.312798977
155504740375,0.227851018,-0.680891216,0.095825195,-0.688332975,-8.441955566,2.256535053
155506001300,0.227052480,-0.686481059,0.092098661,-0.718260527,-8.432378769,2.234987259
155507262212,0.222261220,-0.679027975,0.088105939,-0.714669228,-8.469488144,2.270900249
155508523150,0.225455388,-0.676099956,0.082782321,-0.673967779,-8.522161484,2.293645144
155509784037,0.222527400,-0.679294169,0.085177951,-0.661996782,-8.596381187,2.246958256
155511044962,0.221728846,-0.678495586,0.079321966,-0.666785181,-8.613141060,2.234987259
155512305875,0.221462667,-0.677697062,0.072135076,-0.646434486,-8.617929459,2.230198860
155513566800,0.216139048,-0.677697062,0.061754014,-0.630872130,-8.716091156,2.294842243
155514827712,0.212678701,-0.678229451,0.060156927,-0.642843187,-8.757989883,2.260126352
155516088625,0.204427078,-0.674769044,0.054034762,-0.624886632,-8.810662270,2.242169857
155517349550,0.205491811,-0.677430868,0.052171495,-0.612915635,-8.799888611,2.231395960
155518610437,0.205225617,-0.677430868,0.055365667,-0.623689532,-8.864531517,2.288856745
155519871375,0.197240189,-0.678495586,0.048178777,-0.598550439,-8.864531517,2.218227863
155521132300,0.188190028,-0.678761780,0.042588975,-0.642843187,-8.951920509,2.223016262
155522393212,0.184995860,-0.674236715,0.043387517,-0.577002585,-8.961497307,2.215833664
155523654112,0.181003138,-0.679027975,0.043121338,-0.604535937,-9.008184433,2.207453966
155524915025,0.174880981,-0.677430868,0.038862441,-0.571017087,-9.002198219,2.226607561
155526175962,0.170622081,-0.675301433,0.034869723,-0.620098233,-9.021351814,2.288856745
155527436875,0.166363180,-0.676366150,0.029546101,-0.597353339,-9.023746490,2.264914751
155528697775,0.160507202,-0.673970520,0.026085747,-0.609324336,-9.063250542,2.273294449
155529958687,0.154651210,-0.676898539,0.020762125,-0.599747539,-9.059659004,2.250549555
155531219625,0.153054133,-0.677164674,0.021028306,-0.563834488,-9.038111687,2.231395960
155532480537,0.140277430,-0.672639608,0.018366495,-0.597353339,-8.995016098,2.223016262
155533741450,0.136817083,-0.673704326,0.014906141,-0.553060591,-9.029731750,2.250549555
155535002362,0.128565475,-0.670243979,0.014373779,-0.578199744,-8.977059364,2.262520552
155536263275,0.121644758,-0.675301433,0.010114881,-0.521935999,-8.992621422,2.238578558
155537524200,0.117385864,-0.673704326,0.010913425,-0.545877993,-8.986636162,2.236184359
155538785125,0.112860784,-0.669977784,0.007453070,-0.511162043,-8.967482567,2.184709072
155540046025,0.109400429,-0.672639608,0.006920708,-0.512359142,-8.937555313,2.190694571
155541306937,0.100882635,-0.676366150,0.002661811,-0.538695395,-8.911218643,2.202665567
155542567850,0.093695745,-0.678761780,0.001863268,-0.492008448,-8.863334656,2.175132275
155543828762,0.091033936,-0.676366150,-0.000532362,-0.573411286,-8.890868187,2.145204782
155545089687,0.082516141,-0.677430868,-0.001597087,-0.513556242,-8.886079788,2.111685991
155546350600,0.077192515,-0.675567627,-0.005589803,-0.497993946,-8.820239067,2.060210466
155547611537,0.073732160,-0.679027975,-0.007719252,-0.464475125,-8.848969460,2.026691675
155548872437,0.068940900,-0.679294169,-0.008251614,-0.489614248,-8.785523415,2.030282974
155550133337,0.067343816,-0.680625081,-0.008251614,-0.497993946,-8.810662270,2.102109194
155551394275,0.062818736,-0.683553040,-0.016237047,-0.507570744,-8.766369820,2.056619167
155552655187,0.054567125,-0.684085429,-0.014373779,-0.502782345,-8.761581421,2.080561399
155553916087,0.051372953,-0.686747193,-0.018100314,-0.464475125,-8.772355080,2.014720678
155555177012,0.047380235,-0.693401754,-0.018100314,-0.507570744,-8.747216225,2.017114878
155556437925,0.041524250,-0.688610494,-0.023157755,-0.424970806,-8.732851028,1.978807688
155557698875,0.036200628,-0.687811971,-0.023956299,-0.465672225,-8.752004623,2.019509077
155558959775,0.032474093,-0.692603230,-0.022359211,-0.439336002,-8.714894295,1.994369984
155560220675,0.029279921,-0.691006124,-0.022359211,-0.470460624,-8.716091156,2.032677174
155561481600,0.026351929,-0.691538453,-0.029279921,-0.439336002,-8.651448250,1.980004787
155562742512,0.025021022,-0.697660625,-0.031409368,-0.475249052,-8.680178642,2.009932280
155564003412,0.012510511,-0.698459208,-0.030877007,-0.384269387,-8.663418770,2.023100376
155565264362,0.012244331,-0.699257731,-0.029812282,-0.380678087,-8.609549522,1.968033791
155566525275,0.012776692,-0.699523926,-0.036466811,-0.392649084,-8.611943245,2.012326479
155567786150,0.002661811,-0.697394490,-0.038596258,-0.392649084,-8.565257072,2.007538080
155569047100,-0.000798543,-0.699790120,-0.040193345,-0.404620081,-8.597578049,2.011129379
155570308000,-0.004525078,-0.699790120,-0.042056613,-0.357933164,-8.573636055,2.031480074
155571568937,-0.009582520,-0.702984273,-0.044718422,-0.351947665,-8.549694061,1.969230890
155572829850,-0.016769409,-0.705379903,-0.050574407,-0.393846184,-8.489839554,1.993172884
155574090750,-0.022625392,-0.708840251,-0.047646414,-0.368707061,-8.503006935,2.011129379
155575351675,-0.024488661,-0.714163899,-0.049509682,-0.353144765,-8.449137688,1.911770105
155576612587,-0.028215196,-0.711235881,-0.053502399,-0.349553436,-8.435969353,1.924938202
155577873512,-0.031143188,-0.711502075,-0.054567125,-0.379480958,-8.380903244,1.922544003
155579134412,-0.036200628,-0.711502075,-0.059890747,-0.339976639,-8.385691643,1.924938202
155580395337,-0.038596258,-0.712832987,-0.058826022,-0.336385339,-8.347384453,1.832761407
155581656262,-0.037531536,-0.711502075,-0.059092201,-0.348356336,-8.315062523,1.829170108
155582917162,-0.047380235,-0.710437357,-0.063883461,-0.287304193,-8.293515205,1.833958507
155584178100,-0.046581693,-0.716027141,-0.065746732,-0.329202741,-8.239645004,1.813607812
155585439012,-0.048711140,-0.718156576,-0.065746732,-0.367509961,-8.222886086,1.774103522
155586699925,-0.053236220,-0.716825664,-0.067077637,-0.361524463,-8.254010201,1.783680320
155587960837,-0.055365667,-0.721084595,-0.076926336,-0.326808542,-8.210914612,1.792060018
155589221762,-0.062552556,-0.716825664,-0.077991061,-0.332794040,-8.212111473,1.762132406
155590482675,-0.066811457,-0.713631511,-0.078257240,-0.345962137,-8.188169479,1.747767210
155591743587,-0.067609996,-0.716559529,-0.079854332,-0.319625944,-8.148665428,1.733402014
155593004500,-0.068674721,-0.719487488,-0.081717595,-0.336385339,-8.192957878,1.711854219
155594265412,-0.070005625,-0.716559529,-0.077458702,-0.380678087,-8.163030624,1.659181833
155595526337,-0.071336530,-0.720019877,-0.081983775,-0.433350503,-8.143877029,1.720233917
155596787250,-0.075063072,-0.726408184,-0.078257240,-0.359130263,-8.095993042,1.715445518
155598048162,-0.076127790,-0.717091858,-0.083048500,-0.387860686,-8.161833763,1.716642618
155599309087,-0.075329252,-0.716825664,-0.084379405,-0.405817181,-8.107964516,1.734599113
155600569987,-0.077724881,-0.717624247,-0.080919050,-0.421379507,-8.117541313,1.715445518
155601830900,-0.080120511,-0.716559529,-0.081185237,-0.430956304,-8.107964516,1.666364431
155603091837,-0.084113225,-0.717624247,-0.079055786,-0.438138902,-8.118738174,1.699883223
155604352737,-0.088638306,-0.712566793,-0.079854332,-0.405817181,-8.121131897,1.716642618
155605613662,-0.088904485,-0.714163899,-0.080386691,-0.420182407,-8.099584579,1.729810715
155606874575,-0.088638306,-0.714430034,-0.079055786,-0.377086759,-8.068459511,1.697489023
155608135500,-0.095292829,-0.712034404,-0.081983775,-0.395043284,-8.056488991,1.722628117
155609396412,-0.102745906,-0.709372640,-0.082782321,-0.389057785,-8.022970200,1.683123827
155610657312,-0.098487005,-0.706977010,-0.078523420,-0.399831682,-8.010998726,1.734599113
155611918237,-0.099285550,-0.707775533,-0.072667442,-0.384269387,-8.002618790,1.742978811
155613179150,-0.100616455,-0.706444621,-0.075063072,-0.336385339,-7.953537941,1.754949808
155614440075,-0.106738620,-0.702718079,-0.075329252,-0.371101260,-7.979874134,1.738190413
155615700987,-0.104076810,-0.701653361,-0.071602717,-0.342370838,-7.969100475,1.786074519
155616961900,-0.103810623,-0.696862102,-0.065214366,-0.316034615,-7.902062893,1.781286120
155618222812,-0.107270978,-0.696063578,-0.066811457,-0.351947665,-7.914033890,1.777694821
155619483712,-0.110997513,-0.693667948,-0.064682007,-0.299275219,-7.896077156,1.830367208
155620744650,-0.111263700,-0.692337036,-0.061487831,-0.281318694,-7.837419510,1.824381709
155622005562,-0.113393143,-0.692337036,-0.056164213,-0.277727395,-7.783549786,1.836352706
155623266487,-0.113126963,-0.691272318,-0.051639132,-0.290895522,-7.788338184,1.826775908
155624527400,-0.110731333,-0.694998860,-0.051639132,-0.317231715,-7.730877399,1.817199111
155625788325,-0.112860784,-0.692603230,-0.048711140,-0.235828876,-7.750030994,1.830367208
155627049237,-0.112860784,-0.691272318,-0.048178777,-0.223857865,-7.704541206,1.826775908
155628310162,-0.111796059,-0.689675212,-0.041524250,-0.216675252,-7.693767071,1.818396211
155629571075,-0.110198975,-0.690473735,-0.039394803,-0.221463665,-7.663839817,1.808819413
155630831987,-0.102745906,-0.685948670,-0.032474093,-0.197521642,-7.639897823,1.813607812
155632092900,-0.106738620,-0.685150146,-0.033804998,-0.168791220,-7.659051418,1.874659896
155633353812,-0.102745906,-0.685416341,-0.027150471,-0.154426008,-7.613561630,1.911770105
155634614725,-0.100084089,-0.679560304,-0.024222480,-0.077811554,-7.597999096,1.845929503
155635875650,-0.093163386,-0.680625081,-0.019165039,-0.077811554,-7.625532627,1.865083098
155637136550,-0.091832474,-0.686747193,-0.014373779,-0.032321725,-7.612364292,1.862688899
155638397487,-0.089170665,-0.682222128,-0.013575235,-0.058657940,-7.625532627,1.897404909
155639658400,-0.087307401,-0.679826498,-0.012244331,-0.037110128,-7.617152691,1.933317900
155640919312,-0.080652870,-0.677963257,-0.007453070,-0.003591303,-7.631517887,1.929726601
155642180212,-0.081185237,-0.681157410,-0.006920708,0.025139118,-7.651868820,1.951274395
155643441150,-0.081717595,-0.681955934,-0.006122165,0.051475339,-7.630321026,1.934514999
155644702062,-0.076127790,-0.681423604,0.002129449,0.113724582,-7.642292023,1.989581585
155645962975,-0.075595431,-0.680092692,0.002927992,0.063446343,-7.663839817,1.969230890
155647223900,-0.074264526,-0.678761780,0.007719252,0.081402861,-7.635109425,1.983596087
155648484800,-0.073465981,-0.679027975,0.011445787,0.129286900,-7.669825077,1.978807688
155649745725,-0.072667442,-0.677697062,0.016237047,0.068234749,-7.636306286,2.035071373
155651006650,-0.070804171,-0.681955934,0.017834133,0.104147777,-7.647080421,2.080561399
155652267562,-0.069207087,-0.676898539,0.022093032,0.147243410,-7.645883083,2.024297476
155653528475,-0.069473267,-0.678761780,0.024222480,0.140060797,-7.589619637,2.086546898
155654789387,-0.070271812,-0.681689799,0.023157755,0.143652096,-7.593210697,2.042253971
155656050287,-0.064682007,-0.679560304,0.030610826,0.152031809,-7.590816498,2.025494576
155657311225,-0.064682007,-0.677963257,0.037265353,0.178368032,-7.560889244,2.063801765
155658572162,-0.064682007,-0.678761780,0.038330078,0.172382519,-7.540538311,1.984793186
155659833062,-0.068408541,-0.682488322,0.032740276,0.195127442,-7.527369976,2.070984602
155661093962,-0.064948186,-0.673704326,0.039927166,0.214281052,-7.518990517,2.036268473
155662354887,-0.062020194,-0.681157410,0.045250785,0.198718742,-7.435193539,1.971625090
155663615825,-0.059624564,-0.683020711,0.043919880,0.247799873,-7.433996201,2.061407566
155664876737,-0.058293659,-0.678761780,0.045250785,0.217872351,-7.448361397,1.996764183
155666137625,-0.055898029,-0.677430868,0.050042044,0.232237563,-7.435193539,2.039859772
155667398562,-0.051905312,-0.675035238,0.052970037,0.190339044,-7.438784599,1.981201887
155668659475,-0.051106770,-0.677164674,0.052970037,0.220266551,-7.390900612,2.001552582
155669920387,-0.052437674,-0.681423604,0.058826022,0.278924495,-7.350199223,2.045845270
155671181312,-0.051372953,-0.677697062,0.056696571,0.238223076,-7.362170219,2.082955599
155672442237,-0.044186063,-0.678495586,0.057228934,0.245405674,-7.362170219,2.012326479
155673703125,-0.042588975,-0.678761780,0.059624564,0.239420176,-7.333439827,2.091335297
155674964050,-0.041524250,-0.676632345,0.063617282,0.264559299,-7.329848766,2.066195965
155676224975,-0.036732990,-0.676632345,0.071336530,0.275333196,-7.359776020,2.050633669
155677485900,-0.034869723,-0.676632345,0.072135076,0.293289721,-7.335834026,2.063801765
155678746800,-0.030078463,-0.677164674,0.071868896,0.348356336,-7.334637165,2.031480074
155680007725,-0.024754841,-0.677963257,0.072933622,0.317231715,-7.289146900,2.082955599
155681268637,-0.019165039,-0.682754517,0.078523420,0.322020143,-7.278373241,2.093729496
155682529537,-0.018632676,-0.682222128,0.080120511,0.339976639,-7.296329498,2.102109194
155683790475,-0.015704684,-0.682222128,0.081717595,0.355538964,-7.321468830,2.074575901
155685051375,-0.012244331,-0.682488322,0.081185237,0.344765037,-7.280767441,2.092532396
155686312300,-0.008783977,-0.681423604,0.078789607,0.329202741,-7.339425564,2.085349798
155687573212,-0.001597087,-0.679560304,0.086242676,0.347159237,-7.322666168,2.136825085
155688834125,0.003726535,-0.681955934,0.091300115,0.380678087,-7.335834026,2.148796082
155690095050,0.003992716,-0.680625081,0.085444130,0.392649084,-7.374141216,2.144007683
155691355962,0.004258898,-0.680891216,0.091832474,0.395043284,-7.338228226,2.179920673
155692616900,0.009050157,-0.678229451,0.095292829,0.356736064,-7.369352818,2.176329374
155693877800,0.017567953,-0.680891216,0.092364840,0.408211380,-7.381323814,2.219424963
155695138712,0.019165039,-0.684883952,0.096357554,0.377086759,-7.383718014,2.187103271
155696399625,0.014639961,-0.683286846,0.099285550,0.430956304,-7.384915352,2.231395960
155697660562,0.016237047,-0.676366150,0.092897199,0.398634583,-7.364564419,2.217030764
155698921475,0.022891574,-0.676632345,0.099817909,0.454898328,-7.387309551,2.194285870
155700182387,0.023956299,-0.680358887,0.100084089,0.446518630,-7.422025204,2.230198860
155701443300,0.020762125,-0.683553040,0.101681180,0.489614248,-7.405265808,2.203862667
155702704225,0.019431220,-0.682222128,0.104076810,0.501585245,-7.390900612,2.261323452
155703965150,0.019697402,-0.679826498,0.100882635,0.430956304,-7.372944355,2.258929253
155705226062,0.026618110,-0.678495586,0.104875349,0.441730231,-7.369352818,2.261323452
155706486975,0.022093032,-0.677963257,0.101414993,0.453701228,-7.362170219,2.309207439
155707747900,0.025287203,-0.681689799,0.098487005,0.426167905,-7.365761757,2.291250944
155709008800,0.034071181,-0.681689799,0.103012085,0.471657753,-7.389703751,2.268506050
155710269700,0.035135906,-0.679560304,0.098220825,0.468066424,-7.410054207,2.272097349
155711530650,0.039128620,-0.685416341,0.097422279,0.399831682,-7.431602001,2.313996077
155712791550,0.046847872,-0.691804647,0.093163386,0.379480958,-7.499836922,2.281674147
155714052475,0.055898029,-0.688876688,0.088904485,0.378283858,-7.586028099,2.308010340
155715313400,0.068940900,-0.693135560,0.088638306,0.414196908,-7.671022415,2.306813240
155716574300,0.075329252,-0.693135560,0.084911771,0.343567938,-7.844602108,2.304419041
155717835225,0.083847046,-0.696063578,0.074530706,0.389057785,-7.999027729,2.213439465
155719096137,0.092631020,-0.701120973,0.073732160,0.453701228,-8.185775757,2.225410461
155720357062,0.104875349,-0.707243145,0.074530706,0.500388145,-8.353369713,2.188300371
155721617962,0.117652044,-0.710969687,0.069739446,0.507570744,-8.525752068,2.130839586
155722878912,0.122975662,-0.710171163,0.062020194,0.580593944,-8.693346024,2.171540976
155724139812,0.132824361,-0.714962423,0.059890747,0.600944638,-8.841787338,2.147598982
155725400725,0.135219991,-0.718422771,0.068142362,0.709880829,-8.921992302,2.185906172
155726661650,0.137083262,-0.720286012,0.070537992,0.751779318,-9.100360870,2.262520552
155727922562,0.140277430,-0.721084595,0.079854332,0.829590917,-9.191340446,2.400187254
155729183487,0.131493464,-0.726674378,0.085710309,0.824802518,-9.258378029,2.446874142
155730444400,0.117918223,-0.726142049,0.086242676,0.863109708,-9.300276756,2.612074137
155731705300,0.111796059,-0.726674378,0.092631020,0.882263362,-9.296685219,2.707842112
155732966225,0.107537165,-0.728005290,0.098220825,0.903811157,-9.281123161,2.815581322
155734227137,0.092098661,-0.724544942,0.098220825,0.952892303,-9.199720383,2.869450808
155735488062,0.070804171,-0.721616924,0.101414993,0.914585054,-9.109937668,2.943670988
155736748987,0.059092201,-0.723214030,0.103544444,0.932541549,-9.050082207,2.984372377
155738009887,0.048444960,-0.723746419,0.104342990,0.936132848,-8.937555313,2.995146275
155739270812,0.029279921,-0.721084595,0.104875349,0.897825658,-8.784326553,2.966415882
155740531725,0.018366495,-0.721084595,0.103544444,0.905008256,-8.641871452,2.955641985
155741792650,0.013309055,-0.720552206,0.095559016,0.867898107,-8.517373085,2.926911592
155743053562,-0.001597087,-0.719753683,0.086508855,0.876277804,-8.362946510,2.895787001
155744314475,-0.006920708,-0.721350789,0.081983775,0.817619860,-8.228871346,2.770091295
155745575412,-0.005057441,-0.722681642,0.077192515,0.851138711,-8.084022522,2.722207308
155746836312,-0.007719252,-0.726940572,0.074530706,0.756567717,-8.019378662,2.612074137
155748097225,-0.003992716,-0.729070008,0.070005625,0.744596720,-7.933187485,2.541445017
155749358150,0.002395630,-0.727206767,0.059624564,0.725443125,-7.874529362,2.466027737
155750619062,0.008517795,-0.728537679,0.048178777,0.750582218,-7.878120899,2.369062662
155751879987,0.016237047,-0.734659791,0.041258071,0.800860465,-7.844602108,2.294842243
155753140900,0.026351929,-0.734393656,0.037797716,0.762553275,-7.866149902,2.194285870
155754401825,0.033272635,-0.736789286,0.030078463,0.785298169,-7.867346764,2.082955599
155755662725,0.041790433,-0.743443787,0.026884291,0.792480767,-7.894880295,2.121262789
155756923637,0.046049330,-0.744508505,0.024754841,0.816422760,-7.915230751,2.147598982
155758184575,0.059624564,-0.750098348,0.024222480,0.816422760,-7.970297337,2.105700493
155759445500,0.064948186,-0.754091024,0.026085747,0.847547412,-8.026560783,2.163161278
155760706400,0.072401255,-0.754889607,0.029546101,0.858321309,-8.105569839,2.197877169
155761967312,0.081185237,-0.755155742,0.027416652,0.910993755,-8.163030624,2.248155355
155763228225,0.085976496,-0.758349955,0.029812282,0.848744512,-8.210914612,2.345120668
155764489150,0.083847046,-0.757817566,0.033006456,0.867898107,-8.280346870,2.448071241
155765750075,0.089703031,-0.758882284,0.036466811,0.849941611,-8.336610794,2.489969730
155767010975,0.085710309,-0.758083761,0.032474093,0.808043063,-8.350975990,2.529474020
155768271900,0.082516141,-0.758882284,0.036999173,0.808043063,-8.365341187,2.608482838
155769532812,0.079854332,-0.757817566,0.040991887,0.834379315,-8.379706383,2.662352324
155770793725,0.073732160,-0.756220460,0.040193345,0.772130072,-8.416815758,2.718616009
155772054637,0.078789607,-0.757817566,0.039128620,0.744596720,-8.428787231,2.725798607
155773315562,0.081717595,-0.762076497,0.037265353,0.756567717,-8.461109161,2.685097218
155774576487,0.082516141,-0.762342632,0.036999173,0.712275028,-8.493430138,2.717418909
155775837400,0.086242676,-0.757285237,0.035668265,0.640448987,-8.512583733,2.754528999
155777098337,0.090767756,-0.758349955,0.035402086,0.627280831,-8.565257072,2.707842112
155778359237,0.094760470,-0.759148479,0.033006456,0.592564940,-8.620323181,2.682703018
155779620150,0.101947360,-0.761011720,0.034071181,0.568622887,-8.641871452,2.607285738
155780881075,0.115788773,-0.759947002,0.022891574,0.544680893,-8.756793022,2.586935043
155782141987,0.125637472,-0.762608826,0.018898858,0.442927331,-8.888473511,2.578555346
155783402912,0.143205434,-0.762608826,0.014373779,0.424970806,-9.057265282,2.573766947
155784663825,0.150658503,-0.763141215,0.010913425,0.381875187,-9.210494041,2.613271236
155785924737,0.171686798,-0.766335368,0.009582520,0.374692559,-9.361329079,2.610877037
155787185662,0.189520940,-0.766601562,0.003460354,0.324414343,-9.558850288,2.582146645
155788446562,0.203628540,-0.770061910,-0.001863268,0.245405674,-9.744400978,2.582146645
155789707475,0.224656850,-0.769795716,-0.002661811,0.199915841,-9.976638794,2.638410330
155790968400,0.242757156,-0.770061910,-0.004791260,0.201112941,-10.271125793,2.659958124
155792229325,0.260591298,-0.777248800,-0.007186890,0.202310041,-10.496180534,2.673126221
155793490237,0.277094513,-0.780442953,-0.014373779,0.169988319,-10.775104523,2.723404408
155794751137,0.299719900,-0.778845906,-0.017834133,0.131681100,-11.094730377,2.774879694
155796012075,0.319151133,-0.782040060,-0.015172322,0.122104287,-11.355698586,2.832340717
155797272987,0.336186707,-0.784701884,-0.018100314,-0.015562311,-11.687295914,2.935291290
155798533887,0.357481211,-0.787896037,-0.018100314,0.013168110,-12.003330231,3.032256365
155799794825,0.373452067,-0.791622579,-0.021560669,-0.056263741,-12.356474876,3.175908566
155801055725,0.393149465,-0.798543274,-0.017301772,-0.158017308,-12.688072205,3.266888142
155802316650,0.403796732,-0.799874187,-0.017834133,-0.185550630,-13.079524040,3.411737442
155803577587,0.423494130,-0.798543274,-0.018366495,-0.235828876,-13.388376236,3.517082214
155804838487,0.437335551,-0.802802205,-0.013841417,-0.202310041,-13.815740585,3.628412724
155806099400,0.450910777,-0.813449442,-0.008517795,-0.241814375,-14.205995560,3.713406801
155807360337,0.469011098,-0.817708313,-0.006388346,-0.226252064,-14.534001350,3.761290789
155808621250,0.474867076,-0.819837749,0.000798543,-0.156820208,-14.863204002,3.866635799
155809882150,0.482053965,-0.821701050,0.004525078,-0.134075299,-15.160085678,3.963600874
155811143087,0.491104126,-0.824096680,0.014373779,-0.052672438,-15.391125679,4.017470360
155812404000,0.493499756,-0.828887939,0.021826850,0.093373865,-15.577873230,4.085705280
155813664912,0.492967397,-0.835276246,0.033272635,0.208295554,-15.695189476,4.185064793
155814925837,0.490039408,-0.832614481,0.048711140,0.332794040,-15.711948395,4.274847031
155816186750,0.482320130,-0.836341023,0.060423110,0.483628750,-15.725116730,4.443638325
155817447662,0.469011098,-0.834743917,0.076393977,0.645237386,-15.593436241,4.560954094
155818708562,0.452507854,-0.831017375,0.101947360,0.768538773,-15.450981140,4.666299343
155819969487,0.434939921,-0.827024639,0.114990234,0.852335811,-15.192406654,4.794388771
155821230425,0.410185069,-0.824362874,0.136817083,0.887051761,-14.875175476,4.922478676
155822491325,0.383300781,-0.820370138,0.155982122,0.894234359,-14.523227692,5.023035049
155823752237,0.359344482,-0.819837749,0.167694092,0.972045898,-14.125790596,5.074510574
155825013162,0.330330729,-0.806528687,0.180736959,0.968454599,-13.655329704,5.026626587
155826274062,0.302647918,-0.802536011,0.200168177,0.990002394,-13.265074730,5.007472992
155827535000,0.277893066,-0.801471293,0.208685979,0.968454599,-12.818555832,4.814739704
155828795925,0.249944046,-0.799874187,0.212678701,0.988805294,-12.409147263,4.648342609
155830056837,0.226520106,-0.794284403,0.218002319,0.998382092,-11.960234642,4.479551315
155831317750,0.210283071,-0.787097514,0.218800858,0.946906805,-11.605893135,4.255693436
155832578675,0.193779841,-0.787363648,0.214808136,0.928950250,-11.232397079,4.083311081
155833839600,0.181269318,-0.791622579,0.212146327,0.875080705,-10.910377502,3.835511208
155835100512,0.174082428,-0.787629843,0.205225617,0.818816960,-10.609905243,3.602076530
155836361412,0.179672241,-0.794284403,0.195376918,0.775721371,-10.392032623,3.332728863
155837622337,0.180204600,-0.799075663,0.189520940,0.784101069,-10.206481934,3.038241863
155838883262,0.190053299,-0.799607992,0.178075150,0.726640224,-10.054450035,2.876633406
155840144162,0.195643097,-0.807593465,0.161039561,0.745793819,-9.965864182,2.583343744
155841405087,0.214541957,-0.820370138,0.145867243,0.750582218,-10.040084839,2.315193176
155842666000,0.232642278,-0.828355551,0.132292002,0.774524271,-10.068815231,2.167949677
155843926937,0.248613149,-0.840067506,0.116587318,0.824802518,-10.133459091,1.957259893
155845187837,0.276828349,-0.855506063,0.105407715,0.900219858,-10.321403503,1.845929503
155846448762,0.304777354,-0.868016541,0.093163386,0.938527048,-10.545261383,1.713051319
155847709687,0.326071829,-0.880260885,0.082782321,0.961272001,-10.784681320,1.651999235
155848970587,0.349761963,-0.896231771,0.070537992,0.997184992,-11.124658585,1.696291924
155850231500,0.372653544,-0.909274638,0.060955472,1.039083600,-11.439496040,1.775300622
155851492450,0.396077454,-0.922317505,0.054300942,1.144428372,-11.814188004,1.883039594
155852753350,0.413911611,-0.945209086,0.054300942,1.225831270,-12.200852394,2.045845270
155854014262,0.425889760,-0.957985759,0.053768583,1.265335560,-12.607866287,2.147598982
155855275175,0.432544291,-0.970230103,0.054567125,1.362300754,-12.952630997,2.261323452
155856536100,0.432810456,-0.980344951,0.051639132,1.467645645,-13.305775642,2.439691544
155857797025,0.423760295,-0.995783448,0.051106770,1.556231141,-13.573926926,2.613271236
155859057925,0.423494130,-1.007229209,0.062552556,1.626860023,-13.885172844,2.817975521
155860318850,0.412314504,-1.012819052,0.063617282,1.680729628,-14.081497192,3.035847664
155861579775,0.395545095,-1.016545653,0.066012911,1.752555609,-14.233529091,3.166331768
155862840675,0.375315338,-1.025063396,0.069207087,1.771709323,-14.358027458,3.326743364
155864101612,0.352157593,-1.031717896,0.076393977,1.780089021,-14.454993248,3.399766445
155865362512,0.328201294,-1.034645915,0.081451416,1.831564307,-14.478935242,3.497928619
155866623425,0.303978801,-1.040768027,0.083314680,1.861491799,-14.490905762,3.544615746
155867884362,0.277626872,-1.045559287,0.088372126,1.843535304,-14.500482559,3.603273630
155869145275,0.251274943,-1.044228435,0.084911771,1.793257117,-14.421474457,3.616441727
155870406187,0.228915736,-1.046624064,0.087839760,1.798045516,-14.289793015,3.524264812
155871667112,0.206556529,-1.054875731,0.083847046,1.771709323,-14.150929451,3.475183725
155872928025,0.186060578,-1.053810954,0.080120511,1.789665818,-14.010868073,3.372233152
155874188925,0.164233729,-1.055940390,0.079055786,1.740584612,-13.821726799,3.227383852
155875449862,0.148262873,-1.057537436,0.077991061,1.731007814,-13.637372971,3.141192675
155876710775,0.130961105,-1.056738973,0.071336530,1.759738207,-13.467384338,3.014299870
155877971687,0.113659330,-1.061530232,0.067343816,1.690306425,-13.244724274,2.912546396
155879232587,0.103012085,-1.064724326,0.065480553,1.674744129,-13.018471718,2.693476915
155880493525,0.099285550,-1.071378946,0.059890747,1.685518026,-12.824541092,2.598906040
155881754437,0.093163386,-1.071645141,0.055631850,1.649605036,-12.685677528,2.509123325
155883015362,0.086508855,-1.069249511,0.048178777,1.631648421,-12.500126839,2.424129248
155884276275,0.082516141,-1.077767253,0.044186063,1.626860023,-12.303802490,2.354697466
155885537200,0.084911771,-1.082026124,0.040725708,1.589749932,-12.113463402,2.325967073
155886798112,0.076127790,-1.078299642,0.035402086,1.535880446,-12.011710167,2.242169857
155888059037,0.068408541,-1.081493735,0.024222480,1.581370234,-11.887211800,2.220622063
155889319962,0.069739446,-1.086551189,0.017834133,1.558625340,-11.756727219,2.151190281
155890580862,0.064682007,-1.087615967,0.013575235,1.543063045,-11.650185585,2.202665567
155891841762,0.071602717,-1.088946819,0.004258898,1.491587639,-11.565191269,2.161964178
155893102712,0.072401255,-1.091342449,-0.003992716,1.497573137,-11.440692902,2.151190281
155894363625,0.075595431,-1.090810180,-0.014107598,1.499967337,-11.316194534,2.181117773
155895624537,0.080652870,-1.087349772,-0.019165039,1.464054346,-11.263522148,2.128445387
155896885450,0.079055786,-1.087882161,-0.020762125,1.447294950,-11.188104630,2.129642487
155898146375,0.082782321,-1.090543985,-0.027150471,1.467645645,-11.153388977,2.128445387
155899407275,0.084911771,-1.091874838,-0.033006456,1.443703651,-11.071986198,2.145204782
155900668200,0.083847046,-1.087349772,-0.037531536,1.395819545,-10.983400345,2.118868589
155901929112,0.082516141,-1.086018920,-0.042588975,1.425747156,-10.960655212,2.126051188
155903190037,0.081717595,-1.087349772,-0.046847872,1.407790661,-10.946290016,2.114080191
155904450962,0.080652870,-1.087882161,-0.047646414,1.406593561,-10.903194427,2.066195965
155905711887,0.086775035,-1.079896688,-0.041790433,1.355118155,-10.917559624,2.057816267
155906972800,0.085177951,-1.076968670,-0.043387517,1.341950059,-10.909179688,2.001552582
155908233700,0.086242676,-1.074306846,-0.043919880,1.290474772,-10.846930504,2.042253971
155909494612,0.086508855,-1.070580363,-0.037797716,1.308431268,-10.795455933,1.966836691
155910755537,0.088904485,-1.065256715,-0.039927166,1.262941360,-10.795455933,1.934514999
155912016462,0.088638306,-1.067652345,-0.037531536,1.244984865,-10.799046516,1.887828112
155913277375,0.088372126,-1.058868408,-0.033272635,1.242590666,-10.739192009,1.909375906
155914538287,0.086775035,-1.052746177,-0.023690118,1.209071875,-10.737995148,1.874659896
155915799225,0.081717595,-1.052746177,-0.021826850,1.206677675,-10.753557205,1.862688899
155917060125,0.083580866,-1.048753500,-0.018100314,1.185129881,-10.743980408,1.768118024
155918321050,0.081451416,-1.042631388,-0.005589803,1.199495077,-10.672154427,1.783680320
155919581975,0.080120511,-1.039969563,0.000266181,1.130063176,-10.621875763,1.759738207
155920842875,0.078257240,-1.034113526,0.007453070,1.142034173,-10.611102104,1.731007814
155922103787,0.077724881,-1.030120850,0.014373779,1.127668977,-10.591948509,1.719036818
155923364725,0.078523420,-1.022667766,0.015438504,1.150413871,-10.511742592,1.765723825
155924625637,0.077192515,-1.015214682,0.023956299,1.185129881,-10.472238541,1.699883223
155925886537,0.076660156,-1.009092569,0.032740276,1.151610970,-10.394426346,1.660378933
155927147487,0.075329252,-1.005365968,0.036999173,1.121683478,-10.408791542,1.659181833
155928408375,0.072401255,-1.002704144,0.036466811,1.132457376,-10.374075890,1.632845521
155929669300,0.070271812,-0.996315837,0.044718422,1.130063176,-10.316615105,1.613691926
155930930225,0.072667442,-0.989661336,0.048711140,1.088164687,-10.301053047,1.598129630
155932191137,0.078257240,-0.983805299,0.050574407,1.094150186,-10.247183800,1.582567334
155933452062,0.076926336,-0.982208252,0.055099487,1.106121182,-10.244789124,1.583764434
155934712975,0.080919050,-0.973424256,0.055365667,1.154005170,-10.216058731,1.610100627
155935973887,0.077724881,-0.969165385,0.061221652,1.152808070,-10.201693535,1.589749932
155937234800,0.080919050,-0.964107931,0.062818736,1.159990788,-10.219650269,1.495178938
155938495725,0.082782321,-0.959582865,0.062286377,1.176750183,-10.235212326,1.505952835
155939756637,0.086242676,-0.959316671,0.065480553,1.189918280,-10.251972198,1.460463047
155941017562,0.088372126,-0.953194499,0.064682007,1.231816769,-10.261548996,1.428141356
155942278487,0.096889921,-0.947604716,0.068674721,1.259350061,-10.278307915,1.431732655
155943539400,0.098753184,-0.944676697,0.067077637,1.236605167,-10.307038307,1.440112352
155944800325,0.101148814,-0.943878174,0.065214366,1.261744261,-10.347740173,1.490390539
155946061250,0.101947360,-0.939086914,0.063883461,1.297657371,-10.323798180,1.474828243
155947322162,0.099019364,-0.940950155,0.069207087,1.313219666,-10.327388763,1.458068848
155948583075,0.100882635,-0.936425090,0.070804171,1.367089152,-10.309432983,1.465251446
155949844000,0.101681180,-0.927374959,0.071070351,1.365892053,-10.289081573,1.470039845
155951104925,0.097688459,-0.923914552,0.068674721,1.394622445,-10.314221382,1.476025343
155952365837,0.089703031,-0.923116028,0.068940900,1.410184860,-10.278307915,1.473631144
155953626725,0.088638306,-0.918590963,0.066012911,1.412579060,-10.256760597,1.476025343
155954887675,0.085177951,-0.919655681,0.065214366,1.434126854,-10.174160004,1.545457244
155956148587,0.080919050,-0.916993856,0.072667442,1.462857246,-10.137049675,1.479616642
155957409487,0.076926336,-0.907677531,0.068674721,1.478419542,-10.086771965,1.522712350
155958670425,0.071336530,-0.902620077,0.069473267,1.489193439,-10.004172325,1.555034041
155959931337,0.064948186,-0.906080425,0.073199801,1.482010841,-9.878476143,1.516726732
155961192250,0.048711140,-0.897828817,0.066545270,1.520318151,-9.832986832,1.492784739
155962453175,0.043919880,-0.892771363,0.067343816,1.519120932,-9.771934509,1.501164436
155963714087,0.040991887,-0.892771363,0.067876182,1.569399238,-9.661801338,1.487996340
155964975025,0.030877007,-0.887980103,0.069739446,1.570596337,-9.578003883,1.428141356
155966235937,0.027416652,-0.882124126,0.067609996,1.557428241,-9.467870712,1.407790661
155967496837,0.019165039,-0.881325603,0.064948186,1.521515250,-9.387664795,1.392228246
155968757762,0.017301772,-0.879728496,0.069739446,1.514332533,-9.305065155,1.345541358
155970018675,0.009316338,-0.877066731,0.068674721,1.561019540,-9.202114105,1.314416766
155971279587,0.005057441,-0.875469625,0.068408541,1.503558636,-9.120711327,1.282095075
155972540512,-0.003460354,-0.873872519,0.070005625,1.546654344,-9.020154953,1.227028370
155973801437,-0.005323622,-0.868815064,0.068940900,1.552639842,-8.949525833,1.250970364
155975062350,-0.008517795,-0.865620911,0.068940900,1.504755735,-8.884882927,1.253364563
155976323250,-0.009582520,-0.868016541,0.071070351,1.490390539,-8.801085472,1.181538582
155977584187,-0.006122165,-0.870145977,0.073199801,1.497573137,-8.701725960,1.174355984
155978845100,-0.006388346,-0.867218018,0.073465981,1.499967337,-8.671798706,1.073799491
155980106012,-0.007453070,-0.867218018,0.072401255,1.507149935,-8.627506256,1.022324085
155981366937,-0.007186890,-0.863491476,0.075063072,1.508347034,-8.560468674,1.013944387
155982627850,-0.006388346,-0.862959087,0.078523420,1.474828243,-8.512583733,1.042674899
155983888775,-0.000798543,-0.872009277,0.076660156,1.492784739,-8.504204750,1.055842996
155985149687,0.000266181,-0.870145977,0.076926336,1.514332533,-8.439560890,1.040280700
155986410612,-0.001064724,-0.871210694,0.081983775,1.480813742,-8.428787231,0.992396593
155987671525,0.002129449,-0.871210694,0.083847046,1.452083349,-8.447940826,1.000776291
155988932450,0.003992716,-0.872541606,0.080652870,1.493981838,-8.408436775,0.994790792
155990193350,0.007719252,-0.875203431,0.083048500,1.490390539,-8.395268440,1.010353088
155991454275,0.008251614,-0.870944560,0.087307401,1.489193439,-8.370129585,1.007958889
155992715200,0.013841417,-0.869347453,0.091832474,1.465251446,-8.370129585,1.048660398
155993976112,0.015172322,-0.869081259,0.094228104,1.468842745,-8.322245598,1.052251697
155995237037,0.016769409,-0.873872519,0.091832474,1.447294950,-8.322245598,1.116895080
155996497950,0.020762125,-0.870145977,0.096623734,1.428141356,-8.334216118,1.112106681
155997758875,0.022891574,-0.871476889,0.099817909,1.424550056,-8.356961250,1.140837073
155999019800,0.023690118,-0.874404907,0.102213539,1.374271750,-8.344989777,1.175553083
156000280712,0.022093032,-0.871476889,0.102479719,1.363497853,-8.277952194,1.228225470
156001541637,0.031675551,-0.869613647,0.107537165,1.395819545,-8.334216118,1.267729759
156002802537,0.031143188,-0.873073995,0.108601883,1.387439847,-8.306682587,1.267729759
156004063462,0.031675551,-0.869879842,0.110198975,1.346738458,-8.276755333,1.302445769
156005324375,0.025021022,-0.868016541,0.113126963,1.351526856,-8.240841866,1.277306676
156006585300,0.031409368,-0.867750347,0.112594604,1.365892053,-8.221688271,1.294066072
156007846225,0.035934448,-0.873073995,0.118184403,1.333570361,-8.221688271,1.339555860
156009107125,0.030610826,-0.866685629,0.119515315,1.300051570,-8.192957878,1.310825467
156010368050,0.034603544,-0.867750347,0.115788773,1.301248670,-8.184578896,1.289277673
156011628975,0.042056613,-0.870944560,0.118450589,1.309628367,-8.100781441,1.367089152
156012889887,0.037531536,-0.865887105,0.121378578,1.262941360,-8.070854187,1.274912357
156014150800,0.041790433,-0.864023805,0.119781494,1.254561663,-8.094796181,1.323993564
156015411725,0.046847872,-0.865354717,0.119249128,1.252167463,-8.025363922,1.312022567
156016672637,0.053502399,-0.864822388,0.120313853,1.222239971,-8.062474251,1.314416766
156017933550,0.053236220,-0.865620911,0.122443303,1.228225470,-7.991845131,1.319205165
156019194475,0.057761297,-0.865088582,0.125371292,1.188721180,-7.971494675,1.312022567
156020455412,0.060156927,-0.863757670,0.123241849,1.195903778,-7.955932140,1.312022567
156021716325,0.067077637,-0.861362040,0.126436025,1.177947283,-7.948749542,1.339555860
156022977237,0.070005625,-0.861628175,0.127500743,1.213860273,-7.916428089,1.312022567
156024238150,0.077724881,-0.860563457,0.126169845,1.137245774,-7.954735279,1.364694953
156025499062,0.083847046,-0.857369304,0.129364014,1.108515382,-7.899668694,1.337161660
156026759975,0.085444130,-0.863757670,0.128033102,1.131260276,-7.856573105,1.349132657
156028020887,0.087041214,-0.859498739,0.125637472,1.167173386,-7.861361504,1.367089152
156029281812,0.089969210,-0.854973674,0.129896373,1.100135684,-7.838616371,1.341950059
156030542737,0.100350276,-0.856038392,0.129630193,1.065419793,-7.878120899,1.333570361
156031803650,0.106206253,-0.854175150,0.125105113,1.074996591,-7.870938301,1.374271750
156033064575,0.111796059,-0.858966410,0.124838933,1.045069098,-7.844602108,1.400608063
156034325475,0.119781494,-0.859498739,0.126436025,1.015141487,-7.879317760,1.428141356
156035586412,0.123774208,-0.852578044,0.125637472,0.985213995,-7.879317760,1.404199362
156036847325,0.124572754,-0.848585308,0.127500743,0.930147350,-7.867346764,1.406593561
156038108237,0.129364014,-0.844592631,0.124572754,0.903811157,-7.929595947,1.406593561
156039369162,0.132025823,-0.844592631,0.124306574,0.864306808,-7.905653954,1.361103654
156040630087,0.136284724,-0.837405741,0.120846219,0.879869103,-7.966706276,1.361103654
156041891012,0.137615621,-0.837671876,0.117385864,0.837970614,-7.971494675,1.386242747
156043151912,0.147464320,-0.837405741,0.116054960,0.788889468,-8.010998726,1.346738458
156044412837,0.151989400,-0.836074829,0.113126963,0.786495268,-8.044517517,1.314416766
156045673775,0.156514481,-0.832880616,0.112328425,0.739808321,-8.100781441,1.332373261
156046934662,0.155715942,-0.829420269,0.105407715,0.682347476,-8.161833763,1.325190663
156048195587,0.157313034,-0.826758504,0.100350276,0.673967779,-8.158242226,1.334767461
156049456487,0.162104294,-0.822233379,0.101148814,0.621295333,-8.186972618,1.371877551
156050717437,0.165032282,-0.824895203,0.092364840,0.632069230,-8.251616478,1.344344258
156051978337,0.170888260,-0.819305420,0.089436844,0.537498295,-8.306682587,1.337161660
156053239250,0.172219172,-0.815845072,0.088105939,0.495599747,-8.397662163,1.362300754
156054500187,0.171420619,-0.808125794,0.083314680,0.451307029,-8.416815758,1.371877551
156055761100,0.178873688,-0.804399252,0.083847046,0.428562105,-8.480262756,1.387439847
156057022025,0.180204600,-0.800672710,0.081185237,0.418985307,-8.565257072,1.329979062
156058282950,0.175413340,-0.797212362,0.078523420,0.341173738,-8.628703117,1.350329757
156059543850,0.171952993,-0.792154908,0.076127790,0.332794040,-8.693346024,1.364694953
156060804775,0.176478058,-0.790557861,0.075595431,0.354341865,-8.767566681,1.323993564
156062065700,0.175147161,-0.784169495,0.068940900,0.263362199,-8.783128738,1.359906554
156063326612,0.179672241,-0.771659017,0.064948186,0.268150598,-8.860940933,1.339555860
156064587537,0.176744252,-0.770061910,0.064149641,0.233434662,-8.902838707,1.389834046
156065848437,0.173550069,-0.764472127,0.061754014,0.226252064,-8.911218643,1.379060149
156067109400,0.173283890,-0.758349955,0.059890747,0.192733243,-8.969876289,1.347935557
156068370275,0.170089722,-0.749832153,0.056962755,0.155623108,-9.042900085,1.391031146
156069631187,0.166097000,-0.747436523,0.055631850,0.120907187,-9.059659004,1.345541358
156070892112,0.161571920,-0.737321615,0.060156927,0.026336219,-9.069235802,1.364694953
156072153037,0.155982122,-0.727206767,0.056164213,0.055066638,-9.179368973,1.431732655
156073413950,0.156780660,-0.724544942,0.055898029,0.000000000,-9.131484985,1.417367458
156074674875,0.149859950,-0.720019877,0.060156927,0.014365210,-9.133879662,1.334767461
156075935787,0.146399602,-0.705379903,0.059358384,-0.008379706,-9.188945770,1.399410963
156077196700,0.141874522,-0.699790120,0.062552556,0.017956512,-9.216479301,1.383848548
156078457612,0.138946533,-0.694200277,0.059624564,-0.013168110,-9.196128845,1.376665950
156079718550,0.133889094,-0.689675212,0.063351102,-0.020350715,-9.224859238,1.361103654
156080979462,0.126436025,-0.679826498,0.065214366,-0.019153614,-9.244012833,1.361103654
156082240387,0.124838933,-0.672107279,0.063084923,-0.055066638,-9.212887764,1.322796464
156083501287,0.120846219,-0.667582154,0.066811457,-0.044292733,-9.240421295,1.309628367
156084762212,0.115522593,-0.658798218,0.070804171,-0.102950677,-9.258378029,1.318008065
156086023150,0.110731333,-0.651345134,0.072401255,-0.125695586,-9.249998093,1.323993564
156087284062,0.108069524,-0.638568461,0.075861610,-0.116118781,-9.216479301,1.319205165
156088544975,0.104875349,-0.631115377,0.076393977,-0.073023155,-9.270349503,1.289277673
156089805912,0.105673894,-0.626590312,0.079588145,-0.107739076,-9.282320023,1.272518158
156091066812,0.101947360,-0.616475403,0.086508855,-0.124498487,-9.275137901,1.262941360
156092327725,0.095292829,-0.606626689,0.085710309,-0.141257897,-9.300276756,1.249773264
156093588650,0.091033936,-0.601036906,0.084645584,-0.120907187,-9.271546364,1.217451572
156094849562,0.080120511,-0.595447123,0.087839760,-0.141257897,-9.352949142,1.191115379
156096110487,0.075861610,-0.582670391,0.089703031,-0.166397020,-9.340977669,1.181538582
156097371387,0.073732160,-0.582404256,0.099285550,-0.149637610,-9.414001465,1.164779186
156098632337,0.072135076,-0.577612996,0.099817909,-0.148440510,-9.430760384,1.189918280
156099893237,0.066012911,-0.570426106,0.101681180,-0.131681100,-9.454702377,1.151610970
156101154162,0.063617282,-0.563771546,0.107803345,-0.148440510,-9.429563522,1.197100878
156102415087,0.057495117,-0.559778869,0.110198975,-0.143652096,-9.473855972,1.200692177
156103676000,0.050840590,-0.550196350,0.112062238,-0.124498487,-9.549273491,1.136048675
156104936925,0.044186063,-0.544074178,0.117918223,-0.142454997,-9.574412346,1.096544385
156106197837,0.040991887,-0.534757793,0.119781494,-0.169988319,-9.604340553,1.162384987
156107458750,0.039128620,-0.529168010,0.123508029,-0.178368032,-9.667786598,1.148019671
156108719675,0.026884291,-0.520650208,0.126702204,-0.083797060,-9.704896927,1.187524080
156109980600,0.020495944,-0.517456055,0.124572754,-0.104147777,-9.678560257,1.176750183
156111241525,0.017035590,-0.513729513,0.128033102,-0.106541976,-9.691728592,1.154005170
156112502437,0.008251614,-0.507873535,0.136550903,-0.179565132,-9.758766174,1.198297977
156113763337,0.001597087,-0.499888092,0.141874522,-0.158017308,-9.757569313,1.219845772
156115024250,-0.006654528,-0.495629191,0.141874522,-0.150834709,-9.779116631,1.176750183
156116285187,-0.009848701,-0.486579031,0.144270152,-0.154426008,-9.827000618,1.098938584
156117546100,-0.015704684,-0.483651042,0.146399602,-0.168791220,-9.803058624,1.136048675
156118807012,-0.025819566,-0.476464152,0.150924683,-0.138863698,-9.812635422,1.097741485
156120067950,-0.031409368,-0.467946351,0.150924683,-0.104147777,-9.827000618,1.130063176
156121328850,-0.039394803,-0.468478739,0.148529053,-0.172382519,-9.835380554,1.126471877
156122589775,-0.045516968,-0.457565308,0.154917404,-0.160411522,-9.847352028,1.095347285
156123850700,-0.053236220,-0.445587158,0.161571920,-0.130484000,-9.834183693,1.154005170
156125111612,-0.063351102,-0.445587158,0.157845393,-0.155623108,-9.824606895,1.104924083
156126372525,-0.069473267,-0.445320964,0.162902832,-0.147243410,-9.841365814,1.100135684
156127633437,-0.076393977,-0.434673727,0.167960271,-0.119710088,-9.829395294,1.122880578
156128894362,-0.083847046,-0.432011902,0.169024989,-0.132878199,-9.807847023,1.136048675
156130155300,-0.091300115,-0.425091207,0.165830821,-0.178368032,-9.804256439,1.152808070
156131416212,-0.099817909,-0.423760295,0.169291168,-0.156820208,-9.800664902,1.079784989
156132677125,-0.106206253,-0.418702871,0.177808970,-0.159214407,-9.733627319,1.055842996
156133938037,-0.113126963,-0.410717428,0.175413340,-0.189141929,-9.704896927,1.013944387
156135198962,-0.117385864,-0.401933461,0.176211879,-0.154426008,-9.690531731,1.035492301
156136459900,-0.117918223,-0.399271637,0.177276611,-0.169988319,-9.686940193,1.021126986
156137720800,-0.129364014,-0.398473084,0.177808970,-0.134075299,-9.622296333,0.995987892
156138981700,-0.136284724,-0.395278931,0.180204600,-0.141257897,-9.593565941,1.007958889
156140242637,-0.141075984,-0.391020030,0.186592951,-0.111330383,-9.562441826,0.967257500
156141503562,-0.142673060,-0.386761129,0.183931142,-0.128089786,-9.522937775,0.970848799
156142764487,-0.146931961,-0.379840434,0.183398768,-0.095768072,-9.518149376,0.924161851
156144025387,-0.151989400,-0.376646250,0.185528219,-0.093373865,-9.515754700,0.907402456
156145286300,-0.155449763,-0.370257914,0.185528219,-0.084994160,-9.557653427,0.888248861
156146547225,-0.156248301,-0.371056437,0.190851837,-0.104147777,-9.552865028,0.855927110
156147808150,-0.162104294,-0.368128449,0.192182750,-0.098162271,-9.555258751,0.854730010
156149069062,-0.163967550,-0.360675395,0.190585658,-0.071826048,-9.506177902,0.763750374
156150329987,-0.167960271,-0.358279765,0.188190028,-0.034715924,-9.528923035,0.788889468
156151590900,-0.171154439,-0.355617940,0.188190028,-0.071826048,-9.555258751,0.798466265
156152851825,-0.171686798,-0.350028127,0.189254761,-0.064643450,-9.575610161,0.823605418
156154112750,-0.180470780,-0.346035421,0.193513662,-0.056263741,-9.583989143,0.790086567
156155373662,-0.183931142,-0.344438344,0.194312200,-0.086191259,-9.569623947,0.786495268
156156634575,-0.186592951,-0.341776520,0.196175471,-0.064643450,-9.593565941,0.797269166
156157895500,-0.192715108,-0.338049978,0.193779841,-0.061052144,-9.598354340,0.731428623
156159156412,-0.195643097,-0.334057271,0.192981288,-0.075417355,-9.575610161,0.725443125
156160417337,-0.200168177,-0.329266012,0.199369639,-0.088585466,-9.588777542,0.731428623
156161678250,-0.206822708,-0.323942393,0.200434357,-0.073023155,-9.606734276,0.720654726
156162939187,-0.214808136,-0.321280569,0.199369639,-0.089782566,-9.574412346,0.647631586
156164200087,-0.219599396,-0.318618774,0.200966731,-0.051475339,-9.597157478,0.709880829
156165461012,-0.227584839,-0.314626068,0.203628540,-0.051475339,-9.587580681,0.693121374
156166721925,-0.234771729,-0.310899526,0.203096181,-0.034715924,-9.605537415,0.653617084
156167982862,-0.243289515,-0.303446442,0.204160899,-0.035913024,-9.561244965,0.623689532
156169243775,-0.246483698,-0.303712636,0.207887441,-0.023942018,-9.548076630,0.644040287
156170504675,-0.250742584,-0.304511160,0.210283071,0.025139118,-9.515754700,0.600944638
156171765600,-0.254735321,-0.298921376,0.210815430,0.047884036,-9.527726173,0.610521436
156173026525,-0.264584005,-0.294662476,0.213743418,0.020350715,-9.496601105,0.573411286
156174287425,-0.269375265,-0.290669769,0.214275777,0.043095630,-9.524134636,0.548272192
156175548375,-0.270706177,-0.288274139,0.214541957,0.046686932,-9.515754700,0.527921498
156176809262,-0.275763601,-0.281619608,0.218268499,0.032321725,-9.461885452,0.519541800
156178070200,-0.284547597,-0.278159231,0.218268499,0.069431849,-9.415198326,0.538695395
156179331125,-0.286677033,-0.277360708,0.221196488,0.061052144,-9.427168846,0.500388145
156180592025,-0.289871216,-0.275231242,0.225987747,0.057460841,-9.415198326,0.539892495
156181852950,-0.293597758,-0.272303253,0.225721568,0.038307227,-9.392453194,0.501585245
156183113862,-0.298122823,-0.270439982,0.226786286,0.071826048,-9.361329079,0.509964943
156184374787,-0.303180277,-0.265914917,0.226786286,0.098162271,-9.321824074,0.500388145
156185635712,-0.307971537,-0.262986928,0.233440816,0.059855044,-9.291896820,0.502782345
156186896612,-0.308503896,-0.262720734,0.229448110,0.022744916,-9.277531624,0.496796846
156188157550,-0.313295156,-0.260857463,0.228383377,0.043095630,-9.233239174,0.538695395
156189418462,-0.316489309,-0.256332397,0.233440816,0.095768072,-9.202114105,0.603338838
156190679375,-0.319417328,-0.252073497,0.234505549,0.099359371,-9.154230118,0.582988143
156191940300,-0.318618774,-0.249944046,0.230512828,0.075417355,-9.102754593,0.565031588
156193201200,-0.319949687,-0.250476420,0.234771729,0.067037649,-9.094375610,0.561440289
156194462137,-0.318352580,-0.248080775,0.234505549,0.096965171,-9.089587212,0.505176544
156195723062,-0.317554057,-0.247016057,0.236102626,0.141257897,-9.059659004,0.561440289
156196983975,-0.324208587,-0.247282237,0.233440816,0.162805721,-8.989029884,0.568622887
156198244887,-0.325539470,-0.239030629,0.232642278,0.178368032,-8.943540573,0.556651890
156199505812,-0.322611481,-0.235836446,0.232642278,0.217872351,-8.930372238,0.554257691
156200766725,-0.316489309,-0.239296809,0.232642278,0.209492654,-8.914810181,0.526724398
156202027650,-0.316489309,-0.237965897,0.234505549,0.219069451,-8.902838707,0.533906996
156203288562,-0.316223145,-0.235836446,0.235570267,0.265756398,-8.876502991,0.551863492
156204549487,-0.311431885,-0.234239370,0.235836446,0.339976639,-8.829815865,0.536301196
156205810412,-0.309036255,-0.236102626,0.231843740,0.348356336,-8.795100212,0.581791043
156207071325,-0.304511160,-0.236368805,0.231311366,0.375889659,-8.704120636,0.553060591
156208332250,-0.300518453,-0.233174637,0.232109919,0.421379507,-8.700529099,0.586579442
156209593162,-0.294662476,-0.233440816,0.231843740,0.444124430,-8.714894295,0.549469292
156210854075,-0.288806498,-0.236635000,0.231045187,0.441730231,-8.674192429,0.640448987
156212115000,-0.285079956,-0.236901179,0.231045187,0.469263524,-8.640673637,0.611718535
156213375912,-0.282684326,-0.236901179,0.227851018,0.519541800,-8.619126320,0.571017087
156214636837,-0.275497437,-0.243555695,0.227584839,0.553060591,-8.635885239,0.633266330
156215897762,-0.271238536,-0.247814596,0.228649557,0.543483794,-8.605957985,0.608127236
156217158687,-0.264850199,-0.241426259,0.221196488,0.575805485,-8.585607529,0.677559078
156218419600,-0.258461833,-0.244088069,0.220930308,0.606930137,-8.518569946,0.714669228
156219680512,-0.249944046,-0.249677867,0.216937587,0.638054729,-8.560468674,0.639251888
156220941450,-0.245951325,-0.252073497,0.213477239,0.687135875,-8.552088737,0.663193882
156222202325,-0.238498256,-0.250476420,0.214009598,0.696712673,-8.525752068,0.693121374
156223463275,-0.232908458,-0.249944046,0.210283071,0.738611221,-8.446743965,0.708683729
156224724200,-0.224923030,-0.253670573,0.203096181,0.735019922,-8.413225174,0.673967779
156225985100,-0.219067037,-0.261389822,0.208153620,0.750582218,-8.429984093,0.703895330
156227246037,-0.212678701,-0.262188375,0.203096181,0.769735873,-8.431180954,0.638054729
156228506962,-0.204959437,-0.266181082,0.196175471,0.737414122,-8.419210434,0.695515573
156229767875,-0.194312200,-0.271770895,0.196175471,0.751779318,-8.366538048,0.667982280
156231028787,-0.187391490,-0.273900360,0.191916570,0.837970614,-8.339004517,0.705092430
156232289712,-0.181801692,-0.274166524,0.183664948,0.845153213,-8.361749649,0.726640224
156233550637,-0.172751531,-0.276029795,0.184197322,0.808043063,-8.289923668,0.682347476
156234811537,-0.164766103,-0.276828349,0.181003138,0.803254664,-8.280346870,0.661996782
156236072462,-0.154917404,-0.281885773,0.178075150,0.836773515,-8.280346870,0.679953277
156237333400,-0.148795232,-0.288274139,0.168758810,0.810437262,-8.261193275,0.711077929
156238594312,-0.141608343,-0.293597758,0.163967550,0.875080705,-8.292317390,0.696712673
156239855212,-0.134155273,-0.294130117,0.155982122,0.871489406,-8.299500465,0.689530075
156241116150,-0.126702204,-0.295461029,0.153320312,0.877474904,-8.285135269,0.695515573
156242377062,-0.118982948,-0.301317006,0.151190862,0.875080705,-8.309077263,0.711077929
156243637987,-0.110731333,-0.307172984,0.140809804,0.859518409,-8.275558472,0.739808321
156244898900,-0.101681180,-0.307971537,0.136284724,0.823605418,-8.346187592,0.743399620
156246159825,-0.097954646,-0.311964244,0.129630193,0.842759013,-8.342596054,0.727837324
156247420737,-0.091033936,-0.317820221,0.119249128,0.847547412,-8.367734909,0.706289530
156248681637,-0.082249962,-0.316489309,0.111796059,0.829590917,-8.349778175,0.717063427
156249942575,-0.071070351,-0.325273305,0.109932795,0.828393817,-8.400056839,0.737414122
156251203487,-0.066545270,-0.331395477,0.104609169,0.827196717,-8.400056839,0.733822823
156252464400,-0.065746732,-0.326870382,0.092364840,0.823605418,-8.426392555,0.678756177
156253725325,-0.058027480,-0.327935100,0.088372126,0.812831461,-8.432378769,0.717063427
156254986250,-0.048977323,-0.340445608,0.087307401,0.845153213,-8.474276543,0.762553275
156256247187,-0.042588975,-0.343107432,0.087307401,0.835576415,-8.526949883,0.778115571
156257508075,-0.038063895,-0.344970703,0.075595431,0.802057564,-8.516175270,0.756567717
156258769000,-0.033804998,-0.349229604,0.069473267,0.768538773,-8.467094421,0.766144574
156260029937,-0.028747559,-0.353754669,0.068142362,0.851138711,-8.520963669,0.852335811
156261290850,-0.022093032,-0.355085582,0.068408541,0.820014060,-8.532935143,0.828393817
156262551775,-0.019963583,-0.356682658,0.062020194,0.757764816,-8.543708801,0.836773515
156263812700,-0.014906141,-0.362804830,0.063883461,0.786495268,-8.588001251,0.785298169
156265073600,-0.012510511,-0.365200460,0.056962755,0.773327172,-8.591592789,0.809240162
156266334525,-0.007719252,-0.371322632,0.053768583,0.770932972,-8.609549522,0.821211219
156267595437,-0.002927992,-0.378509521,0.053502399,0.805648863,-8.640673637,0.842759013
156268856350,-0.003194173,-0.378243327,0.053502399,0.757764816,-8.656236649,0.872686505
156270117275,-0.000266181,-0.381437510,0.052437674,0.767341673,-8.708909035,0.893037260
156271378212,0.001330905,-0.379840434,0.055631850,0.697909772,-8.719682693,0.875080705
156272639100,0.005323622,-0.384099305,0.055898029,0.733822823,-8.677783966,0.883460462
156273900037,0.004791260,-0.391286194,0.050308228,0.745793819,-8.716091156,0.907402456
156275160962,0.007985433,-0.392350942,0.054833304,0.746990919,-8.738836288,0.907402456
156276421875,0.009582520,-0.391286194,0.052437674,0.707486629,-8.795100212,0.885854661
156277682800,0.012776692,-0.399803996,0.052171495,0.696712673,-8.826224327,0.950498104
156278943712,0.011179605,-0.399005473,0.054034762,0.705092430,-8.813056946,0.910993755
156280204637,0.010381063,-0.400336355,0.057761297,0.673967779,-8.886079788,0.912190855
156281465550,0.011445787,-0.402998179,0.053236220,0.720654726,-8.914810181,0.919373453
156282726462,0.009582520,-0.410185069,0.051639132,0.694318473,-8.942343712,0.914585054
156283987387,0.013042874,-0.415774882,0.056430392,0.651222885,-8.992621422,0.931344450
156285248325,0.012776692,-0.414177775,0.057495117,0.701501131,-8.977059364,0.956483603
156286509212,0.011179605,-0.417638123,0.056696571,0.660799682,-9.014169693,0.916979253
156287770162,0.011179605,-0.420299947,0.059890747,0.646434486,-9.036914825,0.975637197
156289031062,0.009050157,-0.427486837,0.063617282,0.667982280,-9.071630478,0.944512606
156290291987,0.003726535,-0.425889760,0.063351102,0.659602582,-9.083600998,0.964863300
156291552900,0.005057441,-0.427220643,0.057761297,0.647631586,-9.106346130,0.978031397
156292813837,0.004791260,-0.429083914,0.049509682,0.682347476,-9.138668060,0.988805294
156294074737,0.003460354,-0.426155925,0.053236220,0.639251888,-9.151836395,1.021126986
156295335675,0.000266181,-0.434141368,0.059358384,0.640448987,-9.216479301,0.969651699
156296596587,0.001597087,-0.437069356,0.054833304,0.673967779,-9.218873978,1.027112484
156297857487,-0.004525078,-0.439198792,0.053502399,0.648828685,-9.244012833,1.024718285
156299118425,-0.006388346,-0.443191528,0.054567125,0.654814184,-9.287108421,1.043871999
156300379350,-0.008517795,-0.442392975,0.054567125,0.651222885,-9.309853554,1.006761789
156301640262,-0.014107598,-0.446385682,0.055099487,0.694318473,-9.279926300,1.042674899
156302901175,-0.014373779,-0.447716594,0.050042044,0.689530075,-9.334992409,1.053448796
156304162087,-0.017035590,-0.446385682,0.045783147,0.702698231,-9.323021889,1.077390790
156305423025,-0.023423936,-0.443723887,0.044984605,0.682347476,-9.293093681,1.066616893
156306683925,-0.021028306,-0.450644583,0.039927166,0.678756177,-9.331400871,1.106121182
156307944875,-0.026085747,-0.450378418,0.038596258,0.656011283,-9.330204010,1.107318282
156309205775,-0.030877007,-0.450910777,0.038596258,0.676361978,-9.367314339,1.102529883
156310466687,-0.034869723,-0.456234396,0.034869723,0.648828685,-9.391256332,1.054645896
156311727612,-0.034071181,-0.455435842,0.031409368,0.671573579,-9.340977669,1.106121182
156312988525,-0.037265353,-0.461025655,0.024222480,0.678756177,-9.384073257,1.144428372
156314249450,-0.041524250,-0.462888926,0.023956299,0.690727174,-9.374496460,1.103726983
156315510375,-0.042056613,-0.463155091,0.025021022,0.677559078,-9.314641953,1.110909581
156316771287,-0.044452243,-0.463421285,0.019431220,0.718260527,-9.384073257,1.101332784
156318032225,-0.040991887,-0.470608175,0.018898858,0.684741676,-9.351752281,1.110909581
156319293125,-0.045250785,-0.462622732,0.014906141,0.644040287,-9.321824074,1.092953086
156320554062,-0.047380235,-0.461824208,0.008517795,0.636857629,-9.380482674,1.126471877
156321814975,-0.042855155,-0.462622732,0.005323622,0.712275028,-9.354146004,1.121683478
156323075887,-0.043121338,-0.465550721,0.000000000,0.666785181,-9.363722801,1.121683478
156324336800,-0.047114052,-0.470341980,0.001064724,0.664390981,-9.358934402,1.125274777
156325597750,-0.043919880,-0.473536164,0.000000000,0.679953277,-9.375694275,1.146822572
156326858637,-0.041524250,-0.467413992,-0.004525078,0.627280831,-9.351752281,1.149216771
156328119575,-0.043919880,-0.470608175,-0.008783977,0.675164878,-9.331400871,1.217451572
156329380500,-0.040991887,-0.474867076,-0.012510511,0.669179380,-9.381679535,1.179144382
156330641400,-0.045783147,-0.475133240,-0.015438504,0.639251888,-9.367314339,1.158793688
156331902325,-0.044718422,-0.473003805,-0.018100314,0.574608386,-9.412803650,1.175553083
156333163237,-0.037797716,-0.476730347,-0.016503228,0.562637389,-9.380482674,1.194706678
156334424162,-0.036732990,-0.477262706,-0.015970865,0.605733037,-9.378087997,1.183932781
156335685062,-0.037797716,-0.473802358,-0.022625392,0.620098233,-9.369708061,1.167173386
156336946000,-0.035934448,-0.472737610,-0.030610826,0.603338838,-9.375694275,1.187524080
156338206925,-0.040193345,-0.474068522,-0.027949015,0.572214186,-9.384073257,1.134851575
156339467825,-0.032740276,-0.474334717,-0.034337360,0.561440289,-9.382876396,1.152808070
156340728775,-0.028481377,-0.476996511,-0.037265353,0.591367841,-9.400833130,1.152808070
156341989675,-0.027150471,-0.477262706,-0.039927166,0.580593944,-9.345766068,1.189918280
156343250612,-0.025553385,-0.476464152,-0.042322792,0.574608386,-9.376891136,1.198297977
156344511512,-0.021294488,-0.476730347,-0.046847872,0.551863492,-9.380482674,1.175553083
156345772412,-0.018898858,-0.478593618,-0.046049330,0.553060591,-9.362525940,1.152808070
156347033350,-0.017035590,-0.473802358,-0.046049330,0.519541800,-9.394847870,1.159990788
156348294287,-0.014107598,-0.474867076,-0.051372953,0.526724398,-9.408015251,1.173158884
156349555187,-0.008251614,-0.473269999,-0.053236220,0.525527298,-9.412803650,1.222239971
156350816112,-0.005323622,-0.477262706,-0.056164213,0.523133099,-9.416395187,1.211466074
156352077050,-0.004258898,-0.473003805,-0.059092201,0.460883826,-9.453505516,1.180341482
156353337962,0.002395630,-0.473802358,-0.066545270,0.507570744,-9.458293915,1.246181965
156354598862,0.002129449,-0.474068522,-0.067343816,0.526724398,-9.435548782,1.265335560
156355859787,0.005057441,-0.470874369,-0.068674721,0.446518630,-9.443928719,1.284489274
156357120712,0.009848701,-0.469809622,-0.070271812,0.434547603,-9.461885452,1.262941360
156358381625,0.010647244,-0.468478739,-0.077991061,0.441730231,-9.484629631,1.274912357
156359642550,0.011179605,-0.468744904,-0.078789607,0.402225882,-9.475052834,1.322796464
156360903475,0.011445787,-0.464752197,-0.080386691,0.421379507,-9.490615845,1.265335560
156362164400,0.009582520,-0.466349274,-0.087573580,0.398634583,-9.493009567,1.297657371
156363425312,0.013841417,-0.458630025,-0.082782321,0.391451985,-9.494207382,1.266532660
156364686225,0.020495944,-0.456766754,-0.090235390,0.415394008,-9.558850288,1.267729759
156365947150,0.015704684,-0.459694743,-0.092631020,0.444124430,-9.558850288,1.349132657
156367208087,0.018100314,-0.454371125,-0.092897199,0.399831682,-9.575610161,1.272518158
156368468987,0.027949015,-0.449313700,-0.094760470,0.478840351,-9.601945877,1.268926859
156369729912,0.031675551,-0.447982788,-0.102479719,0.465672225,-9.609128952,1.265335560
156370990837,0.035402086,-0.449047506,-0.105673894,0.442927331,-9.591172218,1.225831270
156372251750,0.040459525,-0.448515147,-0.103278264,0.495599747,-9.616311073,1.320402265
156373512662,0.038063895,-0.446119517,-0.101414993,0.438138902,-9.685743332,1.368286252
156374773587,0.036732990,-0.447184235,-0.105673894,0.424970806,-9.724050522,1.289277673
156376034512,0.039660983,-0.443990052,-0.111796059,0.526724398,-9.716867447,1.264138460
156377295425,0.037531536,-0.442392975,-0.108335704,0.493205547,-9.763554573,1.276109457
156378556337,0.040193345,-0.443457693,-0.105141535,0.575805485,-9.840168953,1.323993564
156379817275,0.045783147,-0.438666433,-0.106472440,0.541089594,-9.801861763,1.302445769
156381078200,0.050042044,-0.436536998,-0.104076810,0.599747539,-9.838972092,1.276109457
156382339100,0.050574407,-0.442126811,-0.105673894,0.647631586,-9.824606895,1.349132657
156383600025,0.048444960,-0.438666433,-0.104609169,0.642843187,-9.855731010,1.303642869
156384860937,0.050574407,-0.439464986,-0.095026650,0.719457626,-9.906009674,1.335964561
156386121875,0.050574407,-0.434407532,-0.099019364,0.726640224,-9.937133789,1.294066072
156387382787,0.050840590,-0.440529704,-0.096623734,0.775721371,-9.998186111,1.327584863
156388643712,0.051106770,-0.444256246,-0.091300115,0.742202520,-10.001777649,1.337161660
156389904637,0.050308228,-0.440529704,-0.087307401,0.786495268,-10.010157585,1.382651448
156391165550,0.053236220,-0.443191528,-0.086508855,0.799663365,-9.979032516,1.363497853
156392426462,0.054567125,-0.443191528,-0.084113225,0.851138711,-10.017339706,1.365892053
156393687387,0.055099487,-0.440263540,-0.079588145,0.823605418,-10.079588890,1.349132657
156394948325,0.057228934,-0.440529704,-0.078789607,0.825999618,-10.060435295,1.377863050
156396209225,0.059358384,-0.444256246,-0.070271812,0.871489406,-10.103530884,1.327584863
156397470150,0.056696571,-0.449846059,-0.066545270,0.837970614,-10.149021149,1.345541358
156398731062,0.055099487,-0.444788605,-0.062818736,0.895431459,-10.172963142,1.367089152
156399991987,0.056430392,-0.448248953,-0.065746732,0.873883605,-10.214861870,1.386242747
156401252912,0.058293659,-0.447450429,-0.062286377,0.912190855,-10.229227066,1.358709455
156402513825,0.055365667,-0.450378418,-0.056430392,0.919373453,-10.244789124,1.316810966
156403774750,0.052171495,-0.453838766,-0.055099487,0.900219858,-10.268731117,1.314416766
156405035675,0.055898029,-0.457831472,-0.045783147,0.920570552,-10.263942719,1.350329757
156406296587,0.058559842,-0.459960938,-0.045250785,0.893037260,-10.291476250,1.355118155
156407557512,0.054300942,-0.457032949,-0.046581693,0.912190855,-10.350133896,1.343147159
156408818412,0.050308228,-0.457032949,-0.040991887,0.926556051,-10.368090630,1.312022567
156410079350,0.048444960,-0.462622732,-0.036732990,0.908599555,-10.378864288,1.319205165
156411340275,0.048977323,-0.464752197,-0.033272635,0.928950250,-10.420763016,1.332373261
156412601175,0.044718422,-0.463687479,-0.030344645,0.930147350,-10.443508148,1.353921056
156413862112,0.047380235,-0.467946351,-0.026618110,0.926556051,-10.442310333,1.328781962
156415123025,0.048977323,-0.469011098,-0.022359211,0.926556051,-10.456675529,1.344344258
156416383937,0.044984605,-0.473003805,-0.013841417,0.931344450,-10.497377396,1.387439847
156417644850,0.044718422,-0.470874369,-0.012776692,0.919373453,-10.515334129,1.343147159
156418905775,0.044452243,-0.473269999,-0.014107598,0.966060400,-10.506954193,1.333570361
156420166700,0.040193345,-0.472205251,-0.006920708,0.900219858,-10.517727852,1.341950059
156421427612,0.041790433,-0.472471446,-0.004791260,0.871489406,-10.530896187,1.332373261
156422688550,0.041524250,-0.472205251,-0.007719252,0.887051761,-10.557232857,1.353921056
156423949462,0.036999173,-0.475931793,-0.002927992,0.899022758,-10.535684586,1.343147159
156425210387,0.033538818,-0.473003805,-0.002395630,0.878672004,-10.520122528,1.347935557
156426471300,0.031941731,-0.471140534,0.004791260,0.864306808,-10.534487724,1.371877551
156427732225,0.028481377,-0.470608175,0.001863268,0.860715508,-10.493785858,1.325190663
156428993150,0.029546101,-0.469011098,0.007985433,0.847547412,-10.536881447,1.346738458
156430254062,0.027682833,-0.475133240,0.009848701,0.910993755,-10.521319389,1.323993564
156431514987,0.025553385,-0.474867076,0.011445787,0.855927110,-10.552444458,1.318008065
156432775912,0.027682833,-0.472471446,0.017035590,0.865503907,-10.521319389,1.332373261
156434036825,0.021028306,-0.470608175,0.014639961,0.858321309,-10.488997459,1.315613866
156435297737,0.021294488,-0.470075816,0.015704684,0.888248861,-10.526107788,1.327584863
156436558662,0.020229762,-0.472737610,0.018366495,0.829590917,-10.522516251,1.307234168
156437819600,0.019431220,-0.473003805,0.021560669,0.849941611,-10.473435402,1.355118155
156439080500,0.017035590,-0.473802358,0.020229762,0.842759013,-10.484209061,1.322796464
156440341425,0.019697402,-0.477528870,0.019165039,0.828393817,-10.471041679,1.301248670
156441602362,0.020229762,-0.474068522,0.026884291,0.815225661,-10.485406876,1.327584863
156442863262,0.020762125,-0.473003805,0.032474093,0.858321309,-10.500968933,1.346738458
156444124187,0.020762125,-0.472737610,0.028215196,0.851138711,-10.472238541,1.356315255
156445385112,0.018366495,-0.474334717,0.026085747,0.821211219,-10.443508148,1.339555860
156446646037,0.017567953,-0.476996511,0.031409368,0.848744512,-10.461464882,1.334767461
156447906937,0.019165039,-0.474068522,0.032207914,0.857124209,-10.445901871,1.382651448
156449167862,0.025021022,-0.470874369,0.032474093,0.836773515,-10.407594681,1.350329757
156450428787,0.017567953,-0.469277263,0.035934448,0.845153213,-10.370484352,1.363497853
156451689712,0.020495944,-0.473536164,0.039394803,0.855927110,-10.358513832,1.355118155
156452950625,0.021294488,-0.471939087,0.042588975,0.896628559,-10.309432983,1.382651448
156454211562,0.024754841,-0.472205251,0.042056613,0.906205356,-10.283096313,1.408987761
156455472487,0.024754841,-0.465550721,0.042322792,0.955286503,-10.249577522,1.429338455
156456733400,0.021028306,-0.465816915,0.042322792,0.914585054,-10.212467194,1.454477549
156457994300,0.021294488,-0.465550721,0.048178777,0.945709705,-10.163386345,1.444900751
156459255225,0.024222480,-0.462090373,0.050308228,0.943315506,-10.135852814,1.417367458
156460516125,0.028747559,-0.464752197,0.053236220,0.891840160,-10.074800491,1.449689150
156461777062,0.032207914,-0.466083109,0.052703857,0.979228497,-10.030508041,1.465251446
156463038012,0.027150471,-0.464486003,0.052171495,0.943315506,-10.007762909,1.459265947
156464298912,0.034869723,-0.458630025,0.053768583,0.964863300,-9.950302124,1.476025343
156465559837,0.036732990,-0.460493296,0.057761297,0.988805294,-9.892841339,1.447294950
156466820750,0.038596258,-0.466349274,0.056962755,0.962469101,-9.896432877,1.515529633
156468081662,0.042588975,-0.465018362,0.062552556,0.980425596,-9.849745750,1.441309452
156469342587,0.044452243,-0.465018362,0.064948186,0.999579191,-9.791088104,1.399410963
156470603512,0.050042044,-0.468744904,0.064682007,1.015141487,-9.758766174,1.472434044
156471864437,0.052437674,-0.467147827,0.070537992,1.017535686,-9.734824181,1.448492050
156473125350,0.053502399,-0.467680186,0.071868896,1.007958889,-9.716867447,1.477222443
156474386262,0.058293659,-0.469277263,0.065214366,0.999579191,-9.689333916,1.497573137
156475647212,0.061754014,-0.470874369,0.070804171,1.046266198,-9.651026726,1.440112352
156476908112,0.066811457,-0.469277263,0.078257240,1.033097982,-9.646238327,1.495178938
156478169037,0.072401255,-0.465018362,0.074796885,1.009155989,-9.572018623,1.549048543
156479429950,0.077192515,-0.466083109,0.079854332,1.031900883,-9.554061890,1.522712350
156480690875,0.082516141,-0.468478739,0.086242676,1.023521185,-9.549273491,1.531092048
156481951775,0.081451416,-0.470341980,0.084379405,1.016338587,-9.527726173,1.570596337
156483212712,0.091300115,-0.466349274,0.089436844,0.978031397,-9.485827446,1.611297727
156484473625,0.097688459,-0.467680186,0.089170665,0.958877802,-9.527726173,1.608903527
156485734562,0.097688459,-0.466083109,0.088904485,1.000776291,-9.466673851,1.610100627
156486995462,0.101681180,-0.468744904,0.090501569,0.976834297,-9.491812706,1.578976035
156488256400,0.105141535,-0.463953644,0.092098661,0.960074902,-9.441534042,1.582567334
156489517325,0.106472440,-0.462090373,0.097422279,0.946906805,-9.387664795,1.617283225
156490778237,0.110198975,-0.465550721,0.102745906,0.942118347,-9.345766068,1.642422438
156492039150,0.113925509,-0.466349274,0.101148814,0.988805294,-9.336189270,1.643619537
156493300087,0.117652044,-0.465550721,0.104609169,0.951695204,-9.267954826,1.644816637
156494561000,0.121112399,-0.465018362,0.101414993,0.946906805,-9.230844498,1.628057122
156495821950,0.125105113,-0.467147827,0.102479719,0.967257500,-9.211690903,1.636436820
156497082825,0.128565475,-0.463687479,0.108335704,0.944512606,-9.163806915,1.620874524
156498343762,0.133889094,-0.458896220,0.107803345,0.945709705,-9.135076523,1.632845521
156499604675,0.136018544,-0.465284556,0.110731333,0.984016895,-9.097966194,1.674744129
156500865612,0.138946533,-0.459428579,0.109666608,0.963666201,-9.035717010,1.697489023
156502126525,0.149061412,-0.462090373,0.110198975,0.981622696,-9.024943352,1.690306425
156503387450,0.150924683,-0.455702037,0.110465154,0.938527048,-9.006986618,1.673547029
156504648375,0.152255580,-0.454104960,0.107537165,0.909796655,-8.960299492,1.644816637
156505909287,0.161039561,-0.455968201,0.106738620,0.910993755,-8.956708908,1.732204914
156507170212,0.169024989,-0.458097667,0.106206253,0.887051761,-8.953117371,1.746570110
156508431125,0.172751531,-0.456500590,0.107004799,0.872686505,-8.932766914,1.735796213
156509692062,0.183664948,-0.456500590,0.100882635,0.893037260,-8.927978516,1.690306425
156510952962,0.190319479,-0.454371125,0.100882635,0.831985116,-8.945934296,1.725022316
156512213900,0.200700551,-0.454371125,0.096357554,0.828393817,-8.960299492,1.714248419
156513474812,0.212146327,-0.451176941,0.094760470,0.790086567,-9.050082207,1.708262920
156514735725,0.221728846,-0.449579865,0.087307401,0.830788016,-9.112331390,1.741781712
156515996662,0.231843740,-0.452507854,0.086242676,0.809240162,-9.132682800,1.663970232
156517257562,0.240095347,-0.453040212,0.084379405,0.758961916,-9.230844498,1.673547029
156518518500,0.252605855,-0.454903483,0.072135076,0.748188019,-9.305065155,1.702277422
156519779425,0.261123657,-0.454104960,0.067343816,0.723048925,-9.379284859,1.687912226
156521040337,0.270439982,-0.453040212,0.072933622,0.729034424,-9.494207382,1.672349930
156522301250,0.283482879,-0.454104960,0.068940900,0.737414122,-9.563638687,1.726219416
156523562175,0.293597758,-0.453572571,0.061754014,0.727837324,-9.686940193,1.782483220
156524823087,0.299986094,-0.451975495,0.053502399,0.694318473,-9.779116631,1.826775908
156526084000,0.311165690,-0.453306407,0.054300942,0.690727174,-9.879673004,1.841141105
156527344937,0.322611481,-0.450644583,0.053502399,0.682347476,-9.999383926,1.934514999
156528605850,0.326338023,-0.447450429,0.051639132,0.681150377,-10.028114319,1.956062794
156529866762,0.328999847,-0.444788605,0.045783147,0.656011283,-10.141838074,1.996764183
156531127700,0.338848531,-0.443457693,0.046315510,0.628477931,-10.184933662,2.079364300
156532388612,0.348697245,-0.443990052,0.048178777,0.659602582,-10.232818604,2.108094692
156533649525,0.348431051,-0.438666433,0.042855155,0.660799682,-10.315418243,2.140416384
156534910462,0.358279765,-0.437069356,0.040459525,0.708683729,-10.357316971,2.196680069
156536171375,0.361207753,-0.436270803,0.034603544,0.714669228,-10.415974617,2.175132275
156537432300,0.365200460,-0.440529704,0.030078463,0.731428623,-10.427945137,2.214636564
156538693212,0.372121155,-0.436270803,0.039927166,0.715866327,-10.462661743,2.266111851
156539954137,0.376646250,-0.431745738,0.031675551,0.736217022,-10.497377396,2.278082848
156541215062,0.382502228,-0.433875173,0.027682833,0.756567717,-10.528502464,2.333149672
156542475975,0.386761129,-0.431213379,0.026884291,0.752976418,-10.515334129,2.323572874
156543736900,0.397142202,-0.427220643,0.021560669,0.755370617,-10.480618477,2.321178675
156544997812,0.404595256,-0.426954478,0.019963583,0.752976418,-10.497377396,2.419340849
156546258750,0.408055604,-0.433875173,0.018100314,0.790086567,-10.499772072,2.361880064
156547519650,0.414177775,-0.432544291,0.017035590,0.812831461,-10.488997459,2.415749550
156548780600,0.422429383,-0.427220643,0.014906141,0.798466265,-10.460267067,2.420537949
156550041500,0.429083914,-0.430947185,0.011978149,0.835576415,-10.478223801,2.415749550
156551302425,0.441594422,-0.428285390,0.013841417,0.814028561,-10.431536674,2.437297344
156552563350,0.455968201,-0.427753031,0.010647244,0.787692368,-10.483012199,2.457648039
156553824262,0.464219838,-0.434141368,0.005057441,0.851138711,-10.548852921,2.430114746
156555085187,0.475133240,-0.432544291,0.006122165,0.866701007,-10.554838181,2.391807556
156556346100,0.488442302,-0.430681020,0.002129449,0.803254664,-10.587160110,2.448071241
156557607037,0.502017558,-0.433342814,-0.002129449,0.784101069,-10.655394554,2.427720547
156558867962,0.518520772,-0.439997345,-0.008783977,0.786495268,-10.745177269,2.395398855
156560128875,0.530232728,-0.443457693,-0.004258898,0.769735873,-10.832565308,2.427720547
156561389787,0.544074178,-0.445587158,-0.012244331,0.782903969,-10.955866814,2.431311846
156562650712,0.566699564,-0.448515147,-0.013841417,0.744596720,-11.069591522,2.415749550
156563911637,0.582404256,-0.454903483,-0.011711968,0.693121374,-11.227608681,2.427720547
156565172562,0.597576559,-0.456500590,-0.012776692,0.688332975,-11.376049042,2.420537949
156566433475,0.613281250,-0.459162384,-0.019165039,0.667982280,-11.568782806,2.412158251
156567694387,0.630849183,-0.464486003,-0.020495944,0.645237386,-11.757925034,2.470816135
156568955300,0.651877522,-0.471939087,-0.022359211,0.617704034,-11.967417717,2.476801634
156570216225,0.663323283,-0.475399435,-0.019165039,0.553060591,-12.125434875,2.469619036
156571477162,0.676099956,-0.479924500,-0.017035590,0.663193882,-12.339715958,2.535459518
156572738087,0.688876688,-0.488176137,-0.006388346,0.591367841,-12.540828705,2.568978548
156573999012,0.700056255,-0.489507020,-0.000798543,0.569819987,-12.743138313,2.632424831
156575259912,0.708574057,-0.487111390,0.001064724,0.563834488,-12.854469299,2.728192806
156576520850,0.708041728,-0.490039408,0.001597087,0.568622887,-13.071144104,2.786850691
156577781762,0.712300599,-0.495629191,0.011978149,0.517147601,-13.208810806,2.833537817
156579042687,0.714430034,-0.494564474,0.019431220,0.584185243,-13.330915451,2.928108692
156580303612,0.703516603,-0.491104126,0.031409368,0.594959140,-13.320140839,3.065775394
156581564525,0.701120973,-0.492435038,0.039394803,0.574608386,-13.333309174,3.175908566
156582825450,0.692337036,-0.490837932,0.049509682,0.586579442,-13.306973457,3.245340347
156584086350,0.676099956,-0.490837932,0.060955472,0.666785181,-13.293805122,3.283647537
156585347300,0.660661459,-0.488974661,0.073199801,0.676361978,-13.245921135,3.347094059
156586608200,0.651078939,-0.484183401,0.080919050,0.711077929,-13.151350021,3.423708439
156587869125,0.633511007,-0.483384877,0.088105939,0.729034424,-12.998121262,3.500322819
156589130037,0.617273986,-0.480989248,0.096091375,0.745793819,-12.823344231,3.472789526
156590390962,0.597842753,-0.475665629,0.098753184,0.767341673,-12.585121155,3.458424330
156591651887,0.581871867,-0.474600881,0.104076810,0.800860465,-12.336124420,3.464409828
156592912812,0.569893718,-0.468478739,0.110465154,0.778115571,-12.124237061,3.447650433
156594173725,0.552858114,-0.462622732,0.118716769,0.791283667,-11.864466667,3.424905539
156595434650,0.536621094,-0.464486003,0.119515315,0.805648863,-11.595118523,3.317166567
156596695562,0.526240051,-0.460227102,0.116587318,0.848744512,-11.347318649,3.229778051
156597956487,0.510535359,-0.460227102,0.125637472,0.822408319,-11.135432243,3.187879562
156599217412,0.502283752,-0.455702037,0.128565475,0.825999618,-10.879252434,3.104082584
156600478337,0.496161550,-0.455169678,0.125903651,0.804451764,-10.688913345,3.064578295
156601739250,0.489507020,-0.458097667,0.129364014,0.756567717,-10.389637947,2.986766577
156603000175,0.479924500,-0.456234396,0.134421453,0.816422760,-10.212467194,2.918531895
156604261100,0.478859782,-0.454637319,0.137615621,0.802057564,-9.999383926,2.838326216
156605522025,0.474334717,-0.454903483,0.139478892,0.821211219,-9.789891243,2.822763920
156606782937,0.472737610,-0.451443136,0.137615621,0.839167714,-9.613917351,2.761711597
156608043850,0.469543457,-0.453838766,0.134155273,0.825999618,-9.448717117,2.780865192
156609304787,0.469543457,-0.451709330,0.140277430,0.879869103,-9.253589630,2.717418909
156610565712,0.470608175,-0.453306407,0.140809804,0.925358951,-9.088389397,2.691082716
156611826600,0.468212545,-0.457032949,0.140809804,0.914585054,-8.957905769,2.758120298
156613087537,0.473003805,-0.457565308,0.138147995,0.931344450,-8.781931877,2.743755102
156614348450,0.476730347,-0.458896220,0.133889094,0.973242998,-8.647856712,2.747346401
156615609400,0.477795064,-0.459162384,0.133090541,1.052251697,-8.531738281,2.779668093
156616870312,0.480723053,-0.458630025,0.135486171,1.122880578,-8.457517624,2.801216125
156618131237,0.488442302,-0.465284556,0.133622915,1.142034173,-8.349778175,2.811990023
156619392137,0.492701203,-0.466881633,0.130694911,1.154005170,-8.300697327,2.890998602
156620653062,0.496960104,-0.464219838,0.127500743,1.259350061,-8.299500465,2.924517393
156621913987,0.503348470,-0.463421285,0.122443303,1.271321058,-8.224082947,2.984372377
156623174925,0.512398601,-0.466881633,0.121112399,1.355118155,-8.154650688,3.015496969
156624435825,0.515326619,-0.475399435,0.115256414,1.455674648,-8.115146637,3.051410198
156625696750,0.521448791,-0.479392141,0.108601883,1.479616642,-8.107964516,3.078943491
156626957687,0.528103292,-0.480989248,0.108069524,1.546654344,-8.100781441,3.178302765
156628218575,0.537153423,-0.483118683,0.101414993,1.593341231,-8.091204643,3.184288263
156629479500,0.540081441,-0.485514313,0.097422279,1.620874524,-8.061277390,3.263296843
156630740437,0.546469808,-0.490039408,0.094494291,1.727416515,-8.048109055,3.325546265
156632001362,0.553124309,-0.502283752,0.086775035,1.751358509,-8.036138535,3.420117140
156633262262,0.562174499,-0.505744100,0.084379405,1.781286120,-8.052897453,3.405751944
156634523212,0.570159912,-0.512664795,0.078523420,1.827973008,-8.022970200,3.473986626
156635784112,0.575483501,-0.515326619,0.078523420,1.902193308,-8.076839447,3.485957623
156637045037,0.578943908,-0.522779644,0.074264526,1.889025211,-8.072051048,3.519476414
156638305962,0.586663127,-0.527304769,0.067077637,1.903390408,-8.074445724,3.525461912
156639566875,0.596245646,-0.533959270,0.063351102,1.989581585,-8.091204643,3.545812845
156640827800,0.599972188,-0.537153423,0.056696571,1.997961283,-8.119935036,3.584120035
156642088725,0.606626689,-0.539016724,0.050308228,1.983596087,-8.139088631,3.548207045
156643349650,0.608223796,-0.547534525,0.051905312,2.030282974,-8.173804283,3.575740337
156644610575,0.619669616,-0.555519938,0.047646414,2.078167200,-8.237251282,3.608062029
156645871475,0.622597575,-0.554721415,0.040193345,2.070984602,-8.257601738,3.627215624
156647132400,0.626057923,-0.559778869,0.034603544,2.081758499,-8.283938408,3.599682331
156648393325,0.634841919,-0.573886454,0.030610826,2.082955599,-8.382100105,3.672705412
156649654250,0.636439025,-0.577612996,0.026618110,2.051830769,-8.446743965,3.664325714
156650915162,0.640165508,-0.577879131,0.023423936,2.012326479,-8.510190010,3.676296711
156652176087,0.643625915,-0.589857280,0.020495944,2.003946781,-8.583212852,3.696647406
156653437012,0.646553874,-0.589324951,0.017567953,1.995567083,-8.700529099,3.750516891
156654697925,0.650014222,-0.591454387,0.011711968,1.946485996,-8.821435928,3.769670486
156655958862,0.645755351,-0.599439800,0.003992716,1.909375906,-8.893261909,3.775656223
156657219775,0.642028809,-0.601036906,0.004525078,1.855506301,-8.995016098,3.781641722
156658480700,0.642827332,-0.609554708,0.003194173,1.850717902,-9.070433617,3.786430120
156659741612,0.634043396,-0.614878356,-0.001863268,1.772906423,-9.202114105,3.811569214
156661002525,0.632978618,-0.616209209,0.003194173,1.802833915,-9.301473618,3.830722809
156662263450,0.625525594,-0.615144491,-0.000532362,1.802833915,-9.356540680,3.847482204
156663524375,0.621799052,-0.622065246,-0.002661811,1.744175911,-9.509769440,3.866635799
156664785287,0.614079773,-0.621266663,-0.000532362,1.729810715,-9.573215485,3.884592295
156666046212,0.603166342,-0.624194682,0.001330905,1.713051319,-9.622296333,3.875015497
156667307137,0.594648540,-0.623662293,0.002661811,1.693897724,-9.696516991,3.849876404
156668568062,0.590922058,-0.624993205,0.011445787,1.665167332,-9.774328232,3.875015497
156669828987,0.580008626,-0.623662293,0.014906141,1.675941229,-9.846154213,3.912125587
156671089900,0.564037740,-0.620468140,0.012244331,1.640028119,-9.886856079,3.918111086
156672350825,0.560045004,-0.624194682,0.024222480,1.647210836,-9.963470459,3.961206675
156673611750,0.547002137,-0.626590312,0.027949015,1.559822440,-10.012551308,3.958812475
156674872662,0.530765116,-0.625525594,0.038596258,1.558625340,-10.084377289,3.939658880
156676133587,0.520384014,-0.625525594,0.047114052,1.547851443,-10.114305496,3.946841478
156677394525,0.506010234,-0.623928487,0.047114052,1.549048543,-10.168174744,3.963600874
156678655425,0.496161550,-0.621266663,0.056164213,1.508347034,-10.198101997,3.989937067
156679916362,0.484449595,-0.619935751,0.066012911,1.528697848,-10.201693535,4.040215492
156681177262,0.467147827,-0.622863770,0.071070351,1.483207941,-10.238803864,3.952826977
156682438200,0.453306407,-0.622331381,0.081185237,1.497573137,-10.297461510,3.992331266
156683699125,0.443990052,-0.618604839,0.088638306,1.452083349,-10.249577522,3.969586372
156684960037,0.427220643,-0.617273986,0.090235390,1.455674648,-10.244789124,4.031835556
156686220937,0.418170512,-0.615943074,0.093429565,1.413776159,-10.267534256,4.018667698
156687481875,0.406458527,-0.618338704,0.104609169,1.386242747,-10.253169060,3.974374771
156688742812,0.392617106,-0.615676880,0.115256414,1.399410963,-10.256760597,4.027047157
156690003725,0.377444804,-0.614612162,0.120846219,1.350329757,-10.266337395,4.010287762
156691264637,0.365200460,-0.610885620,0.124306574,1.367089152,-10.247183800,3.999513865
156692525575,0.351891398,-0.606360555,0.129896373,1.358709455,-10.181343079,4.043806553
156693786487,0.344970703,-0.603964925,0.137349442,1.358709455,-10.176554680,3.992331266
156695047400,0.332992554,-0.603432536,0.137349442,1.329979062,-10.147824287,4.009090900
156696308325,0.325539470,-0.606360555,0.148529053,1.344344258,-10.097545624,3.997119665
156697569250,0.317287862,-0.605828166,0.153320312,1.307234168,-10.030508041,3.980360270
156698830175,0.303712636,-0.598108947,0.155715942,1.303642869,-9.991003990,3.955221176
156700091100,0.300518453,-0.597310364,0.161039561,1.312022567,-9.940725327,3.981557369
156701352012,0.295194834,-0.595979452,0.162370473,1.289277673,-9.909601212,3.985148668
156702612950,0.285612315,-0.594648540,0.163701370,1.329979062,-9.946710587,3.952826977
156703873850,0.281353414,-0.591720581,0.168226451,1.307234168,-9.870096207,3.943250179
156705134775,0.270972341,-0.593850017,0.167161733,1.308431268,-9.812635422,3.955221176
156706395700,0.274166524,-0.590655863,0.163967550,1.312022567,-9.764751434,3.957615376
156707656625,0.269907624,-0.598641276,0.168758810,1.280897975,-9.714473724,3.922899485
156708917537,0.265382558,-0.594382405,0.170622081,1.296460271,-9.625887871,4.019864559
156710178462,0.262720734,-0.589591146,0.166895539,1.325190663,-9.589975357,3.979163170
156711439375,0.259526581,-0.593850017,0.176744252,1.326387763,-9.552865028,3.938461781
156712700312,0.263519287,-0.591454387,0.174614802,1.319205165,-9.497797966,3.974374771
156713961237,0.263785452,-0.590389669,0.183132589,1.304839969,-9.441534042,3.983951569
156715222162,0.255533844,-0.589324951,0.181801692,1.334767461,-9.387664795,4.023456097
156716483087,0.262454569,-0.587195516,0.178873688,1.353921056,-9.326612473,4.006696701
156717743987,0.258195668,-0.587195516,0.181003138,1.344344258,-9.215282440,4.039018154
156719004900,0.256066203,-0.584267497,0.177542791,1.376665950,-9.142259598,4.067748547
156720265837,0.252605855,-0.587195516,0.178341329,1.386242747,-9.102754593,4.091690540
156721526762,0.254469126,-0.585066020,0.179672241,1.387439847,-8.990227699,4.121618271
156722787675,0.250742584,-0.584533691,0.182600230,1.363497853,-8.875306129,4.084507942
156724048600,0.248879328,-0.582936585,0.183664948,1.403002262,-8.760384560,4.056974888
156725309525,0.247016057,-0.581339538,0.187657669,1.408987761,-8.712499619,4.082113743
156726570450,0.248613149,-0.580540955,0.186060578,1.419761658,-8.602366447,4.077325344
156727831362,0.246749878,-0.584001303,0.185794398,1.447294950,-8.475474358,4.078522682
156729092300,0.242757156,-0.580807149,0.183664948,1.460463047,-8.365341187,4.132391930
156730353212,0.241958618,-0.578145325,0.184197322,1.418564558,-8.264783859,4.055777550
156731614125,0.243023336,-0.577612996,0.184995860,1.435323954,-8.143877029,4.059369087
156732875050,0.249145508,-0.580807149,0.190851837,1.441309452,-8.076839447,4.079719543
156734135962,0.246749878,-0.583202779,0.184463501,1.474828243,-7.982268333,4.053383350
156735396900,0.250742584,-0.580274761,0.179406062,1.480813742,-7.905653954,4.021061897
156736657812,0.251008779,-0.580540955,0.179406062,1.492784739,-7.836222172,3.954024076
156737918737,0.252605855,-0.584001303,0.179938421,1.529894948,-7.704541206,3.904942989
156739179662,0.257130951,-0.589591146,0.184729680,1.502361536,-7.651868820,3.952826977
156740440562,0.260325104,-0.594116211,0.176211879,1.537077546,-7.576451302,3.933673382
156741701487,0.260325104,-0.591986775,0.176478058,1.561019540,-7.524975777,3.833117008
156742962412,0.270972341,-0.598641276,0.170888260,1.527500749,-7.499836922,3.790021420
156744223350,0.286410868,-0.604497254,0.171952993,1.582567334,-7.493851185,3.827131510
156745484275,0.290403575,-0.604763448,0.166629359,1.593341231,-7.439981937,3.807977915
156746745212,0.290403575,-0.610619426,0.164766103,1.628057122,-7.422025204,3.752911091
156748006112,0.295461029,-0.615144491,0.166097000,1.704671621,-7.371747017,3.776853323
156749267025,0.303446442,-0.622065246,0.161838099,1.666364431,-7.389703751,3.762487888
156750527950,0.312230438,-0.623928487,0.158111572,1.671152830,-7.417236805,3.734954596
156751788875,0.322877675,-0.630849183,0.157313034,1.689109325,-7.456741333,3.720589399
156753049800,0.329266012,-0.634841919,0.153054133,1.662773132,-7.485471725,3.761290789
156754310712,0.330064565,-0.639100790,0.153054133,1.677138329,-7.514202118,3.793612719
156755571637,0.335920542,-0.649748027,0.143737793,1.698686123,-7.564480305,3.805583715
156756832562,0.342042714,-0.654539287,0.141075984,1.616086125,-7.619546890,3.858256102
156758093462,0.346301615,-0.664920390,0.142140701,1.635239720,-7.671022415,3.883395195
156759354425,0.345769227,-0.666517437,0.135752365,1.641225219,-7.775169849,3.851073503
156760615325,0.348963410,-0.674236715,0.133356735,1.655590534,-7.843404770,3.877409697
156761876250,0.350560486,-0.678761780,0.133889094,1.656787634,-7.905653954,3.861847401
156763137162,0.355884135,-0.683286846,0.130162552,1.695094824,-7.985859871,3.833117008
156764398087,0.358812124,-0.690207601,0.128299281,1.614889026,-8.079234123,3.834314108
156765659012,0.357215017,-0.690739930,0.124306574,1.640028119,-8.186972618,3.853467703
156766919925,0.350826681,-0.693667948,0.118184403,1.611297727,-8.227674484,3.845088005
156768180862,0.352689952,-0.697926819,0.111796059,1.631648421,-8.277952194,3.886986494
156769441775,0.352956116,-0.702984273,0.112062238,1.569399238,-8.334216118,3.892971992
156770702712,0.348164856,-0.708574057,0.112328425,1.537077546,-8.456320763,3.863044500
156771963625,0.349495769,-0.712566793,0.107537165,1.526303649,-8.513781548,3.895366192
156773224537,0.342308879,-0.714430034,0.103544444,1.511938334,-8.611943245,3.946841478
156774485462,0.337783813,-0.716825664,0.098753184,1.541865945,-8.637083054,3.938461781
156775746387,0.333258718,-0.723214030,0.095825195,1.521515250,-8.714894295,3.969586372
156777007312,0.328467458,-0.728803813,0.094494291,1.461660147,-8.771158218,3.956418276
156778268225,0.320482045,-0.733328938,0.094760470,1.448492050,-8.869319916,3.918111086
156779529150,0.316755503,-0.734393656,0.084645584,1.438915253,-8.872911453,3.895366192
156780790087,0.313561320,-0.736523092,0.073465981,1.419761658,-8.950722694,3.965995073
156782051000,0.301050812,-0.734659791,0.073732160,1.414973259,-9.008184433,3.913322687
156783311912,0.292533010,-0.737587810,0.072135076,1.406593561,-9.014169693,3.915716887
156784572837,0.287475586,-0.735458374,0.061754014,1.395819545,-9.081207275,3.939658880
156785833762,0.283749044,-0.739983439,0.052437674,1.321599364,-9.102754593,3.936067581
156787094675,0.273634166,-0.739983439,0.042588975,1.294066072,-9.119514465,3.934870481
156788355625,0.264584005,-0.740249634,0.040459525,1.353921056,-9.174580574,3.925293684
156789616525,0.262188375,-0.739451051,0.032740276,1.285686374,-9.166201591,3.908534288
156790877437,0.257397115,-0.745573223,0.022891574,1.301248670,-9.176975250,3.962403774
156792138362,0.247548416,-0.739184916,0.018366495,1.252167463,-9.202114105,3.922899485
156793399300,0.240627706,-0.739184916,0.006920708,1.241393566,-9.234436035,3.909731388
156794660225,0.236901179,-0.738386333,-0.003992716,1.222239971,-9.220070839,3.954024076
156795921125,0.229448110,-0.738652527,-0.004525078,1.230619669,-9.199720383,3.973177671
156797182050,0.220664129,-0.735990703,-0.013841417,1.218648672,-9.240421295,3.876212597
156798442975,0.212412506,-0.732264161,-0.026618110,1.218648672,-9.224859238,3.879803896
156799703900,0.205491811,-0.733595073,-0.038330078,1.204283476,-9.232041359,3.866635799
156800964812,0.195909292,-0.734925985,-0.042855155,1.218648672,-9.227252960,3.870227098
156802225750,0.189787120,-0.733062744,-0.054300942,1.155202270,-9.226056099,3.836708307
156803486662,0.182334051,-0.729336202,-0.064682007,1.200692177,-9.198522568,3.837905407
156804747587,0.179406062,-0.722947836,-0.072135076,1.164779186,-9.162610054,3.841496706
156806008525,0.170622081,-0.721883118,-0.084379405,1.158793688,-9.167398453,3.835511208
156807269412,0.167161733,-0.715760946,-0.095292829,1.126471877,-9.125499725,3.815160513
156808530362,0.157845393,-0.716027141,-0.097954646,1.165976286,-9.114726067,3.758896589
156809791287,0.147730514,-0.712034404,-0.107537165,1.148019671,-9.063250542,3.764882088
156811052200,0.146665782,-0.708307862,-0.121910945,1.175553083,-9.040505409,3.760093689
156812313112,0.139478892,-0.705912232,-0.126436025,1.140837073,-9.048885345,3.758896589
156813574037,0.136550903,-0.702451885,-0.134687632,1.107318282,-8.984241486,3.750516891
156814834975,0.124838933,-0.694998860,-0.144802511,1.200692177,-8.961497307,3.756502390
156816095875,0.118982948,-0.695797384,-0.153320312,1.212663174,-8.911218643,3.738545895
156817356812,0.118716769,-0.692869365,-0.160241023,1.173158884,-8.888473511,3.714603901
156818617737,0.114191689,-0.689675212,-0.169823542,1.234210968,-8.854954720,3.697844505
156819878637,0.108601883,-0.686214864,-0.179139882,1.335964561,-8.779538155,3.700238705
156821139575,0.104609169,-0.684883952,-0.184463501,1.252167463,-8.741230011,3.663128614
156822400500,0.100350276,-0.683819234,-0.193513662,1.290474772,-8.732851028,3.634398222
156823661425,0.096623734,-0.680092692,-0.196441650,1.312022567,-8.643068314,3.629609823
156824922325,0.099285550,-0.680358887,-0.204693258,1.358709455,-8.622717857,3.610456228
156826183262,0.095026650,-0.680092692,-0.210016876,1.370680451,-8.616731644,3.532644749
156827444175,0.091300115,-0.677164674,-0.215872869,1.374271750,-8.571242332,3.557783842
156828705112,0.085710309,-0.676099956,-0.219599396,1.405396461,-8.547300339,3.485957623
156829966025,0.085444130,-0.671574891,-0.223592117,1.450886250,-8.537723541,3.475183725
156831226950,0.088105939,-0.670776367,-0.228117198,1.473631144,-8.534132004,3.432088137
156832487875,0.084379405,-0.672905803,-0.225189209,1.492784739,-8.532935143,3.458424330
156833748800,0.080652870,-0.676099956,-0.222793579,1.529894948,-8.494627953,3.439270735
156835009712,0.083580866,-0.672107279,-0.225189209,1.588552833,-8.470685959,3.341108561
156836270650,0.080386691,-0.671308696,-0.224923030,1.572990537,-8.499416351,3.399766445
156837531562,0.075861610,-0.676632345,-0.225455388,1.631648421,-8.476671219,3.296815872
156838792475,0.076660156,-0.675833821,-0.222527400,1.624465823,-8.524555206,3.361459255
156840053400,0.074796885,-0.674769044,-0.218800858,1.668758631,-8.541315079,3.306392670
156841314300,0.075595431,-0.676898539,-0.212412506,1.669955730,-8.499416351,3.305195570
156842575250,0.072401255,-0.683020711,-0.211613968,1.716642618,-8.554482460,3.312378168
156843836175,0.072933622,-0.686214864,-0.208952159,1.684320927,-8.592789650,3.256114244
156845097100,0.076660156,-0.680092692,-0.202031448,1.728613615,-8.641871452,3.268085241
156846358012,0.073732160,-0.683286846,-0.198038727,1.692700624,-8.659827232,3.213018656
156847618937,0.072401255,-0.686747193,-0.193779841,1.741781712,-8.690952301,3.236960649
156848879850,0.069739446,-0.693934083,-0.188456208,1.701080322,-8.740033150,3.235763550
156850140787,0.064682007,-0.694732666,-0.182334051,1.701080322,-8.738836288,3.223792553
156851401700,0.061221652,-0.696329713,-0.178075150,1.717839718,-8.793903351,3.210624456
156852662612,0.058826022,-0.700322449,-0.174614802,1.713051319,-8.835801125,3.213018656
156853923537,0.059624564,-0.698991537,-0.163169011,1.687912226,-8.869319916,3.238157749
156855184475,0.059890747,-0.705379903,-0.157579213,1.679532528,-8.931569099,3.277662039
156856445387,0.059624564,-0.704048991,-0.150924683,1.713051319,-8.950722694,3.256114244
156857706312,0.049775865,-0.705379903,-0.147996694,1.654393435,-8.983044624,3.240551949
156858967225,0.045516968,-0.707243145,-0.142673060,1.659181833,-9.010578156,3.242946148
156860228150,0.046581693,-0.708307862,-0.136817083,1.628057122,-9.023746490,3.314772367
156861489087,0.042056613,-0.704847515,-0.131759644,1.569399238,-9.038111687,3.318363667
156862750000,0.038596258,-0.702718079,-0.122177124,1.491587639,-9.076418877,3.339911461
156864010912,0.036732990,-0.706444621,-0.120313853,1.549048543,-9.087192535,3.317166567
156865271825,0.035402086,-0.703250468,-0.117119685,1.487996340,-9.062053680,3.329137564
156866532762,0.030610826,-0.697660625,-0.113659330,1.498770237,-9.069235802,3.325546265
156867793687,0.030610826,-0.695797384,-0.110731333,1.442506552,-9.088389397,3.360262156
156869054612,0.027150471,-0.694732666,-0.101947360,1.410184860,-9.107542992,3.307589769
156870315537,0.024754841,-0.695797384,-0.096889921,1.393425345,-9.102754593,3.392583847
156871576437,0.019431220,-0.694998860,-0.101148814,1.373074651,-9.063250542,3.380612850
156872837375,0.018898858,-0.691804647,-0.093695745,1.355118155,-9.111134529,3.388992548
156874098300,0.017567953,-0.686214864,-0.086508855,1.335964561,-9.076418877,3.349488258
156875359212,0.017035590,-0.683819234,-0.089170665,1.303642869,-9.045293808,3.307589769
156876620137,0.009848701,-0.680891216,-0.088372126,1.295263171,-9.058462143,3.295618773
156877881050,0.006388346,-0.675301433,-0.086508855,1.297657371,-9.022549629,3.313575268
156879141987,0.008517795,-0.668114543,-0.079854332,1.278503776,-9.008184433,3.262099743
156880402900,0.009582520,-0.667848349,-0.077192515,1.273715258,-8.962694168,3.248931646
156881663837,0.007719252,-0.665186584,-0.075329252,1.241393566,-8.967482567,3.303998470
156882924737,0.005057441,-0.658798218,-0.067609996,1.229422569,-8.971074104,3.272873640
156884185675,0.002661811,-0.659064412,-0.065746732,1.253364563,-8.947132111,3.244143248
156885446587,0.002927992,-0.654805481,-0.061221652,1.247379065,-8.906430244,3.256114244
156886707512,0.002661811,-0.648417175,-0.056164213,1.244984865,-8.872911453,3.220201254
156887968437,0.005057441,-0.651078939,-0.052437674,1.224634171,-8.874108315,3.215412855
156889229375,0.002395630,-0.642561138,-0.048444960,1.253364563,-8.821435928,3.197456360
156890490287,0.006122165,-0.636705160,-0.049243502,1.179144382,-8.826224327,3.190273762
156891751200,0.001863268,-0.635108113,-0.045516968,1.177947283,-8.771158218,3.132812977
156893012137,0.000266181,-0.634043396,-0.039660983,1.195903778,-8.742427826,3.116053581
156894273037,0.002395630,-0.630849183,-0.037797716,1.217451572,-8.722076416,3.092111588
156895533975,0.001863268,-0.626856506,-0.036466811,1.243787766,-8.740033150,3.120841980
156896794887,0.000000000,-0.621266663,-0.028481377,1.209071875,-8.693346024,3.095702887
156898055812,-0.005589803,-0.614345968,-0.032474093,1.207874775,-8.659827232,3.076549292
156899316737,-0.002927992,-0.609820902,-0.026351929,1.168370485,-8.669404030,3.102885485
156900577662,0.002927992,-0.607691467,-0.019963583,1.212663174,-8.604761124,3.111265182
156901838587,0.009316338,-0.604231060,-0.017301772,1.217451572,-8.593987465,3.060986996
156903099512,0.005855984,-0.598907471,-0.017834133,1.188721180,-8.585607529,3.020285368
156904360437,0.002927992,-0.596511841,-0.017834133,1.186326981,-8.519766808,3.020285368
156905621350,0.005057441,-0.597044170,-0.014639961,1.157596588,-8.516175270,3.086126089
156906882262,0.009050157,-0.592519104,-0.010913425,1.164779186,-8.500613213,3.050213099
156908143200,0.011179605,-0.590655863,-0.012244331,1.164779186,-8.458714485,3.017891169
156909404112,0.015970865,-0.585332215,-0.013841417,1.132457376,-8.427590370,2.997540474
156910665025,0.019431220,-0.578145325,-0.009316338,1.161187887,-8.355764389,3.015496969
156911925962,0.015970865,-0.576814413,-0.005323622,1.121683478,-8.360552788,3.021482468
156913186875,0.022093032,-0.575749695,-0.006654528,1.107318282,-8.291120529,2.987963676
156914447787,0.027682833,-0.571490824,-0.003460354,1.100135684,-8.347384453,2.937685490
156915708725,0.025819566,-0.562440634,-0.001863268,1.085770488,-8.285135269,2.961627483
156916969650,0.031143188,-0.562973022,-0.003194173,1.095347285,-8.238448143,2.967612982
156918230587,0.036200628,-0.562174499,-0.002129449,1.070208192,-8.218097687,2.956839085
156919491500,0.036466811,-0.553656697,-0.005589803,1.065419793,-8.248024940,2.955641985
156920752425,0.043387517,-0.548333049,-0.008251614,1.045069098,-8.198944092,2.895787001
156922013337,0.049509682,-0.548066854,-0.006122165,1.064222693,-8.198944092,2.876633406
156923274262,0.054034762,-0.541412354,-0.001330905,1.053448796,-8.158242226,2.863465309
156924535200,0.058293659,-0.536354899,0.001064724,1.051054597,-8.196549416,2.833537817
156925796100,0.064948186,-0.536354899,-0.006654528,1.089361787,-8.142680168,2.853888512
156927057037,0.071602717,-0.534491658,-0.006654528,1.067813993,-8.176198959,2.823961020
156928317950,0.077192515,-0.529434204,-0.005855984,1.085770488,-8.161833763,2.827552319
156929578862,0.083314680,-0.525441468,-0.008783977,1.090558887,-8.182184219,2.851494312
156930839787,0.091033936,-0.521182597,-0.007719252,1.125274777,-8.166622162,2.829946518
156932100712,0.098753184,-0.514261901,-0.013575235,1.103726983,-8.160636902,2.857479811
156933361625,0.103012085,-0.510801494,-0.012776692,1.136048675,-8.178592682,2.901772499
156934622550,0.110997513,-0.509204447,-0.011978149,1.142034173,-8.158242226,2.877830505
156935883475,0.114990234,-0.502017558,-0.012510511,1.177947283,-8.170213699,2.856282711
156937144412,0.126968384,-0.502549887,-0.018366495,1.191115379,-8.151060104,2.912546396
156938405325,0.132025823,-0.496427745,-0.018632676,1.216254473,-8.163030624,2.918531895
156939666237,0.134155273,-0.494032115,-0.020495944,1.282095075,-8.134300232,2.966415882
156940927200,0.141608343,-0.497226298,-0.021826850,1.296460271,-8.101978302,2.962824583
156942188100,0.146931961,-0.494298279,-0.022891574,1.327584863,-8.095993042,2.981978178
156943449025,0.157845393,-0.491370291,-0.022625392,1.369483352,-8.051700592,2.980781078
156944709937,0.163967550,-0.491104126,-0.023157755,1.428141356,-7.984662533,2.944868088
156945970875,0.166895539,-0.488708496,-0.020495944,1.569399238,-7.965508938,3.016694069
156947231800,0.168758810,-0.495096833,-0.022625392,1.593341231,-7.935581684,2.999934673
156948492712,0.180470780,-0.492701203,-0.023956299,1.679532528,-7.904457092,2.989160776
156949753625,0.188722402,-0.495096833,-0.018366495,1.672349930,-7.848193169,2.958036184
156951014550,0.195376918,-0.501218975,-0.021826850,1.783680320,-7.791929722,2.943670988
156952275462,0.203894719,-0.502017558,-0.022093032,1.881842494,-7.835025311,2.996343374
156953536400,0.209218338,-0.500686646,-0.025553385,1.950077295,-7.785943985,2.941276789
156954797325,0.217203766,-0.505477905,-0.025553385,1.975216389,-7.715314865,2.913743496
156956058250,0.224923030,-0.514794230,-0.021028306,1.995567083,-7.668628216,2.974795580
156957319162,0.238232076,-0.517456055,-0.021560669,2.061407566,-7.712920666,2.930502892
156958580100,0.244354248,-0.521981120,-0.019165039,2.081758499,-7.729680061,2.883816004
156959841012,0.256066203,-0.528635681,-0.017834133,2.096123695,-7.712920666,2.908955097
156961101937,0.266181082,-0.531297445,-0.021028306,2.087743998,-7.690176010,2.929305792
156962362862,0.275497437,-0.539282918,-0.017301772,2.203862667,-7.694964409,2.889801502
156963623787,0.285346121,-0.552591980,-0.018898858,2.182314873,-7.692570210,2.883816004
156964884687,0.291734487,-0.559512675,-0.013575235,2.236184359,-7.738059998,2.923320293
156966145625,0.298655182,-0.565900981,-0.011445787,2.176329374,-7.764396191,2.922123194
156967406562,0.307439178,-0.573354065,-0.014107598,2.173935175,-7.769184589,2.914940596
156968667462,0.316489309,-0.581339538,-0.011711968,2.179920673,-7.795520782,2.861071110
156969928412,0.325273305,-0.591188192,-0.014107598,2.205059767,-7.846996307,2.919728994
156971189312,0.328467458,-0.593317688,-0.017567953,2.188300371,-7.820660114,2.900575399
156972450237,0.334855825,-0.601569295,-0.011978149,2.213439465,-7.900865555,2.961627483
156973711162,0.344438344,-0.611417949,-0.010913425,2.194285870,-7.958326340,2.935291290
156974972087,0.349761963,-0.617273986,-0.011445787,2.159569979,-7.999027729,2.937685490
156976233000,0.353754669,-0.623396099,-0.014373779,2.155978680,-8.018181801,2.972401381
156977493912,0.363337189,-0.631381571,-0.012510511,2.120065689,-8.015787125,2.936488390
156978754875,0.366797537,-0.635640442,-0.012510511,2.128445387,-8.067262650,2.975992680
156980015762,0.370524079,-0.651611328,-0.014373779,2.110488892,-8.094796181,2.977189779
156981276687,0.376380056,-0.654805481,-0.015704684,2.118868589,-8.129511833,3.001131773
156982537637,0.378775686,-0.656402588,-0.016237047,2.086546898,-8.142680168,3.026270866
156983798550,0.382502228,-0.668380737,-0.019165039,2.091335297,-8.215703011,3.020285368
156985059462,0.381703675,-0.678229451,-0.019697402,2.074575901,-8.202534676,3.014299870
156986320375,0.383034587,-0.678761780,-0.018632676,2.020706177,-8.277952194,3.029862165
156987581312,0.388890564,-0.684883952,-0.022093032,2.025494576,-8.331822395,3.049015999
156988842225,0.393415660,-0.690473735,-0.018632676,2.014720678,-8.334216118,3.037044764
156990103150,0.393149465,-0.693401754,-0.025287203,1.982398987,-8.325836182,3.016694069
156991364075,0.396343648,-0.700322449,-0.029279921,1.988384485,-8.358158112,3.039438963
156992625000,0.400602549,-0.707775533,-0.028215196,1.982398987,-8.412027359,3.066972494
156993885912,0.401134908,-0.706710815,-0.029812282,1.933317900,-8.408436775,3.070563793
156995146825,0.401667267,-0.711235881,-0.032474093,1.939303398,-8.354566574,3.086126089
156996407775,0.398206919,-0.719487488,-0.036200628,1.904587507,-8.409633636,3.056198597
156997668687,0.401401103,-0.726142049,-0.034337360,1.885433912,-8.414422035,3.083731890
156998929612,0.401401103,-0.729868531,-0.031675551,1.850717902,-8.384494781,3.096899986
157000190537,0.401667267,-0.730667114,-0.039660983,1.889025211,-8.396465302,3.101688385
157001451475,0.406192362,-0.736523092,-0.039128620,1.845929503,-8.374917984,3.090914488
157002712375,0.408055604,-0.744774699,-0.040725708,1.906981707,-8.392873764,3.110068083
157003973312,0.408587992,-0.740781963,-0.041524250,1.850717902,-8.312668800,3.150769472
157005234237,0.404062897,-0.743976176,-0.040725708,1.832761407,-8.307880402,3.179499865
157006495150,0.406458527,-0.745839417,-0.041524250,1.841141105,-8.307880402,3.135207176
157007756062,0.409120351,-0.749565959,-0.048178777,1.847126603,-8.309077263,3.216609955
157009017000,0.412846863,-0.757285237,-0.050308228,1.873462796,-8.267178535,3.184288263
157010277912,0.414976329,-0.756220460,-0.045783147,1.887828112,-8.243236542,3.196259260
157011538850,0.411782146,-0.760745585,-0.044718422,1.914164305,-8.190564156,3.197456360
157012799762,0.416041046,-0.766867757,-0.042855155,1.995567083,-8.165425301,3.179499865
157014060675,0.416307241,-0.773522258,-0.043919880,2.015917778,-8.140285492,3.177105665
157015321612,0.419235229,-0.772191346,-0.049509682,2.056619167,-8.115146637,3.185485363
157016582525,0.424558848,-0.783903301,-0.046049330,2.130839586,-8.085219383,3.184288263
157017843450,0.430148661,-0.793219686,-0.047114052,2.146401882,-8.061277390,3.207033157
157019104375,0.433609009,-0.793485820,-0.051639132,2.199074268,-8.055292130,3.157952070
157020365287,0.437335551,-0.800140381,-0.050308228,2.164358377,-8.061277390,3.195062160
157021626212,0.443191528,-0.808125794,-0.049243502,2.249352455,-8.025363922,3.154360771
157022887150,0.451709330,-0.813981771,-0.052703857,2.264914751,-8.049305916,3.175908566
157024148087,0.459428579,-0.821967244,-0.052703857,2.270900249,-8.054094315,3.129221678
157025409012,0.466881633,-0.833413005,-0.048711140,2.309207439,-8.118738174,3.165134668
157026669912,0.473003805,-0.841398418,-0.045516968,2.310404539,-8.078036308,3.183091164
157027930850,0.479924500,-0.856304586,-0.047912598,2.330755472,-8.119935036,3.171120167
157029191750,0.485780507,-0.865620911,-0.045783147,2.346317768,-8.170213699,3.178302765
157030452675,0.493499756,-0.871743083,-0.043919880,2.390610456,-8.167819023,3.117250681
157031713600,0.501485169,-0.883721232,-0.035668265,2.317587376,-8.245630264,3.220201254
157032974525,0.502283752,-0.890375733,-0.036466811,2.385822058,-8.273163795,3.220201254
157034235450,0.503880799,-0.899159729,-0.027949015,2.420537949,-8.318654060,3.193865061
157035496375,0.509204447,-0.906346619,-0.023690118,2.407369852,-8.328230858,3.210624456
157036757300,0.518786967,-0.919389486,-0.021826850,2.389413357,-8.355764389,3.288436174
157038018237,0.522513509,-0.926576376,-0.010114881,2.427720547,-8.386888504,3.290830374
157039279150,0.524110556,-0.931101441,0.000000000,2.409764051,-8.364143372,3.303998470
157040540075,0.529700398,-0.942014873,0.007453070,2.462436438,-8.407238960,3.290830374
157041801000,0.530765116,-0.952928305,0.011179605,2.400187254,-8.373720169,3.303998470
157043061912,0.528635681,-0.954791605,0.019165039,2.439691544,-8.410830498,3.278859138
157044322837,0.529966533,-0.960913777,0.023956299,2.443282843,-8.407238960,3.289633274
157045583775,0.536354899,-0.968899190,0.039394803,2.444479942,-8.414422035,3.299210072
157046844687,0.537419617,-0.975819886,0.041790433,2.499546528,-8.400056839,3.264493942
157048105612,0.536887288,-0.982474446,0.048977323,2.446874142,-8.376114845,3.300407171
157049366512,0.539016724,-0.992589295,0.056962755,2.468421936,-8.361749649,3.330334663
157050627450,0.537419617,-0.999509990,0.065746732,2.474407434,-8.325836182,3.315969467
157051888387,0.539282918,-1.002437949,0.073465981,2.473210335,-8.344989777,3.287239075
157053149287,0.542210877,-1.012552857,0.079321966,2.462436438,-8.292317390,3.269282341
157054410225,0.548066854,-1.023200154,0.083580866,2.448071241,-8.257601738,3.216609955
157055671137,0.544872701,-1.025861979,0.089170665,2.468421936,-8.261193275,3.256114244
157056932075,0.545138896,-1.028257608,0.092631020,2.440888643,-8.245630264,3.242946148
157058193000,0.548599243,-1.039969563,0.096357554,2.433706045,-8.234856606,3.245340347
157059453937,0.549397767,-1.044760823,0.098753184,2.385822058,-8.196549416,3.290830374
157060714837,0.553390503,-1.049552083,0.105940074,2.388216257,-8.180987358,3.239354849
157061975750,0.556584656,-1.053278565,0.109134249,2.388216257,-8.154650688,3.244143248
157063236687,0.554987609,-1.061264038,0.111263700,2.345120668,-8.124723434,3.238157749
157064497612,0.559778869,-1.074306846,0.108868070,2.328361273,-8.092401505,3.209427357
157065758537,0.556850851,-1.076968670,0.118184403,2.300827742,-8.067262650,3.215412855
157067019450,0.557649374,-1.080162883,0.118450589,2.322375774,-8.088810921,3.223792553
157068280362,0.556850851,-1.085752726,0.116054960,2.347514868,-8.079234123,3.219004154
157069541287,0.563505352,-1.090277791,0.121910945,2.270900249,-8.070854187,3.204638958
157070802200,0.572023153,-1.096133709,0.127500743,2.304419041,-8.068459511,3.274070740
157072063150,0.568829000,-1.100392699,0.123508029,2.257732153,-8.028955460,3.275267839
157073324087,0.569095194,-1.108910441,0.118450589,2.248155355,-8.018181801,3.288436174
157074585000,0.576548278,-1.111306071,0.120047674,2.252943754,-8.054094315,3.253720045
157075845900,0.581073344,-1.116629720,0.119781494,2.221819162,-8.043320656,3.260902643
157077106837,0.584001303,-1.121420979,0.122975662,2.226607561,-8.062474251,3.324349165
157078367762,0.584533691,-1.127809286,0.125903651,2.223016262,-8.055292130,3.375824451
157079628675,0.584799886,-1.133399129,0.128831655,2.184709072,-8.062474251,3.387795448
157080889612,0.583735168,-1.137658000,0.130961105,2.191891670,-8.082824707,3.325546265
157082150537,0.590389669,-1.135794759,0.128831655,2.142810583,-8.153453827,3.318363667
157083411437,0.593583822,-1.138190389,0.128831655,2.208651066,-8.159439087,3.371036053
157084672375,0.597044170,-1.146175742,0.128831655,2.181117773,-8.153453827,3.417722940
157085933312,0.597044170,-1.149636149,0.131227285,2.170343876,-8.182184219,3.416525841
157087194212,0.596778035,-1.154693604,0.133889094,2.242169857,-8.222886086,3.411737442
157088455150,0.594116211,-1.157887816,0.138680354,2.157175779,-8.274361610,3.338714361
157089716062,0.596511841,-1.162945151,0.141874522,2.201468468,-8.331822395,3.412934542
157090976987,0.599439800,-1.164808512,0.143737793,2.185906172,-8.349778175,3.416525841
157092237912,0.602367818,-1.170930624,0.144802511,2.200271368,-8.384494781,3.415328741
157093498825,0.602900207,-1.174391031,0.152787954,2.181117773,-8.437167168,3.432088137
157094759750,0.602900207,-1.179714561,0.163701370,2.181117773,-8.491036415,3.426102638
157096020662,0.607159078,-1.183174968,0.166895539,2.184709072,-8.566453934,3.491943121
157097281612,0.602367818,-1.181311727,0.170888260,2.145204782,-8.623914719,3.501519918
157098542550,0.598641276,-1.185836792,0.171686798,2.088941097,-8.629899979,3.496731520
157099803450,0.604763448,-1.188498616,0.180204600,2.114080191,-8.702922821,3.514688015
157101064375,0.609022319,-1.188764811,0.188722402,2.116474390,-8.773551941,3.556586742
157102325287,0.598641276,-1.194088340,0.192715108,2.110488892,-8.839392662,3.533841848
157103586225,0.599173665,-1.199145794,0.203096181,2.057816267,-8.869319916,3.622427225
157104847150,0.598108947,-1.201541424,0.212146327,2.061407566,-8.932766914,3.652354717
157106108062,0.596245646,-1.203138590,0.218002319,2.044648170,-8.966285706,3.667917013
157107368987,0.589058757,-1.204203248,0.229181916,2.055422068,-9.021351814,3.685873508
157108629937,0.581605673,-1.204735637,0.239296809,2.085349798,-9.074024200,3.750516891
157109890837,0.582138062,-1.207131267,0.247548416,2.069787502,-9.054870605,3.779247522
157111151762,0.572289348,-1.210591674,0.261123657,2.097320795,-9.087192535,3.813963413
157112412700,0.569361389,-1.207663655,0.273634166,2.081758499,-9.129091263,3.889380693
157113673612,0.562440634,-1.205268025,0.275231242,2.117671490,-9.118317604,3.839102507
157114934525,0.551793396,-1.210325480,0.288007945,2.080561399,-9.106346130,3.920505285
157116195462,0.550462484,-1.210591674,0.304777354,2.092532396,-9.096769333,3.958812475
157117456362,0.543275595,-1.211390138,0.311165690,2.106897593,-9.080010414,3.948038578
157118717300,0.533693075,-1.210591674,0.316223145,2.124854088,-9.064447403,4.025850296
157119978237,0.525707662,-1.206865072,0.324740946,2.122459888,-9.017761230,4.022258759
157121239137,0.518786967,-1.204203248,0.332194000,2.153584480,-8.975862503,4.058171749
157122500075,0.511333883,-1.206598878,0.336985260,2.114080191,-8.933963776,4.047398090
157123760987,0.507607341,-1.212987304,0.344970703,2.140416384,-8.842984200,4.092887878
157125021912,0.503614604,-1.213253379,0.354287028,2.169146776,-8.826224327,4.066551685
157126282825,0.495895386,-1.208196044,0.359610647,2.158372879,-8.762778282,4.080916882
157127543762,0.485248148,-1.211922526,0.365999013,2.145204782,-8.681375504,4.129997730
157128804700,0.487909943,-1.215382934,0.372121155,2.098517895,-8.653841972,4.133589268
157130065612,0.483384877,-1.207929850,0.373185903,2.074575901,-8.574833870,4.119224072
157131326537,0.480989248,-1.207397461,0.375581533,2.100912094,-8.522161484,4.103661537
157132587462,0.480190694,-1.207663655,0.375581533,2.134430885,-8.475474358,4.167108059
157133848375,0.482586324,-1.206332684,0.378509521,2.102109194,-8.432378769,4.137180805
157135109300,0.482320130,-1.207397461,0.384365499,2.081758499,-8.342596054,4.134786129
157136370212,0.483118683,-1.206332684,0.389422953,2.020706177,-8.311470985,4.119224072
157137631137,0.476996511,-1.208462119,0.389689118,2.032677174,-8.288726807,4.187458992
157138892075,0.478593618,-1.203404784,0.387825847,2.017114878,-8.269572258,4.165911198
157140153012,0.484981954,-1.203670859,0.390487671,1.995567083,-8.249221802,4.175487995
157141413925,0.484981954,-1.203937054,0.391818583,1.990778685,-8.213309288,4.194641590
157142674850,0.483118683,-1.199411988,0.391020030,1.989581585,-8.207323074,4.180276394
157143935762,0.487643778,-1.200210571,0.388092041,1.970427990,-8.208520889,4.198232651
157145196700,0.484449595,-1.196483970,0.393149465,1.975216389,-8.238448143,4.163516998
157146457612,0.484981954,-1.197016358,0.394214213,1.924938202,-8.221688271,4.152742863
157147718525,0.487643778,-1.194088340,0.391286194,1.880645394,-8.245630264,4.183867455
157148979462,0.492701203,-1.188232422,0.392350942,1.853112102,-8.264783859,4.162319660
157150240387,0.492967397,-1.189563274,0.392617106,1.863885999,-8.222886086,4.176684856
157151501312,0.488708496,-1.186369181,0.391552389,1.890222311,-8.319850922,4.155137062
157152762212,0.491370291,-1.186369181,0.387293488,1.817199111,-8.336610794,4.191050053
157154023150,0.494032115,-1.182376385,0.388624400,1.806425214,-8.341399193,4.151546001
157155284100,0.491370291,-1.178916097,0.382236063,1.778891921,-8.429984093,4.187458992
157156545012,0.493499756,-1.173858643,0.382502228,1.768118024,-8.510190010,4.185064793
157157805937,0.495895386,-1.170930624,0.384365499,1.798045516,-8.523358345,4.176684856
157159066862,0.498557180,-1.168801188,0.379041880,1.774103522,-8.591592789,4.249708176
157160327762,0.503614604,-1.169333577,0.375315338,1.777694821,-8.671798706,4.200626850
157161588687,0.502816081,-1.162679076,0.376912415,1.768118024,-8.717288017,4.254496574
157162849612,0.510002971,-1.155225992,0.369991720,1.739387512,-8.811859131,4.252102375
157164110550,0.515326619,-1.156024456,0.366265178,1.741781712,-8.856152534,4.294000626
157165371462,0.522513509,-1.157355428,0.364668101,1.740584612,-8.979453087,4.249708176
157166632362,0.524110556,-1.151233196,0.358013570,1.707065821,-9.072827339,4.241328239
157167893325,0.529700398,-1.147506714,0.355351746,1.731007814,-9.160215378,4.291606426
157169154237,0.533693075,-1.146974325,0.352689952,1.760935307,-9.267954826,4.282029629
157170415175,0.541146159,-1.146974325,0.346301615,1.782483220,-9.343372345,4.353855610
157171676087,0.543275595,-1.137125611,0.341510355,1.781286120,-9.491812706,4.369418144
157172936987,0.548865438,-1.132600546,0.341510355,1.746570110,-9.591172218,4.400542736
157174197925,0.552325785,-1.134996176,0.340977967,1.732204914,-9.690531731,4.431667328
157175458862,0.555786133,-1.128607869,0.332992554,1.766920924,-9.821015358,4.492719650
157176719775,0.561642110,-1.130471110,0.330596924,1.786074519,-9.932345390,4.478354454
157177980712,0.566965759,-1.124881268,0.332194000,1.774103522,-10.006566048,4.535815239
157179241612,0.569095194,-1.120888591,0.331927836,1.821987510,-10.086771965,4.587290287
157180502537,0.565900981,-1.119557738,0.331395477,1.805228114,-10.149021149,4.589684486
157181763475,0.570426106,-1.117694378,0.330064565,1.843535304,-10.207678795,4.612429619
157183024400,0.568296611,-1.108111858,0.333258718,1.878251195,-10.308235168,4.684255600
157184285325,0.560843587,-1.100658774,0.334589630,1.843535304,-10.327388763,4.692635536
157185546237,0.558447957,-1.094270468,0.340445608,1.875856996,-10.358513832,4.736927986
157186807162,0.554189026,-1.097730875,0.344438344,1.899799109,-10.357316971,4.722562790
157188068075,0.544872701,-1.087882161,0.347366333,1.853112102,-10.366893768,4.736927986
157189329012,0.536887288,-1.079364300,0.347898692,1.808819413,-10.323798180,4.788403511
157190589925,0.526506186,-1.070846558,0.353488505,1.878251195,-10.287884712,4.763264179
157191850862,0.519585490,-1.061264038,0.360941559,1.862688899,-10.261548996,4.820724964
157193111787,0.515326619,-1.059134603,0.358545929,1.891419411,-10.169371605,4.768052578
157194372687,0.497758657,-1.047156453,0.363603383,1.833958507,-10.074800491,4.758475780
157195633637,0.488974661,-1.041300416,0.369725525,1.817199111,-9.925163269,4.742913723
157196894562,0.483118683,-1.037307739,0.370257914,1.874659896,-9.800664902,4.739322186
157198155475,0.473536164,-1.029322267,0.380106598,1.843535304,-9.683348656,4.598064423
157199416412,0.463953644,-1.021070719,0.380638957,1.836352706,-9.532514572,4.619612217
157200677325,0.460227102,-1.012286663,0.380106598,1.836352706,-9.411606789,4.551377296
157201938250,0.455968201,-1.004567504,0.383300781,1.832761407,-9.248801231,4.447229862
157203199175,0.452774048,-1.004035115,0.389422953,1.845929503,-9.133879662,4.431667328
157204460100,0.446119517,-0.997646749,0.387027323,1.829170108,-9.010578156,4.376600742
157205721037,0.446385682,-0.994186401,0.392084748,1.860294700,-8.853757858,4.292803764
157206981937,0.447450429,-0.986999512,0.389689118,1.874659896,-8.786720276,4.284423828
157208242862,0.449047506,-0.984071493,0.390753835,1.908178806,-8.677783966,4.139575005
157209503787,0.448781312,-0.979014039,0.388092041,1.859097600,-8.631096840,4.149151802
157210764725,0.453306407,-0.979812622,0.391020030,1.891419411,-8.518569946,4.088099480
157212025637,0.451443136,-0.975021362,0.386228770,1.923741102,-8.491036415,4.055777550
157213286575,0.459960938,-0.975021362,0.391818583,1.969230890,-8.476671219,4.022258759
157214547475,0.465816915,-0.975021362,0.389422953,1.954865694,-8.414422035,4.060565948
157215808412,0.469543457,-0.967568278,0.388358206,1.952471495,-8.418013573,4.010287762
157217069325,0.475399435,-0.963841736,0.382502228,1.963245392,-8.396465302,3.976768970
157218330262,0.480989248,-0.973158062,0.380106598,2.029085875,-8.423998833,3.994725466
157219591175,0.486579031,-0.972093344,0.380106598,2.014720678,-8.513781548,3.968389273
157220852100,0.490039408,-0.966769755,0.383566946,2.007538080,-8.576030731,4.024652958
157222113012,0.495096833,-0.967035890,0.385164052,2.013523579,-8.619126320,4.027047157
157223373950,0.503880799,-0.971294820,0.380905151,2.063801765,-8.714894295,4.016273499
157224634875,0.501751363,-0.971294820,0.380905151,2.035071373,-8.808268547,4.013879299
157225895800,0.501485169,-0.963309407,0.383833140,2.014720678,-8.951920509,3.960009575
157227156712,0.509470642,-0.968366802,0.377178609,2.042253971,-9.023746490,3.997119665
157228417662,0.509204447,-0.969431520,0.379840434,1.997961283,-9.148244858,4.018667698
157229678562,0.509736776,-0.967035890,0.381171316,2.027888775,-9.244012833,4.061763287
157230939487,0.511866271,-0.970762432,0.382236063,2.038662672,-9.388861656,4.027047157
157232200412,0.507873535,-0.972625732,0.386761129,1.985990286,-9.482235909,4.052186489
157233461337,0.504945517,-0.974222779,0.387825847,2.043451071,-9.647436142,4.033032894
157234722262,0.499355733,-0.968100667,0.386494935,2.020706177,-9.690531731,4.055777550
157235983200,0.498823375,-0.970762432,0.391818583,2.017114878,-9.824606895,4.089296341
157237244112,0.499621928,-0.975819886,0.396343648,2.031480074,-9.945513725,4.040215492
157238505037,0.491370291,-0.977416992,0.399803996,2.026691675,-10.054450035,4.080916882
157239765962,0.481255412,-0.975819886,0.405926168,2.013523579,-10.180145264,4.028244495
157241026875,0.480456889,-0.980611145,0.412846863,2.027888775,-10.299856186,4.017470360
157242287825,0.475665629,-0.980344951,0.417904317,2.059013367,-10.390835762,4.005499363
157243548725,0.466615468,-0.981143534,0.422163218,2.035071373,-10.396821022,4.023456097
157244809650,0.457565308,-0.976884604,0.428551555,2.063801765,-10.527304649,3.974374771
157246070587,0.447982788,-0.983272970,0.434673727,2.033874273,-10.602722168,3.952826977
157247331512,0.434407532,-0.987798035,0.439997345,2.012326479,-10.653000832,4.005499363
157248592425,0.429350108,-0.983006775,0.448515147,2.076970100,-10.690110207,3.994725466
157249853350,0.417638123,-0.985402405,0.455702037,2.035071373,-10.735600471,3.955221176
157251114275,0.406990886,-0.989395142,0.461291850,1.984793186,-10.732008934,4.001908302
157252375200,0.391020030,-0.986999512,0.467413992,2.008735180,-10.747571945,3.952826977
157253636100,0.379308045,-0.985934794,0.469543457,2.014720678,-10.726023674,3.920505285
157254897050,0.368927002,-0.992323101,0.471939087,1.974019289,-10.729615211,3.910928488
157256157962,0.355617940,-0.991790771,0.480456889,1.947683096,-10.654197693,3.896563292
157257418862,0.341510355,-0.991790771,0.481521606,1.964442492,-10.617087364,3.864241600
157258679812,0.335121989,-0.993654013,0.487377584,1.993172884,-10.624270439,3.881000996
157259940737,0.317820221,-0.989395142,0.491636485,2.017114878,-10.493785858,3.792415619
157261201675,0.307172984,-0.993387818,0.490039408,1.970427990,-10.439916611,3.774459124
157262462600,0.296259552,-0.996315837,0.489240855,1.975216389,-10.366893768,3.773262024
157263723512,0.287475586,-0.994984925,0.489507020,2.003946781,-10.237607002,3.757699490
157264984425,0.277360708,-0.995251119,0.486312866,2.027888775,-10.146626472,3.730166197
157266245362,0.267245829,-0.996848226,0.482053965,2.012326479,-10.074800491,3.715801001
157267506275,0.267511994,-0.995783448,0.474600881,1.987187386,-9.985018730,3.669114113
157268767200,0.264850199,-0.996049643,0.468744904,1.999158382,-9.894038200,3.609259129
157270028125,0.258195668,-0.997912943,0.462356567,2.003946781,-9.916783333,3.594893932
157271289037,0.258994192,-0.999509990,0.455702037,1.993172884,-9.799468040,3.569754839
157272549962,0.257397115,-1.004833579,0.449047506,1.997961283,-9.715670586,3.572149038
157273810900,0.256598562,-1.001905680,0.443457693,2.012326479,-9.642647743,3.536236048
157275071825,0.258195668,-1.004567504,0.432544291,2.024297476,-9.593565941,3.566163540
157276332725,0.254469126,-1.006696939,0.425889760,2.037465572,-9.538499832,3.490746021
157277593662,0.255267680,-1.013617635,0.417904317,2.042253971,-9.495404243,3.549404144
157278854587,0.253936768,-1.012020469,0.403530538,2.086546898,-9.442731857,3.537433147
157280115500,0.263519287,-1.010157228,0.391020030,2.039859772,-9.344569206,3.538630247
157281376437,0.265648723,-1.013617635,0.386761129,2.050633669,-9.299079895,3.489548922
157282637375,0.263785452,-1.015747070,0.380372792,2.070984602,-9.269151688,3.503914118
157283898287,0.261656016,-1.011754394,0.366531372,2.087743998,-9.192537308,3.548207045
157285159200,0.272569448,-1.015214682,0.359078288,2.066195965,-9.125499725,3.496731520
157286420137,0.267511994,-1.020804524,0.347100139,2.087743998,-9.048885345,3.493140221
157287681062,0.271238536,-1.020005941,0.338848531,2.134430885,-9.014169693,3.515885115
157288941987,0.278159231,-1.018941283,0.325273305,2.147598982,-8.980650902,3.533841848
157290202912,0.284813762,-1.019739747,0.315956950,2.138022184,-8.939949036,3.454833031
157291463837,0.290669769,-1.020804524,0.303712636,2.138022184,-8.868123055,3.432088137
157292724762,0.292799205,-1.021336913,0.285612315,2.136825085,-8.779538155,3.453635931
157293985675,0.295727193,-1.018675089,0.275497437,2.138022184,-8.734047890,3.454833031
157295246600,0.302115530,-1.020538330,0.265116364,2.194285870,-8.670601845,3.427299738
157296507525,0.314626068,-1.029056072,0.249677867,2.184709072,-8.599972725,3.421314240
157297768475,0.320215851,-1.027459025,0.235304087,2.234987259,-8.584410667,3.366247654
157299029387,0.328999847,-1.031717896,0.222527400,2.208651066,-8.505401611,3.369838953
157300290300,0.336719096,-1.027725220,0.200966731,2.197877169,-8.410830498,3.325546265
157301551225,0.342841238,-1.024264812,0.188722402,2.213439465,-8.385691643,3.341108561
157302812137,0.354553223,-1.029588461,0.178341329,2.243366957,-8.306682587,3.345896959
157304073075,0.367596090,-1.034113526,0.160241023,2.224213362,-8.273163795,3.326743364
157305334012,0.380905151,-1.031451702,0.146665782,2.250549555,-8.236053467,3.288436174
157306594925,0.390221477,-1.029322267,0.132025823,2.227804661,-8.219294548,3.265691042
157307855850,0.401667267,-1.031185508,0.119249128,2.185906172,-8.200140953,3.290830374
157309116762,0.418170512,-1.034379721,0.105673894,2.255337954,-8.196549416,3.301604271
157310377687,0.429616272,-1.035178304,0.088105939,2.251746655,-8.155848503,3.192667961
157311638612,0.440795898,-1.029588461,0.071070351,2.238578558,-8.158242226,3.282450438
157312899537,0.457831472,-1.031984091,0.057495117,2.183511972,-8.183381081,3.272873640
157314160475,0.469011098,-1.036242962,0.039927166,2.219424963,-8.118738174,3.240551949
157315421387,0.487377584,-1.030919433,0.019431220,2.217030764,-8.171410561,3.274070740
157316682312,0.504413188,-1.031185508,0.003726535,2.173935175,-8.188169479,3.259705544
157317943237,0.515060425,-1.033581138,-0.009848701,2.194285870,-8.191761017,3.240551949
157319204162,0.524110556,-1.031451702,-0.026085747,2.226607561,-8.207323074,3.289633274
157320465075,0.537685812,-1.030120850,-0.045783147,2.182314873,-8.277952194,3.296815872
157321726012,0.553390503,-1.026660442,-0.056962755,2.194285870,-8.285135269,3.286041975
157322986925,0.566167176,-1.025063396,-0.071868896,2.184709072,-8.304288864,3.274070740
157324247862,0.578145325,-1.026394248,-0.091566294,2.213439465,-8.309077263,3.274070740
157325508787,0.594914734,-1.026394248,-0.105407715,2.183511972,-8.366538048,3.354276657
157326769700,0.609820902,-1.022933960,-0.115788773,2.166752577,-8.438364029,3.359065056
157328030637,0.618871033,-1.015747070,-0.128831655,2.188300371,-8.463502884,3.335123062
157329291550,0.632446289,-1.016013265,-0.142673060,2.239775658,-8.486248016,3.387795448
157330552487,0.646021545,-1.013085246,-0.153320312,2.167949677,-8.537723541,3.456030130
157331813400,0.657467306,-1.005898356,-0.159176290,2.214636564,-8.593987465,3.423708439
157333074337,0.672107279,-1.010955811,-0.171952993,2.193088770,-8.616731644,3.433285236
157334335262,0.683020711,-1.005099773,-0.185262039,2.193088770,-8.626308441,3.436876535
157335596175,0.693401754,-0.998445272,-0.193513662,2.178723574,-8.663418770,3.481169224
157336857112,0.700854838,-0.992855489,-0.202031448,2.144007683,-8.707711220,3.548207045
157338118025,0.714163899,-0.990459859,-0.214541957,2.140416384,-8.718485832,3.500322819
157339378950,0.720286012,-0.983805299,-0.226253927,2.187103271,-8.741230011,3.568557739
157340639875,0.735458374,-0.980877340,-0.231577545,2.185906172,-8.791508675,3.587711334
157341900787,0.744242311,-0.981409669,-0.238498256,2.170343876,-8.857349396,3.616441727
157343161725,0.751163065,-0.975819886,-0.242490977,2.185906172,-8.875306129,3.604470730
157344422650,0.756486654,-0.965971172,-0.256332397,2.159569979,-8.865729332,3.637989521
157345683587,0.768997192,-0.962244630,-0.263785452,2.173935175,-8.850166321,3.642777920
157346944500,0.774853170,-0.955057740,-0.269375265,2.151190281,-8.893261909,3.695450306
157348205425,0.781773865,-0.950532675,-0.277094513,2.158372879,-8.874108315,3.677493811
157349466337,0.790291667,-0.951065063,-0.278425425,2.147598982,-8.881291389,3.711012602
157350727275,0.798277080,-0.940151632,-0.285612315,2.187103271,-8.852560997,3.703830004
157351988187,0.806528687,-0.935892701,-0.285878509,2.175132275,-8.856152534,3.737348795
157353249112,0.813183248,-0.933763266,-0.290403575,2.196680069,-8.870517731,3.770867825
157354510037,0.816643596,-0.924979329,-0.300784647,2.184709072,-8.815450668,3.763684988
157355770962,0.827024639,-0.915929139,-0.301583171,2.189497471,-8.787917137,3.781641722
157357031875,0.830751181,-0.910871685,-0.302115530,2.164358377,-8.789114952,3.752911091
157358292812,0.835010111,-0.908209920,-0.298655182,2.201468468,-8.747216225,3.774459124
157359553737,0.837405741,-0.901555359,-0.303712636,2.220622063,-8.672995567,3.767276287
157360814687,0.839268982,-0.895699382,-0.304511160,2.215833664,-8.633491516,3.766079187
157362075587,0.850448608,-0.889311016,-0.306374431,2.272097349,-8.610746384,3.831919909
157363336512,0.855772197,-0.885584474,-0.305309713,2.223016262,-8.610746384,3.762487888
157364597437,0.860563457,-0.878929973,-0.306640625,2.250549555,-8.589199066,3.770867825
157365858350,0.862959087,-0.869081259,-0.309302419,2.276885748,-8.524555206,3.782838821
157367119287,0.870678365,-0.869613647,-0.306640625,2.286462545,-8.510190010,3.810372114
157368380212,0.871743083,-0.860829651,-0.306108266,2.302024841,-8.562862396,3.803189516
157369641125,0.879728496,-0.856038392,-0.306906790,2.276885748,-8.486248016,3.792415619
157370902075,0.887181580,-0.851247132,-0.310367167,2.275688648,-8.481459618,3.772064924
157372162975,0.891972840,-0.847520590,-0.307971537,2.336740971,-8.453926086,3.847482204
157373423900,0.894900858,-0.843527913,-0.312230438,2.324769974,-8.449137688,3.833117008
157374684825,0.899159729,-0.835010111,-0.313561320,2.319981575,-8.421604156,3.853467703
157375945762,0.899958253,-0.828089356,-0.306108266,2.347514868,-8.418013573,3.885789394
157377206687,0.905814290,-0.824362874,-0.299187541,2.414552450,-8.434772491,3.891774893
157378467612,0.905015707,-0.824096680,-0.299187541,2.457648039,-8.434772491,3.867832899
157379728537,0.913533509,-0.815046489,-0.293863922,2.480392933,-8.394071579,3.883395195
157380989462,0.913533509,-0.807859600,-0.287741750,2.454056740,-8.425195694,3.896563292
157382250387,0.914065897,-0.802802205,-0.282950491,2.491166830,-8.452729225,3.942053080
157383511287,0.916461527,-0.799341798,-0.282418132,2.489969730,-8.435969353,3.965995073
157384772225,0.920454204,-0.795881450,-0.276562154,2.548627615,-8.433575630,3.970783472
157386033162,0.918590963,-0.785234213,-0.270173818,2.547430515,-8.467094421,4.001908302
157387294075,0.917526245,-0.780176759,-0.261389822,2.564190149,-8.489839554,4.015076160
157388554987,0.914598227,-0.779112041,-0.254735321,2.626439333,-8.503006935,4.025850296
157389815925,0.917526245,-0.772191346,-0.249944046,2.644395828,-8.547300339,4.043806553
157391076862,0.917526245,-0.765802979,-0.246217519,2.691082716,-8.611943245,4.056974888
157392337775,0.914598227,-0.762608826,-0.233973175,2.705447912,-8.686163902,4.039018154
157393598712,0.913533509,-0.759414673,-0.226253927,2.743755102,-8.718485832,4.096478939
157394859625,0.910073161,-0.756486654,-0.221995026,2.778470993,-8.734047890,4.035427094
157396120550,0.907677531,-0.755155742,-0.206822708,2.804807425,-8.793903351,4.104858875
157397381475,0.905015707,-0.744774699,-0.197772548,2.780865192,-8.799888611,4.126406670
157398642387,0.900224447,-0.743177593,-0.191118032,2.841917515,-8.869319916,4.204218388
157399903312,0.893569946,-0.739184916,-0.181269318,2.886210203,-8.949525833,4.185064793
157401164262,0.887181580,-0.730933309,-0.174348623,2.890998602,-8.993818283,4.224568844
157402425175,0.882124126,-0.727472901,-0.166363180,2.948459387,-9.027338028,4.230554581
157403686100,0.875203431,-0.723480225,-0.155715942,2.937685490,-9.060856819,4.249708176
157404947037,0.871210694,-0.720286012,-0.143737793,2.905363798,-9.154230118,4.284423828
157406207950,0.859498739,-0.708574057,-0.137083262,2.967612982,-9.170989990,4.285621166
157407468862,0.852311850,-0.708574057,-0.127766922,2.917334795,-9.228450775,4.334702015
157408729787,0.844060242,-0.706977010,-0.116853498,2.949656487,-9.276334763,4.347870350
157409990712,0.829686463,-0.698725343,-0.103012085,2.912546396,-9.284714699,4.411316872
157411251637,0.818506837,-0.694732666,-0.098753184,2.936488390,-9.317035675,4.423287868
157412512562,0.809456706,-0.688344300,-0.087839760,2.944868088,-9.329007149,4.473566055
157413773487,0.802536011,-0.680891216,-0.085177951,2.925714493,-9.333795547,4.507084846
157415034425,0.793485820,-0.678495586,-0.071336530,2.905363798,-9.355342865,4.529829502
157416295350,0.778579712,-0.677430868,-0.063883461,2.934094191,-9.348160744,4.495113850
157417556262,0.768464804,-0.667316020,-0.059092201,2.925714493,-9.368511200,4.544194698
157418817187,0.756486654,-0.663057089,-0.049775865,2.952050686,-9.342175484,4.586093426
157420078100,0.749299765,-0.660129130,-0.041790433,2.914940596,-9.306262016,4.559757233
157421339037,0.733595073,-0.656136394,-0.033538818,2.930502892,-9.349357605,4.546588898
157422599962,0.720818400,-0.645755351,-0.031143188,2.904166698,-9.293093681,4.580107689
157423860900,0.710703492,-0.643093526,-0.022625392,2.910152197,-9.265561104,4.548983097
157425121825,0.695797384,-0.642295003,-0.019431220,2.908955097,-9.244012833,4.504690647
157426382737,0.686747193,-0.639366984,-0.008517795,2.871845007,-9.181763649,4.587290287
157427643662,0.678229451,-0.633244812,0.004525078,2.925714493,-9.157821655,4.572925091
157428904587,0.664388001,-0.626856506,0.009582520,2.926911592,-9.139864922,4.513070107
157430165525,0.654006958,-0.623396099,0.015438504,2.970007181,-9.126696587,4.552574635
157431426425,0.644424438,-0.616741598,0.018632676,2.967612982,-9.120711327,4.592078686
157432687375,0.629518270,-0.611417949,0.031143188,3.005920172,-9.039308548,4.571728230
157433948300,0.621799052,-0.608489990,0.038596258,2.984372377,-9.044096947,4.535815239
157435209187,0.613281250,-0.601569295,0.044984605,3.011905670,-9.009381294,4.576516628
157436470150,0.600770712,-0.597310364,0.055898029,2.978386879,-8.991424561,4.564545631
157437731062,0.593583822,-0.594382405,0.060423110,3.033453465,-8.986636162,4.539406300
157438991975,0.581605673,-0.591986775,0.070804171,3.053804398,-8.956708908,4.535815239
157440252912,0.573354065,-0.589591146,0.080652870,3.025073767,-8.959102631,4.612429619
157441513837,0.563239217,-0.585066020,0.085976496,2.975992680,-8.895656586,4.570530891
157442774775,0.553390503,-0.579742432,0.094228104,3.017891169,-8.910021782,4.608838081
157444035687,0.548333049,-0.575483501,0.099551730,3.016694069,-8.901641846,4.619612217
157445296625,0.531297445,-0.573087871,0.112328425,2.998737574,-8.844181061,4.586093426
157446557550,0.525707662,-0.573620260,0.113393143,3.040636301,-8.816647530,4.641160011
157447818462,0.515858948,-0.570958436,0.118184403,3.068169594,-8.766369820,4.649539948
157449079400,0.507341146,-0.569627523,0.122709483,3.041833401,-8.724471092,4.610035419
157450340325,0.495629191,-0.564303935,0.125903651,3.031059265,-8.729259491,4.602852821
157451601237,0.488442302,-0.561109722,0.137349442,3.035847664,-8.744821548,4.636371613
157452862162,0.480456889,-0.560045004,0.142939255,3.084928989,-8.686163902,4.655525208
157454123087,0.471672893,-0.555786133,0.145601064,3.076549292,-8.729259491,4.632780552
157455384025,0.465816915,-0.553656697,0.153852671,3.094505787,-8.720879555,4.599261284
157456644925,0.455968201,-0.554721415,0.156780660,3.092111588,-8.628703117,4.638765812
157457905850,0.443723887,-0.549930155,0.160773382,3.082534790,-8.583212852,4.661510944
157459166775,0.436536998,-0.549131572,0.163169011,3.065775394,-8.520963669,4.643554211
157460427712,0.428019196,-0.552059591,0.171686798,3.120841980,-8.610746384,4.592078686
157461688625,0.418170512,-0.544074178,0.181003138,3.110068083,-8.555680275,4.662707806
157462949562,0.406990886,-0.539282918,0.184197322,3.137601376,-8.531738281,4.619612217
157464210487,0.403530538,-0.545937419,0.182600230,3.124433279,-8.524555206,4.622006416
157465471400,0.393681824,-0.542743266,0.187391490,3.077746391,-8.450334549,4.671087742
157466732337,0.385164052,-0.535556376,0.192981288,3.141192675,-8.446743965,4.651934147
157467993262,0.375315338,-0.537952006,0.198038727,3.142389774,-8.429984093,4.668693542
157469254187,0.367596090,-0.537153423,0.204160899,3.134010077,-8.407238960,4.678270340
157470515125,0.363869548,-0.534491658,0.209218338,3.116053581,-8.412027359,4.626794815
157471776025,0.356682658,-0.534225464,0.215074331,3.142389774,-8.404845238,4.685452938
157473036950,0.343639791,-0.535290182,0.219067037,3.183091164,-8.371326447,4.662707806
157474297875,0.339647084,-0.535023987,0.226786286,3.139995575,-8.368931770,4.645948410
157475558800,0.332726359,-0.534491658,0.225721568,3.159149170,-8.356961250,4.637568951
157476819737,0.321280569,-0.536088705,0.229980469,3.203441858,-8.372523308,4.672284603
157478080662,0.313295156,-0.535822570,0.238232076,3.183091164,-8.343792915,4.666299343
157479341575,0.307705343,-0.533160746,0.244886607,3.175908566,-8.406042099,4.680664539
157480602512,0.302914083,-0.532894552,0.249145508,3.151966572,-8.441955566,4.651934147
157481863437,0.295461029,-0.535290182,0.252073497,3.203441858,-8.467094421,4.638765812
157483124362,0.286943227,-0.536887288,0.260325104,3.244143248,-8.473079681,4.656722546
157484385287,0.277893066,-0.533160746,0.265116364,3.179499865,-8.513781548,4.638765812
157485646200,0.270173818,-0.534491658,0.271770895,3.157952070,-8.535328865,4.669890404
157486907137,0.268044353,-0.538218200,0.277360708,3.124433279,-8.601169586,4.685452938
157488168062,0.256864756,-0.537419617,0.286144674,3.217807055,-8.693346024,4.686649799
157489428987,0.245418966,-0.535290182,0.289338857,3.192667961,-8.707711220,4.681861401
157490689912,0.237433538,-0.537952006,0.297058105,3.177105665,-8.749609947,4.703409195
157491950825,0.226253927,-0.536887288,0.307705343,3.203441858,-8.811859131,4.726154327
157493211750,0.215606689,-0.537685812,0.316223145,3.162740469,-8.828619003,4.723760128
157494472687,0.203362361,-0.536354899,0.324208587,3.199850559,-8.882488251,4.716577530
157495733612,0.191384211,-0.538484335,0.326604217,3.222595453,-8.904036522,4.717774391
157496994525,0.178341329,-0.537419617,0.338848531,3.187879562,-8.932766914,4.718971729
157498255475,0.169823542,-0.536887288,0.343107432,3.236960649,-9.015366554,4.708197594
157499516375,0.157579213,-0.537153423,0.352956116,3.201047659,-8.999804497,4.774038315
157500777312,0.142939255,-0.544340312,0.360941559,3.196259260,-9.046491623,4.745307922
157502038225,0.128299281,-0.540613830,0.372653544,3.219004154,-9.046491623,4.781220913
157503299150,0.116587318,-0.544340312,0.377444804,3.210624456,-9.046491623,4.809951305
157504560087,0.103012085,-0.546469808,0.385164052,3.201047659,-8.992621422,4.819528103
157505821000,0.088372126,-0.543807983,0.392084748,3.163937569,-8.975862503,4.799177170
157507081925,0.071602717,-0.540613830,0.397674561,3.185485363,-8.963891029,4.886565685
157508342862,0.059890747,-0.543807983,0.406192362,3.209427357,-8.939949036,4.791994572
157509603800,0.044718422,-0.547534525,0.412846863,3.207033157,-8.887276649,4.774038315
157510864712,0.032207914,-0.546469808,0.416839600,3.229778051,-8.853757858,4.739322186
157512125625,0.021826850,-0.545937419,0.418702871,3.207033157,-8.797493935,4.721365929
157513386575,0.013042874,-0.549131572,0.425889760,3.201047659,-8.748413086,4.702212334
157514647487,0.002927992,-0.556850851,0.437335551,3.196259260,-8.701725960,4.733336926
157515908412,-0.013309055,-0.558447957,0.433076650,3.217807055,-8.653841972,4.674678802
157517169325,-0.024754841,-0.548599243,0.432278097,3.177105665,-8.591592789,4.663905144
157518430262,-0.032740276,-0.558181763,0.437867910,3.246537447,-8.528146744,4.669890404
157519691187,-0.044718422,-0.562174499,0.440529704,3.223792553,-8.451532364,4.660313606
157520952112,-0.051372953,-0.557915568,0.441062063,3.248931646,-8.457517624,4.649539948
157522213037,-0.056430392,-0.556584656,0.444256246,3.199850559,-8.412027359,4.641160011
157523473975,-0.065746732,-0.560311198,0.446918070,3.174711466,-8.319850922,4.648342609
157524734900,-0.072667442,-0.558980286,0.439997345,3.211821556,-8.304288864,4.607641220
157525995812,-0.078523420,-0.561375916,0.440795898,3.163937569,-8.258798599,4.590881824
157527256737,-0.083580866,-0.562174499,0.445853323,3.151966572,-8.215703011,4.617218018
157528517650,-0.090235390,-0.562440634,0.439464986,3.168725967,-8.152256966,4.604049683
157529778575,-0.095559016,-0.566433370,0.432810456,3.165134668,-8.142680168,4.559757233
157531039525,-0.103544444,-0.570692241,0.437601715,3.144783974,-8.115146637,4.546588898
157532300450,-0.105940074,-0.573886454,0.438134074,3.086126089,-8.061277390,4.574122429
157533561362,-0.109400429,-0.575483501,0.426688284,3.104082584,-8.069657326,4.595670223
157534822287,-0.116853498,-0.578145325,0.428285390,3.153163671,-8.009801865,4.521450043
157536083212,-0.120313853,-0.577346802,0.428817749,3.112462282,-7.961917877,4.540603638
157537344125,-0.121910945,-0.579210043,0.423494130,3.094505787,-7.971494675,4.558559895
157538605075,-0.121910945,-0.582936585,0.418969035,3.083731890,-7.975085735,4.531026840
157539865975,-0.126968384,-0.579476237,0.417371958,3.106476784,-7.920019150,4.557363033
157541126912,-0.128565475,-0.580274761,0.417904317,3.088520288,-7.966706276,4.496310711
157542387837,-0.132292002,-0.590123475,0.413379252,3.098097086,-7.910442352,4.466383457
157543648775,-0.137615621,-0.590922058,0.408854157,3.092111588,-7.872135162,4.490325451
157544909687,-0.134155273,-0.593583822,0.406990886,3.099294186,-7.875726700,4.517858505
157546170612,-0.134687632,-0.591986775,0.401667267,3.089717388,-7.861361504,4.505887508
157547431537,-0.140809804,-0.592785299,0.402465820,3.057395697,-7.837419510,4.462791920
157548692475,-0.144270152,-0.593583822,0.398473084,3.043030500,-7.856573105,4.430470467
157549953387,-0.148529053,-0.593850017,0.396077454,3.053804398,-7.803900719,4.419696331
157551214325,-0.150658503,-0.590655863,0.396876007,3.080140591,-7.791929722,4.388571739
157552475250,-0.151989400,-0.597044170,0.394480377,3.053804398,-7.811083317,4.381389141
157553736162,-0.154385030,-0.595447123,0.396343648,3.015496969,-7.778761387,4.395754337
157554997087,-0.159974843,-0.597576559,0.394746572,3.016694069,-7.787141323,4.390965939
157556258025,-0.165564641,-0.597842753,0.391286194,2.990357876,-7.729680061,4.396951675
157557518937,-0.166895539,-0.598641276,0.390221477,2.997540474,-7.712920666,4.331110954
157558779875,-0.172219172,-0.598375082,0.392883301,2.964021683,-7.643488884,4.353855610
157560040787,-0.171952993,-0.595447123,0.390753835,2.980781078,-7.677007675,4.292803764
157561301725,-0.171952993,-0.594914734,0.389955312,2.968810081,-7.639897823,4.297592163
157562562637,-0.180204600,-0.599173665,0.382502228,2.966415882,-7.606379032,4.258087635
157563823562,-0.181535512,-0.598641276,0.384365499,2.962824583,-7.599196434,4.280832767
157565084475,-0.174614802,-0.597576559,0.387027323,2.944868088,-7.564480305,4.229357243
157566345412,-0.178607509,-0.599173665,0.385430217,2.930502892,-7.529764175,4.264073372
157567606350,-0.184197322,-0.599439800,0.379574239,2.931699991,-7.504625320,4.238934040
157568867275,-0.184197322,-0.597842753,0.375847697,2.946065187,-7.514202118,4.220977783
157570128200,-0.187923849,-0.592785299,0.375315338,2.912546396,-7.454347134,4.185064793
157571389112,-0.188456208,-0.593051493,0.375581533,2.900575399,-7.442376137,4.201824188
157572650050,-0.187125310,-0.595180929,0.374516785,2.942473888,-7.412448406,4.155137062
157573910975,-0.187125310,-0.594914734,0.365732819,2.932897091,-7.417236805,4.080916882
157575171887,-0.181003138,-0.600770712,0.371854991,2.950853586,-7.417236805,4.085705280
157576432837,-0.186060578,-0.596511841,0.366265178,2.943670988,-7.408857346,4.073734283
157577693750,-0.190319479,-0.596245646,0.368927002,2.968810081,-7.412448406,4.071340084
157578954675,-0.190319479,-0.595447123,0.366265178,2.959233284,-7.417236805,4.118026733
157580215600,-0.188722402,-0.593317688,0.361473918,2.942473888,-7.444770336,4.126406670
157581476500,-0.186859131,-0.586929321,0.359610647,2.894589901,-7.428010941,4.085705280
157582737450,-0.190585658,-0.588792562,0.359344482,2.956839085,-7.405265808,4.056974888
157583998375,-0.194844559,-0.588260233,0.355085582,2.993949175,-7.422025204,4.062960148
157585259300,-0.194844559,-0.583468974,0.352956116,2.929305792,-7.441178799,4.088099480
157586520225,-0.190851837,-0.585332215,0.357215017,2.895787001,-7.411251545,4.084507942
157587781150,-0.195909292,-0.580807149,0.351891398,2.906560898,-7.435193539,4.018667698
157589042075,-0.200700551,-0.578145325,0.346833974,2.947262287,-7.416039944,4.042609692
157590303000,-0.202031448,-0.579742432,0.346833974,2.959233284,-7.393294811,4.092887878
157591563925,-0.198837280,-0.576814413,0.338848531,2.910152197,-7.438784599,4.029441357
157592824850,-0.200966731,-0.574418783,0.333524913,2.924517393,-7.389703751,4.028244495
157594085775,-0.209750697,-0.575749695,0.333791077,2.937685490,-7.387309551,4.042609692
157595346712,-0.205491811,-0.568829000,0.330330729,2.905363798,-7.389703751,4.013879299
157596607625,-0.205491811,-0.565634847,0.327402741,2.926911592,-7.358579159,4.039018154
157597868537,-0.212146327,-0.567764282,0.319949687,2.896984100,-7.296329498,4.049792290
157599129500,-0.214808136,-0.567764282,0.319683492,2.905363798,-7.307103634,3.983951569
157600390400,-0.214541957,-0.560311198,0.311431885,2.918531895,-7.285555840,3.989937067
157601651337,-0.215340510,-0.561908305,0.305575907,2.938882589,-7.262810707,4.021061897
157602912250,-0.219333217,-0.556052327,0.300784647,2.936488390,-7.228095055,3.999513865
157604173187,-0.217203766,-0.548599243,0.296791911,2.937685490,-7.195773125,3.976768970
157605434087,-0.221196488,-0.550994873,0.292000651,2.937685490,-7.157465935,3.989937067
157606695025,-0.218534678,-0.547534525,0.286410868,2.967612982,-7.138312340,3.981557369
157607955962,-0.216405228,-0.544340312,0.281885773,2.941276789,-7.150283337,4.023456097
157609216887,-0.217469960,-0.541678548,0.273634166,2.943670988,-7.113173485,3.975571871
157610477812,-0.216671407,-0.537419617,0.266447276,2.967612982,-7.079654694,3.999513865
157611738725,-0.216937587,-0.535556376,0.260325104,2.960430384,-7.102399349,3.997119665
157612999675,-0.215872869,-0.537952006,0.251274943,2.950853586,-7.031770229,3.997119665
157614260600,-0.218534678,-0.531031311,0.245685145,2.983175278,-7.017405033,3.971980572
157615521512,-0.217203766,-0.524110556,0.239030629,2.997540474,-7.030573368,3.961206675
157616782450,-0.214808136,-0.525175273,0.229980469,2.950853586,-7.018602371,3.949235678
157618043362,-0.217736140,-0.520916402,0.224390656,2.975992680,-7.024587631,3.928884983
157619304275,-0.211880147,-0.519319296,0.217736140,2.992752075,-6.975506783,3.977966070
157620565200,-0.212678701,-0.509204447,0.205491811,2.960430384,-6.986280441,4.028244495
157621826137,-0.218002319,-0.506542623,0.196175471,3.002328873,-6.997054577,4.024652958
157623087050,-0.210283071,-0.506808817,0.191650391,3.002328873,-6.968324184,3.993528366
157624347975,-0.209218338,-0.503614604,0.186592951,2.973598480,-6.961141586,3.970783472
157625608925,-0.208952159,-0.500686646,0.174614802,3.034650564,-6.983886242,3.916913986
157626869837,-0.204693258,-0.499355733,0.170089722,3.062184095,-6.952761650,3.973177671
157628130775,-0.207088888,-0.494564474,0.162636653,3.019088268,-7.011419773,3.955221176
157629391687,-0.203096181,-0.491370291,0.157313034,3.057395697,-7.030573368,4.000710964
157630652625,-0.197506368,-0.490305573,0.149859950,3.051410198,-7.006631374,4.003105164
157631913550,-0.198837280,-0.484183401,0.143205434,3.081337690,-7.048529625,3.958812475
157633174475,-0.195376918,-0.476996511,0.134155273,3.015496969,-7.123947144,4.004302502
157634435412,-0.196707830,-0.472737610,0.123241849,3.013102770,-7.141903877,4.012681961
157635696300,-0.192182750,-0.471406728,0.115788773,3.027467966,-7.218518257,3.993528366
157636957250,-0.189787120,-0.472737610,0.112328425,3.080140591,-7.248445511,4.034229755
157638218175,-0.184197322,-0.465816915,0.104076810,3.087323189,-7.328651428,4.067748547
157639479100,-0.181003138,-0.465816915,0.100084089,3.034650564,-7.433996201,4.039018154
157640740025,-0.183398768,-0.461558014,0.090235390,3.008314371,-7.436390400,4.035427094
157642000950,-0.177808970,-0.455702037,0.084645584,3.089717388,-7.534552574,4.086902142
157643261862,-0.169557363,-0.455169678,0.081185237,3.081337690,-7.609970093,4.139575005
157644522787,-0.163169011,-0.450112224,0.069473267,3.072957993,-7.703343868,4.101267338
157645783725,-0.158643931,-0.445054799,0.060423110,3.060986996,-7.791929722,4.198232651
157647044650,-0.150924683,-0.440529704,0.048977323,3.125630379,-7.917624950,4.230554581
157648305562,-0.140277430,-0.439198792,0.039927166,3.096899986,-8.056488991,4.250905037
157649566512,-0.132292002,-0.436270803,0.033538818,3.139995575,-8.179790497,4.273650169
157650827425,-0.120580032,-0.436803162,0.024488661,3.173514366,-8.310274124,4.304774761
157652088350,-0.106472440,-0.438134074,0.021560669,3.233369350,-8.440757751,4.361038208
157653349275,-0.104609169,-0.434407532,0.011978149,3.183091164,-8.599972725,4.431667328
157654610200,-0.095026650,-0.433875173,0.002395630,3.233369350,-8.814253807,4.426878929
157655871137,-0.087573580,-0.431213379,-0.001597087,3.271676540,-8.945934296,4.463989258
157657132050,-0.077991061,-0.432278097,-0.004791260,3.295618773,-9.112331390,4.556165695
157658392962,-0.072933622,-0.427753031,-0.010114881,3.226186752,-9.291896820,4.547786236
157659653912,-0.061754014,-0.424558848,-0.009050157,3.262099743,-9.439140320,4.654328346
157660914837,-0.055365667,-0.422695577,-0.005323622,3.305195570,-9.585186958,4.705803394
157662175775,-0.052970037,-0.420299947,-0.005057441,3.344699860,-9.726444244,4.771644115
157663436687,-0.059358384,-0.416573405,-0.005323622,3.343502760,-9.858125687,4.803965569
157664697600,-0.057495117,-0.410451233,0.002129449,3.337517262,-9.952696800,4.902128220
157665958525,-0.064948186,-0.403264344,0.002395630,3.385401249,-10.074800491,4.971560001
157667219462,-0.075063072,-0.403530538,0.013309055,3.378218651,-10.155006409,5.030217648
157668480400,-0.074264526,-0.401667267,0.021028306,3.329137564,-10.157401085,5.008669853
157669741300,-0.080120511,-0.395811290,0.022359211,3.353079557,-10.218453407,5.112817764
157671002237,-0.088372126,-0.392617106,0.031143188,3.323152065,-10.237607002,5.106832027
157672263162,-0.093695745,-0.389156759,0.040459525,3.307589769,-10.201693535,5.160701752
157673524087,-0.102745906,-0.381171316,0.049509682,3.317166567,-10.224438667,5.237316132
157674785012,-0.109134249,-0.380106598,0.058027480,3.254917145,-10.207678795,5.169081688
157676045937,-0.117385864,-0.376380056,0.067077637,3.269282341,-10.181343079,5.193023682
157677306850,-0.125371292,-0.368128449,0.076926336,3.252522945,-10.144232750,5.184643745
157678567800,-0.130694911,-0.364401907,0.088105939,3.283647537,-10.062829971,5.120000362
157679828712,-0.138414174,-0.357747376,0.094760470,3.247734547,-10.016142845,5.123591900
157681089637,-0.145068690,-0.350294322,0.105673894,3.227383852,-9.957485199,5.127182961
157682350562,-0.150924683,-0.344704509,0.116587318,3.211821556,-9.873687744,5.064933777
157683611500,-0.157579213,-0.343107432,0.123241849,3.233369350,-9.726444244,5.040991783
157684872400,-0.161305740,-0.340179443,0.134421453,3.175908566,-9.588777542,5.014655590
157686133350,-0.164499924,-0.327402741,0.140543625,3.142389774,-9.549273491,4.977545261
157687394275,-0.163967550,-0.325273305,0.148795232,3.119644880,-9.470264435,5.009867191
157688655187,-0.163967550,-0.321812958,0.150658503,3.088520288,-9.319430351,4.959589005
157689916100,-0.165298462,-0.317021698,0.155982122,3.090914488,-9.214085579,4.959589005
157691177050,-0.168758810,-0.312762797,0.163169011,3.089717388,-9.066842079,4.905719280
157692437975,-0.168226451,-0.311165690,0.167161733,3.071760893,-9.033323288,4.909310818
157693698912,-0.163967550,-0.306374431,0.173550069,3.072957993,-8.941145897,4.918887615
157694959825,-0.161838099,-0.301583171,0.174082428,3.064578295,-8.858546257,4.844666958
157696220750,-0.161305740,-0.298122823,0.177542791,3.058592796,-8.802282333,4.896142483
157697481675,-0.157046840,-0.294662476,0.177276611,3.049015999,-8.702922821,4.869806290
157698742600,-0.153852671,-0.291202128,0.171952993,2.992752075,-8.610746384,4.884171486
157700003512,-0.150658503,-0.289338857,0.174614802,2.989160776,-8.597578049,4.885368824
157701264437,-0.154651210,-0.279756337,0.173550069,3.007117271,-8.526949883,4.880580425
157702525387,-0.146931961,-0.276029795,0.179672241,2.984372377,-8.475474358,4.886565685
157703786300,-0.144536331,-0.275231242,0.177542791,2.997540474,-8.482656479,4.942829609
157705047225,-0.142406881,-0.272835612,0.176211879,2.977189779,-8.419210434,4.948814869
157706308150,-0.133356735,-0.267778188,0.178873688,2.973598480,-8.361749649,4.981136799
157707569062,-0.134687632,-0.262454569,0.169823542,2.965218782,-8.404845238,4.929661274
157708830012,-0.135486171,-0.260058939,0.168492630,2.992752075,-8.370129585,4.952406406
157710090925,-0.131493464,-0.256332397,0.163967550,3.020285368,-8.359354973,4.960785866
157711351850,-0.128033102,-0.251008779,0.158643931,3.050213099,-8.341399193,4.982333660
157712612800,-0.119515315,-0.254202932,0.154917404,3.009511471,-8.372523308,4.920084476
157713873712,-0.116853498,-0.252339691,0.153852671,3.063381195,-8.422801971,4.966771603
157715134637,-0.117918223,-0.249677867,0.151457042,3.003525972,-8.358158112,4.904522419
157716395550,-0.112594604,-0.247814596,0.147198141,3.056198597,-8.385691643,4.909310818
157717656487,-0.108868070,-0.248613149,0.143205434,3.015496969,-8.441955566,4.935647011
157718917412,-0.104076810,-0.242757156,0.141608343,2.995146275,-8.501810074,4.966771603
157720178362,-0.104076810,-0.242490977,0.140543625,3.053804398,-8.501810074,4.981136799
157721439262,-0.096091375,-0.244886607,0.135219991,3.056198597,-8.561665535,5.007472992
157722700187,-0.092631020,-0.244620427,0.136284724,3.044227600,-8.629899979,5.005078793
157723961112,-0.095026650,-0.241692439,0.137881801,3.011905670,-8.694543839,5.014655590
157725222050,-0.088904485,-0.237167358,0.139478892,3.033453465,-8.754398346,5.023035049
157726482962,-0.084645584,-0.238232076,0.140543625,3.033453465,-8.802282333,4.975151062
157727743900,-0.087839760,-0.235037908,0.139212713,2.989160776,-8.853757858,4.979939461
157729004825,-0.090235390,-0.232908458,0.137083262,3.051410198,-8.914810181,4.996698856
157730265775,-0.086775035,-0.233440816,0.140277430,3.046621799,-8.967482567,4.988319397
157731526675,-0.093163386,-0.232642278,0.142406881,2.977189779,-9.020154953,5.017049789
157732787600,-0.096889921,-0.230512828,0.141608343,3.010708570,-9.097966194,5.008669853
157734048525,-0.097688459,-0.225721568,0.149593771,3.013102770,-9.096769333,5.012261391
157735309450,-0.101947360,-0.222527400,0.149061412,3.052607298,-9.123106003,5.051765442
157736570362,-0.111263700,-0.221995026,0.146665782,3.038241863,-9.148244858,5.019443989
157737831312,-0.118982948,-0.222261220,0.146931961,2.971204281,-9.176975250,5.021838188
157739092225,-0.118716769,-0.217203766,0.154651210,2.998737574,-9.191340446,4.954800606
157740353162,-0.120846219,-0.216139048,0.156514481,3.049015999,-9.142259598,4.975151062
157741614075,-0.131759644,-0.214275777,0.157579213,3.049015999,-9.129091263,4.954800606
157742875000,-0.141342163,-0.213477239,0.160507202,3.066972494,-9.106346130,4.929661274
157744135925,-0.147996694,-0.210549250,0.159708664,3.074155092,-9.103952408,4.926070213
157745396875,-0.149327591,-0.213477239,0.160507202,2.987963676,-9.100360870,4.926070213
157746657787,-0.158910111,-0.206556529,0.165298462,3.032256365,-9.040505409,4.884171486
157747918725,-0.165830821,-0.208419800,0.165032282,3.011905670,-9.008184433,4.815936565
157749179625,-0.168226451,-0.208153620,0.164766103,2.975992680,-8.981847763,4.849455357
157750440562,-0.176744252,-0.205757990,0.165830821,2.993949175,-8.929175377,4.758475780
157751701500,-0.183931142,-0.198038727,0.167694092,2.960430384,-8.916007042,4.759673119
157752962412,-0.185528219,-0.201232910,0.166895539,2.991554976,-8.858546257,4.776432514
157754223325,-0.191384211,-0.199635819,0.160773382,2.961627483,-8.820239067,4.733336926
157755484275,-0.195110738,-0.196974009,0.163169011,2.962824583,-8.820239067,4.726154327
157756745187,-0.198304921,-0.201232910,0.162104294,2.938882589,-8.789114952,4.724956989
157758006125,-0.200700551,-0.197240189,0.159974843,2.953247786,-8.771158218,4.674678802
157759267037,-0.203362361,-0.193779841,0.157313034,2.995146275,-8.720879555,4.663905144
157760527975,-0.204959437,-0.195376918,0.157579213,2.956839085,-8.743624687,4.650736809
157761788887,-0.210283071,-0.199901998,0.158910111,2.940079689,-8.726864815,4.619612217
157763049825,-0.216405228,-0.192448929,0.155982122,2.965218782,-8.704120636,4.616020679
157764310750,-0.219333217,-0.186060578,0.155449763,2.923320293,-8.702922821,4.583699226
157765571687,-0.219599396,-0.183664948,0.147464320,2.899378300,-8.725667953,4.531026840
157766832600,-0.218534678,-0.186859131,0.146931961,2.908955097,-8.718485832,4.590881824
157768093537,-0.225455388,-0.182866409,0.150658503,2.913743496,-8.743624687,4.564545631
157769354462,-0.225455388,-0.181801692,0.147730514,2.901772499,-8.731653214,4.584896088
157770615387,-0.230512828,-0.179406062,0.145334885,2.879027605,-8.742427826,4.551377296
157771876312,-0.232642278,-0.181003138,0.141874522,2.835932016,-8.752004623,4.559757233
157773137225,-0.234505549,-0.180470780,0.139745072,2.865859509,-8.763975143,4.559757233
157774398150,-0.237433538,-0.171686798,0.136018544,2.876633406,-8.748413086,4.547786236
157775659075,-0.236368805,-0.174880981,0.135219991,2.863465309,-8.755595207,4.541800499
157776920025,-0.243821889,-0.170888260,0.136284724,2.853888512,-8.744821548,4.537012100
157778180937,-0.242757156,-0.170355901,0.138147995,2.886210203,-8.783128738,4.517858505
157779441875,-0.245418966,-0.171952993,0.138147995,2.859874010,-8.803480148,4.495113850
157780702787,-0.251274943,-0.169024989,0.139745072,2.873042107,-8.773551941,4.509479046
157781963725,-0.259792745,-0.163967550,0.142673060,2.867056608,-8.769961357,4.504690647
157783224650,-0.256598562,-0.159708664,0.138946533,2.867056608,-8.791508675,4.513070107
157784485575,-0.260325104,-0.158910111,0.137615621,2.880224705,-8.790311813,4.514267445
157785746500,-0.261656016,-0.161305740,0.137083262,2.906560898,-8.803480148,4.507084846
157787007425,-0.265116364,-0.156248301,0.136284724,2.887407303,-8.728062630,4.522646904
157788268350,-0.268842906,-0.155449763,0.132558182,2.850297213,-8.813056946,4.453215122
157789529275,-0.268310547,-0.155183583,0.133356735,2.876633406,-8.799888611,4.477157116
157790790200,-0.270972341,-0.154917404,0.138414174,2.850297213,-8.784326553,4.484339714
157792051137,-0.276029795,-0.150658503,0.141342163,2.833537817,-8.786720276,4.454412460
157793312062,-0.282950491,-0.145867243,0.142140701,2.837129116,-8.778340340,4.455609322
157794572987,-0.276828349,-0.146665782,0.142939255,2.837129116,-8.748413086,4.453215122
157795833900,-0.282418132,-0.147996694,0.144003972,2.828749418,-8.762778282,4.408922672
157797094837,-0.291734487,-0.145601064,0.148262873,2.816778421,-8.734047890,4.402936935
157798355750,-0.293331563,-0.140011251,0.145601064,2.811990023,-8.749609947,4.434061527
157799616675,-0.291468292,-0.140277430,0.147198141,2.802413225,-8.681375504,4.420893669
157800877612,-0.293863922,-0.134687632,0.151989400,2.785653591,-8.640673637,4.436455727
157802138537,-0.303446442,-0.132558182,0.153320312,2.747346401,-8.634688377,4.422090530
157803399475,-0.302914083,-0.134155273,0.153852671,2.723404408,-8.616731644,4.364629745
157804660387,-0.298655182,-0.134421453,0.155183583,2.713827610,-8.577227592,4.408922672
157805921325,-0.298122823,-0.136550903,0.151989400,2.735375404,-8.576030731,4.389769077
157807182262,-0.304777354,-0.134155273,0.157046840,2.736572504,-8.520963669,4.331110954
157808443187,-0.303978801,-0.128033102,0.162370473,2.677914619,-8.467094421,4.328716755
157809704075,-0.307439178,-0.125637472,0.164499924,2.673126221,-8.453926086,4.351461411
157810965025,-0.305575907,-0.125105113,0.165032282,2.700659513,-8.444349289,4.279635429
157812225950,-0.307172984,-0.121910945,0.162636653,2.625242233,-8.458714485,4.305971622
157813486887,-0.309834808,-0.124306574,0.168758810,2.677914619,-8.450334549,4.305971622
157814747812,-0.305043548,-0.124040388,0.175147161,2.704250813,-8.433575630,4.276044369
157816008737,-0.300784647,-0.122443303,0.177276611,2.707842112,-8.412027359,4.288015366
157817269675,-0.302115530,-0.122443303,0.178075150,2.749740601,-8.397662163,4.320336819
157818530575,-0.300252289,-0.123241849,0.180204600,2.748543501,-8.395268440,4.321534157
157819791512,-0.298389018,-0.121378578,0.185794398,2.791639090,-8.451532364,4.359841347
157821052437,-0.293597758,-0.122177124,0.190851837,2.797624826,-8.415618896,4.326322556
157822313375,-0.290935934,-0.126968384,0.193779841,2.821566820,-8.426392555,4.344278812
157823574275,-0.292799205,-0.126702204,0.191916570,2.841917515,-8.456320763,4.378994942
157824835212,-0.284281403,-0.131759644,0.203628540,2.841917515,-8.457517624,4.400542736
157826096150,-0.279223979,-0.139478892,0.209750697,2.896984100,-8.445546150,4.492719650
157827357075,-0.274166524,-0.132558182,0.211347789,2.898181200,-8.491036415,4.471171856
157828618012,-0.266447276,-0.135486171,0.220664129,2.908955097,-8.550891876,4.466383457
157829878925,-0.264051646,-0.141342163,0.225721568,2.931699991,-8.532935143,4.472368717
157831139850,-0.263519287,-0.146133423,0.229181916,3.008314371,-8.500613213,4.498704910
157832400787,-0.260857463,-0.142140701,0.240627706,3.027467966,-8.540117264,4.544194698
157833661700,-0.249677867,-0.150658503,0.248080775,3.023876667,-8.510190010,4.508281708
157834922612,-0.241958618,-0.157046840,0.255800039,3.049015999,-8.516175270,4.520252705
157836183562,-0.238764435,-0.159176290,0.262454569,3.041833401,-8.556877136,4.513070107
157837444500,-0.237699717,-0.161039561,0.263785452,3.100491285,-8.549694061,4.528632641
157838705412,-0.231577545,-0.171952993,0.268576711,3.032256365,-8.526949883,4.538209438
157839966337,-0.223858297,-0.179938421,0.280554861,3.068169594,-8.571242332,4.538209438
157841227262,-0.219067037,-0.178873688,0.285878509,3.057395697,-8.564059258,4.514267445
157842488187,-0.216405228,-0.186060578,0.289605021,3.076549292,-8.520963669,4.540603638
157843749112,-0.207887441,-0.194578379,0.295727193,3.096899986,-8.523358345,4.546588898
157845010050,-0.201232910,-0.198038727,0.307172984,3.089717388,-8.541315079,4.550180435
157846270962,-0.200700551,-0.203628540,0.308503896,3.052607298,-8.523358345,4.569334030
157847531887,-0.194312200,-0.207887441,0.317554057,3.094505787,-8.513781548,4.566939831
157848792825,-0.190319479,-0.217203766,0.324208587,3.132812977,-8.462306023,4.531026840
157850053762,-0.186859131,-0.222527400,0.326870382,3.144783974,-8.418013573,4.480748653
157851314675,-0.186592951,-0.227318659,0.331927836,3.141192675,-8.409633636,4.505887508
157852575600,-0.179938421,-0.236102626,0.333791077,3.138798475,-8.400056839,4.478354454
157853836537,-0.172219172,-0.238764435,0.338582337,3.117250681,-8.348581314,4.510675907
157855097450,-0.168226451,-0.249944046,0.344970703,3.177105665,-8.261193275,4.508281708
157856358387,-0.166363180,-0.256332397,0.346567780,3.139995575,-8.244433403,4.474762917
157857619312,-0.165830821,-0.262188375,0.350294322,3.150769472,-8.239645004,4.458003521
157858880237,-0.157313034,-0.273101807,0.358545929,3.093308687,-8.203732491,4.462791920
157860141150,-0.153586492,-0.273900360,0.352157593,3.106476784,-8.112752914,4.405331135
157861402087,-0.147996694,-0.281885773,0.350560486,3.114856482,-8.092401505,4.377797604
157862663012,-0.142939255,-0.288274139,0.351625234,3.106476784,-8.058882713,4.349067211
157863923950,-0.134155273,-0.294396281,0.352157593,3.089717388,-7.995436668,4.432864666
157865184862,-0.131227285,-0.302647918,0.353488505,3.078943491,-7.951143742,4.382586479
157866445800,-0.126702204,-0.310899526,0.352689952,3.055001497,-7.922413349,4.359841347
157867706725,-0.115256414,-0.319417328,0.351625234,3.065775394,-7.893682957,4.355052948
157868967650,-0.111529879,-0.323410034,0.347632498,3.029862165,-7.873332500,4.309563160
157870228575,-0.104076810,-0.332726359,0.344970703,3.047818899,-7.861361504,4.292803764
157871489500,-0.101681180,-0.342575073,0.343905985,3.010708570,-7.862558365,4.292803764
157872750425,-0.095825195,-0.350028127,0.340711802,2.993949175,-7.842207909,4.292803764
157874011362,-0.085444130,-0.353222311,0.335654348,2.952050686,-7.814674377,4.259284973
157875272287,-0.074264526,-0.363603383,0.333524913,2.931699991,-7.838616371,4.247313976
157876533200,-0.070537992,-0.371056437,0.326071829,2.935291290,-7.821856976,4.271255970
157877794150,-0.064948186,-0.376113892,0.326071829,2.931699991,-7.872135162,4.278438568
157879055075,-0.059624564,-0.383034587,0.321280569,2.925714493,-7.916428089,4.265270233
157880315987,-0.055898029,-0.392883301,0.312496603,2.937685490,-7.945158482,4.248510838
157881576912,-0.046581693,-0.402199626,0.308237702,2.850297213,-8.005013466,4.236539841
157882837850,-0.037797716,-0.406458527,0.306640625,2.807201624,-8.049305916,4.241328239
157884098762,-0.038862441,-0.415508687,0.304511160,2.846705914,-8.055292130,4.273650169
157885359712,-0.026884291,-0.423494130,0.299453735,2.811990023,-8.121131897,4.315548420
157886620600,-0.024222480,-0.427486837,0.289871216,2.794033289,-8.142680168,4.305971622
157887881550,-0.023157755,-0.434407532,0.286144674,2.801216125,-8.178592682,4.289212227
157889142487,-0.018100314,-0.440795898,0.284547597,2.780865192,-8.197746277,4.307168961
157890403400,-0.012776692,-0.450910777,0.286410868,2.725798607,-8.271966934,4.266467571
157891664337,-0.012510511,-0.450378418,0.283216685,2.753331900,-8.310274124,4.274847031
157892925250,-0.011711968,-0.454104960,0.277626872,2.725798607,-8.368931770,4.338293552
157894186187,-0.008251614,-0.462622732,0.280022502,2.725798607,-8.367734909,4.322731018
157895447100,-0.006654528,-0.470075816,0.278691620,2.722207308,-8.458714485,4.349067211
157896708037,-0.010913425,-0.468744904,0.269907624,2.671929121,-8.441955566,4.321534157
157897968975,-0.007453070,-0.474334717,0.265382558,2.667140722,-8.418013573,4.302380562
157899229887,-0.005057441,-0.481787771,0.272037089,2.622848034,-8.470685959,4.314351559
157900490825,-0.005057441,-0.484981954,0.273900360,2.622848034,-8.514978409,4.308365822
157901751750,-0.006388346,-0.495363027,0.273900360,2.590526342,-8.493430138,4.303577423
157903012675,-0.006654528,-0.499355733,0.270972341,2.606088638,-8.479064941,4.311957359
157904273612,-0.011445787,-0.504679382,0.274166524,2.622848034,-8.455122948,4.278438568
157905534525,-0.016237047,-0.507341146,0.272037089,2.580949545,-8.467094421,4.261679173
157906795450,-0.015970865,-0.511067688,0.270972341,2.552218914,-8.445546150,4.230554581
157908056387,-0.017301772,-0.515858948,0.277360708,2.542642117,-8.440757751,4.254496574
157909317312,-0.020495944,-0.517722249,0.278691620,2.535459518,-8.422801971,4.260481834
157910578225,-0.023423936,-0.520384014,0.276029795,2.512714624,-8.372523308,4.243722439
157911839175,-0.019431220,-0.527570903,0.278957784,2.473210335,-8.358158112,4.203021049
157913100100,-0.021028306,-0.530232728,0.274698883,2.443282843,-8.321047783,4.209006786
157914361025,-0.022359211,-0.535822570,0.285079956,2.463633537,-8.316259384,4.176684856
157915621950,-0.022359211,-0.537153423,0.285346121,2.422932148,-8.289923668,4.149151802
157916882875,-0.026884291,-0.536354899,0.289338857,2.416946650,-8.245630264,4.100070477
157918143800,-0.030877007,-0.540613830,0.289338857,2.421735048,-8.258798599,4.149151802
157919404725,-0.029279921,-0.542743266,0.284281403,2.331952572,-8.259995461,4.146757603
157920665650,-0.032207914,-0.547002137,0.290669769,2.340332270,-8.238448143,4.085705280
157921926575,-0.037797716,-0.551261067,0.291734487,2.381033659,-8.176198959,4.090493679
157923187525,-0.042322792,-0.549930155,0.288007945,2.310404539,-8.179790497,4.047398090
157924448425,-0.037797716,-0.552325785,0.295194834,2.297236443,-8.157045364,4.042609692
157925709375,-0.039394803,-0.557117045,0.298389018,2.310404539,-8.117541313,4.107253075
157926970275,-0.038063895,-0.556318462,0.300252289,2.272097349,-8.109161377,4.083311081
157928231212,-0.038330078,-0.556850851,0.302647918,2.254140854,-8.107964516,4.071340084
157929492137,-0.043387517,-0.565102458,0.305309713,2.315193176,-8.094796181,4.054580688
157930753075,-0.042855155,-0.569095194,0.302115530,2.244564056,-8.103176117,4.017470360
157932013975,-0.045783147,-0.569095194,0.302647918,2.184709072,-8.063671112,3.985148668
157933274912,-0.049775865,-0.568829000,0.299719900,2.206256866,-8.072051048,4.043806553
157934535837,-0.047646414,-0.570426106,0.299453735,2.152387381,-8.078036308,4.005499363
157935796775,-0.049243502,-0.566167176,0.310100973,2.159569979,-8.060080528,4.039018154
157937057687,-0.050574407,-0.571490824,0.311165690,2.191891670,-8.056488991,4.064157486
157938318612,-0.053768583,-0.575217366,0.306906790,2.132036686,-8.010998726,3.985148668
157939579550,-0.056430392,-0.572555542,0.312762797,2.142810583,-8.015787125,3.987542868
157940840487,-0.054034762,-0.573886454,0.317021698,2.148796082,-8.063671112,3.997119665
157942101412,-0.054034762,-0.574951172,0.314093679,2.167949677,-8.064868927,4.029441357
157943362337,-0.055898029,-0.578145325,0.318352580,2.176329374,-8.057685852,3.932476282
157944623262,-0.055898029,-0.574951172,0.319949687,2.128445387,-8.051700592,3.960009575
157945884200,-0.059092201,-0.569627523,0.320748210,2.115277290,-8.072051048,3.971980572
157947145112,-0.060689289,-0.572289348,0.324740946,2.110488892,-8.064868927,3.975571871
157948406050,-0.063084923,-0.573087871,0.324474752,2.142810583,-8.049305916,3.938461781
157949666962,-0.060156927,-0.576282084,0.325007111,2.182314873,-8.076839447,3.948038578
157950927887,-0.062818736,-0.575749695,0.331661642,2.123656988,-8.036138535,3.973177671
157952188837,-0.062286377,-0.577879131,0.330596924,2.138022184,-8.093599319,3.934870481
157953449750,-0.065214366,-0.580008626,0.336985260,2.112883091,-8.079234123,3.952826977
157954710675,-0.070537992,-0.578411520,0.335654348,2.136825085,-8.123526573,3.940855980
157955971612,-0.071868896,-0.581073344,0.336186707,2.098517895,-8.069657326,3.967192173
157957232537,-0.070804171,-0.583468974,0.339380890,2.127248287,-8.049305916,3.970783472
157958493450,-0.072667442,-0.584533691,0.338582337,2.126051188,-8.076839447,3.942053080
157959754387,-0.073465981,-0.585332215,0.340977967,2.093729496,-8.033743858,4.017470360
157961015312,-0.072667442,-0.582404256,0.346035421,2.075773001,-8.018181801,3.963600874
157962276237,-0.073998347,-0.585332215,0.347100139,2.112883091,-8.040926933,3.968389273
157963537175,-0.075861610,-0.584533691,0.347366333,2.078167200,-8.009801865,4.001908302
157964798100,-0.078523420,-0.584533691,0.349495769,2.078167200,-7.999027729,3.975571871
157966059025,-0.080652870,-0.587195516,0.351891398,2.086546898,-7.994239330,3.979163170
157967319962,-0.079588145,-0.585598409,0.355085582,2.048239470,-7.994239330,3.988739967
157968580900,-0.077724881,-0.584799886,0.354287028,2.005143881,-7.994239330,3.948038578
157969841812,-0.078789607,-0.585066020,0.355351746,2.014720678,-7.972691536,3.979163170
157971102750,-0.078789607,-0.583202779,0.360675395,1.966836691,-7.937975883,3.974374771
157972363675,-0.075329252,-0.586396933,0.362006277,2.020706177,-7.988254070,4.017470360
157973624600,-0.075861610,-0.584533691,0.361473918,2.006340981,-7.930793285,3.954024076
157974885512,-0.076660156,-0.585332215,0.359078288,1.946485996,-7.928399086,3.945644379
157976146450,-0.074796885,-0.589591146,0.358279765,1.996764183,-7.914033890,3.950432777
157977407387,-0.074796885,-0.588526428,0.360409200,1.957259893,-7.953537941,3.976768970
157978668300,-0.075063072,-0.583202779,0.362272471,1.927332401,-7.961917877,3.936067581
157979929225,-0.075861610,-0.582138062,0.364934266,1.868674397,-7.963114738,3.926490784
157981190150,-0.076660156,-0.590123475,0.367596090,1.929726601,-7.918822289,3.958812475
157982451087,-0.075329252,-0.587195516,0.369459361,1.927332401,-7.915230751,3.980360270
157983712012,-0.072933622,-0.583735168,0.374782979,1.932120800,-7.961917877,3.904942989
157984972950,-0.069739446,-0.583468974,0.372653544,1.903390408,-7.965508938,3.926490784
157986233875,-0.068940900,-0.578411520,0.376646250,1.898602009,-7.967903137,3.920505285
157987494787,-0.072667442,-0.570692241,0.377977163,1.892616510,-7.979874134,3.980360270
157988755712,-0.069207087,-0.580807149,0.384631693,1.874659896,-8.008605003,3.945644379
157990016637,-0.070537992,-0.578145325,0.383833140,1.856703401,-8.027758598,3.921702385
157991277575,-0.072667442,-0.577080607,0.387825847,1.875856996,-8.027758598,3.877409697
157992538500,-0.070804171,-0.578943908,0.386494935,1.896207809,-8.002618790,3.956418276
157993799425,-0.071070351,-0.577879131,0.389689118,1.921346903,-8.016983986,3.957615376
157995060362,-0.071336530,-0.580807149,0.389422953,1.890222311,-8.044517517,3.943250179
157996321287,-0.072667442,-0.576814413,0.391552389,1.891419411,-8.043320656,3.963600874
157997582200,-0.072401255,-0.571490824,0.395545095,1.908178806,-8.015787125,3.997119665
157998843137,-0.074264526,-0.577612996,0.400070190,1.935712099,-8.003816605,3.979163170
158000104062,-0.076660156,-0.580274761,0.398739278,1.909375906,-8.050503731,3.983951569
158001364987,-0.076926336,-0.579742432,0.402465820,1.904587507,-8.052897453,4.005499363
158002625925,-0.077192515,-0.583468974,0.407789439,1.924938202,-8.028955460,3.981557369
158003886837,-0.072933622,-0.581339538,0.408854157,2.020706177,-8.045715332,4.011485100
158005147775,-0.073732160,-0.583202779,0.411782146,1.970427990,-8.070854187,4.049792290
158006408700,-0.075063072,-0.586396933,0.413911611,2.014720678,-8.038532257,3.946841478
158007669625,-0.068940900,-0.588260233,0.416839600,1.976413488,-8.073247910,3.985148668
158008930562,-0.070271812,-0.586130798,0.420299947,1.984793186,-8.072051048,3.987542868
158010191475,-0.070271812,-0.583468974,0.422961771,1.989581585,-8.070854187,4.019864559
158011452400,-0.064149641,-0.588792562,0.427486837,1.995567083,-8.107964516,4.035427094
158012713325,-0.061754014,-0.587195516,0.424825013,2.001552582,-8.063671112,4.085705280
158013974250,-0.061754014,-0.588526428,0.425357401,2.011129379,-8.098387718,4.053383350
158015235187,-0.059890747,-0.593583822,0.427486837,2.002749681,-8.180987358,4.078522682
158016496112,-0.060423110,-0.595447123,0.433342814,1.995567083,-8.163030624,4.074931145
158017757050,-0.057761297,-0.591188192,0.442392975,2.030282974,-8.118738174,4.049792290
158019017962,-0.052437674,-0.594648540,0.438400269,2.044648170,-8.137891769,4.030638695
158020278912,-0.046847872,-0.597044170,0.440263540,2.060210466,-8.186972618,4.067748547
158021539825,-0.044452243,-0.599705994,0.446651876,2.080561399,-8.176198959,4.052186489
158022800750,-0.046581693,-0.603698730,0.450910777,2.036268473,-8.178592682,4.041412354
158024061662,-0.045516968,-0.606094360,0.452241689,2.064998865,-8.170213699,4.010287762
158025322612,-0.043387517,-0.609554708,0.453306407,2.048239470,-8.182184219,4.018667698
158026583537,-0.033804998,-0.609022319,0.457299113,2.021903276,-8.191761017,4.074931145
158027844475,-0.033006456,-0.615410686,0.463155091,2.030282974,-8.214506149,4.037821293
158029105387,-0.037265353,-0.616475403,0.466881633,2.027888775,-8.218097687,4.047398090
158030366337,-0.033006456,-0.618338704,0.465284556,2.037465572,-8.203732491,4.045003891
158031627262,-0.025287203,-0.621266663,0.473269999,2.019509077,-8.265981674,4.031835556
158032888200,-0.020495944,-0.625791728,0.479658335,2.045845270,-8.249221802,4.021061897
158034149112,-0.020229762,-0.626590312,0.478593618,2.056619167,-8.295908928,4.035427094
158035410025,-0.020495944,-0.626856506,0.483384877,2.042253971,-8.279150009,4.021061897
158036670962,-0.014906141,-0.630050659,0.485780507,1.989581585,-8.250418663,4.028244495
158037931900,-0.011978149,-0.633777201,0.491104126,2.025494576,-8.257601738,4.018667698
158039192812,-0.008251614,-0.636971354,0.492701203,2.030282974,-8.271966934,4.050989151
158040453737,-0.007985433,-0.641230285,0.495363027,2.037465572,-8.240841866,4.089296341
158041714675,-0.009848701,-0.647884786,0.496960104,2.027888775,-8.234856606,4.085705280
158042975612,-0.001863268,-0.647352397,0.501485169,2.036268473,-8.250418663,4.055777550
158044236525,-0.001064724,-0.651078939,0.502816081,2.025494576,-8.285135269,4.043806553
158045497450,-0.003460354,-0.651877522,0.501751363,1.993172884,-8.245630264,4.031835556
158046758375,-0.001863268,-0.655071676,0.502816081,2.012326479,-8.248024940,4.024652958
158048019312,0.001863268,-0.657201111,0.510002971,1.965639591,-8.219294548,4.059369087
158049280212,-0.001597087,-0.653740764,0.510535359,1.985990286,-8.269572258,4.016273499
158050541162,0.002661811,-0.657733500,0.509470642,2.024297476,-8.274361610,4.018667698
158051802087,0.001863268,-0.665718913,0.510535359,1.983596087,-8.264783859,4.009090900
158053063012,0.001064724,-0.664920390,0.510801494,1.915361404,-8.279150009,3.976768970
158054323937,0.002395630,-0.663589478,0.512664795,1.933317900,-8.328230858,4.027047157
158055584875,0.000798543,-0.665452719,0.513197124,1.935712099,-8.355764389,4.007893562
158056845800,0.003726535,-0.671042562,0.512930989,1.945288897,-8.362946510,4.035427094
158058106725,-0.003992716,-0.673171997,0.512930989,1.938106298,-8.380903244,4.035427094
158059367662,-0.000798543,-0.672373414,0.514261901,1.877054095,-8.431180954,3.960009575
158060628587,-0.008783977,-0.672107279,0.510801494,1.900996208,-8.431180954,4.028244495
158061889512,-0.012244331,-0.675567627,0.510535359,1.859097600,-8.452729225,4.009090900
158063150450,-0.010381063,-0.673171997,0.512132406,1.819593310,-8.518569946,4.043806553
158064411362,-0.010913425,-0.675833821,0.509204447,1.811213613,-8.479064941,4.005499363
158065672287,-0.020495944,-0.673970520,0.511067688,1.842338204,-8.546103477,4.009090900
158066933225,-0.022891574,-0.676632345,0.509470642,1.879448295,-8.538920403,4.016273499
158068194137,-0.026618110,-0.678495586,0.509470642,1.790862918,-8.505401611,3.979163170
158069455075,-0.031941731,-0.680358887,0.513463318,1.787271619,-8.567650795,3.994725466
158070716000,-0.034603544,-0.680092692,0.511600077,1.810016513,-8.584410667,3.997119665
158071976937,-0.038862441,-0.680891216,0.505211711,1.810016513,-8.592789650,3.979163170
158073237862,-0.048977323,-0.679027975,0.509204447,1.811213613,-8.634688377,4.007893562
158074498800,-0.051639132,-0.681955934,0.512132406,1.794454217,-8.617929459,3.991134167
158075759725,-0.060955472,-0.680092692,0.509204447,1.860294700,-8.625111580,3.952826977
158077020637,-0.067609996,-0.676099956,0.510801494,1.863885999,-8.607154846,3.950432777
158078281575,-0.069739446,-0.674769044,0.511067688,1.844732404,-8.596381187,3.973177671
158079542500,-0.077458702,-0.677430868,0.509736776,1.854309201,-8.614337921,3.968389273
158080803425,-0.084379405,-0.680358887,0.510269165,1.862688899,-8.579622269,3.948038578
158082064350,-0.087839760,-0.675035238,0.507607341,1.885433912,-8.582015991,3.934870481
158083325287,-0.094228104,-0.672639608,0.510269165,1.916558504,-8.631096840,3.989937067
158084586212,-0.093163386,-0.677963257,0.514794230,1.903390408,-8.554482460,4.000710964
158085847137,-0.096357554,-0.673171997,0.512930989,1.968033791,-8.524555206,4.028244495
158087108087,-0.107004799,-0.678229451,0.512132406,2.003946781,-8.534132004,4.022258759
158088368987,-0.106738620,-0.677963257,0.507607341,2.005143881,-8.451532364,4.004302502
158089629925,-0.111796059,-0.674236715,0.505744100,2.025494576,-8.464699745,4.035427094
158090890850,-0.114457868,-0.677164674,0.509736776,2.057816267,-8.435969353,4.030638695
158092151787,-0.118982948,-0.677164674,0.509736776,2.074575901,-8.426392555,4.046200752
158093412687,-0.123241849,-0.683020711,0.506276429,2.100912094,-8.395268440,4.022258759
158094673637,-0.125637472,-0.683286846,0.506010234,2.109291792,-8.318654060,4.022258759
158095934575,-0.126436025,-0.683819234,0.502549887,2.086546898,-8.307880402,3.973177671
158097195487,-0.126702204,-0.681423604,0.505477905,2.163161278,-8.279150009,3.997119665
158098456412,-0.128299281,-0.678761780,0.499621928,2.207453966,-8.274361610,4.018667698
158099717350,-0.132824361,-0.681955934,0.497226298,2.157175779,-8.243236542,4.006696701
158100978275,-0.133889094,-0.680891216,0.500686646,2.202665567,-8.243236542,4.010287762
158102239212,-0.132025823,-0.681689799,0.501218975,2.183511972,-8.225279808,4.013879299
158103500137,-0.128565475,-0.688344300,0.494830668,2.227804661,-8.213309288,3.994725466
158104761062,-0.124838933,-0.690473735,0.493499756,2.225410461,-8.202534676,4.053383350
158106022000,-0.126169845,-0.687811971,0.489507020,2.250549555,-8.206126213,3.980360270
158107282912,-0.123774208,-0.687811971,0.491636485,2.281674147,-8.191761017,3.989937067
158108543837,-0.123508029,-0.691804647,0.496427745,2.255337954,-8.179790497,4.016273499
158109804775,-0.122709483,-0.693135560,0.489507020,2.360682964,-8.228871346,4.019864559
158111065712,-0.121910945,-0.689941406,0.486579031,2.308010340,-8.203732491,4.016273499
158112326637,-0.120846219,-0.690739930,0.484981954,2.308010340,-8.206126213,3.963600874
158113587550,-0.116853498,-0.694998860,0.485514313,2.329558372,-8.197746277,4.022258759
158114848487,-0.116054960,-0.697926819,0.482586324,2.354697466,-8.213309288,4.035427094
158116109412,-0.118450589,-0.698725343,0.484183401,2.312798977,-8.206126213,3.950432777
158117370350,-0.116587318,-0.697128296,0.489773214,2.318784475,-8.180987358,3.979163170
158118631287,-0.109932795,-0.698193014,0.487909943,2.311601877,-8.226476669,3.939658880
158119892200,-0.110731333,-0.698725343,0.487111390,2.327164173,-8.186972618,3.967192173
158121153125,-0.110997513,-0.704315186,0.490039408,2.319981575,-8.208520889,4.009090900
158122414037,-0.107537165,-0.699790120,0.490837932,2.284068346,-8.202534676,4.005499363
158123674975,-0.108069524,-0.700056255,0.493499756,2.324769974,-8.238448143,3.958812475
158124935900,-0.106472440,-0.705646098,0.496161550,2.282871246,-8.267178535,3.916913986
158126196837,-0.105673894,-0.706178427,0.504146993,2.318784475,-8.275558472,3.906140089
158127457762,-0.108335704,-0.702718079,0.505211711,2.273294449,-8.309077263,3.896563292
158128718687,-0.104076810,-0.706178427,0.506808817,2.266111851,-8.312668800,3.866635799
158129979625,-0.102479719,-0.706977010,0.512930989,2.268506050,-8.289923668,3.894169092
158131240525,-0.106738620,-0.701919556,0.508405864,2.279279947,-8.325836182,3.894169092
158132501462,-0.108335704,-0.701919556,0.521714926,2.279279947,-8.346187592,3.847482204
158133762400,-0.109666608,-0.706178427,0.528369486,2.240972757,-8.376114845,3.841496706
158135023325,-0.107537165,-0.700854838,0.526772380,2.211045265,-8.421604156,3.851073503
158136284262,-0.104875349,-0.700854838,0.537419617,2.229001760,-8.396465302,3.812766314
158137545187,-0.109134249,-0.705379903,0.543009460,2.184709072,-8.427590370,3.815160513
158138806112,-0.110997513,-0.701919556,0.543541789,2.214636564,-8.433575630,3.816357613
158140067050,-0.112062238,-0.705113709,0.548333049,2.181117773,-8.491036415,3.775656223
158141327975,-0.113393143,-0.701120973,0.551793396,2.166752577,-8.491036415,3.712209702
158142588887,-0.116054960,-0.701387167,0.557383239,2.142810583,-8.544905663,3.713406801
158143849825,-0.115788773,-0.703782797,0.567764282,2.096123695,-8.534132004,3.685873508
158145110750,-0.118982948,-0.700322449,0.572555542,2.090138197,-8.529343605,3.666719913
158146371687,-0.124040388,-0.697926819,0.577346802,2.063801765,-8.562862396,3.633201122
158147632612,-0.128033102,-0.697660625,0.580807149,2.141613483,-8.565257072,3.636792421
158148893537,-0.127766922,-0.701919556,0.592252910,2.047042370,-8.591592789,3.602076530
158150154462,-0.128565475,-0.702718079,0.598641276,2.050633669,-8.574833870,3.611653328
158151415387,-0.137083262,-0.696862102,0.601036906,2.043451071,-8.609549522,3.563769341
158152676325,-0.140543625,-0.696063578,0.609022319,2.018311977,-8.582015991,3.550601244
158153937250,-0.141075984,-0.700322449,0.618871033,2.084152699,-8.631096840,3.508702517
158155198162,-0.144802511,-0.698193014,0.625525594,2.081758499,-8.593987465,3.527856350
158156459100,-0.144802511,-0.693934083,0.630849183,2.031480074,-8.590395927,3.535038948
158157720037,-0.146399602,-0.698459208,0.639633179,2.074575901,-8.614337921,3.483563423
158158980975,-0.148529053,-0.696595907,0.650014222,2.121262789,-8.607154846,3.484760523
158160241900,-0.151723221,-0.694732666,0.659596741,2.098517895,-8.611943245,3.473986626
158161502812,-0.149859950,-0.697660625,0.664388001,2.114080191,-8.622717857,3.489548922
158162763737,-0.150392324,-0.702718079,0.668646932,2.006340981,-8.614337921,3.489548922
158164024675,-0.151190862,-0.698193014,0.675301433,2.053027868,-8.614337921,3.464409828
158165285612,-0.150126144,-0.697394490,0.682222128,2.123656988,-8.598775864,3.429693937
158166546525,-0.151190862,-0.697128296,0.694200277,2.104503393,-8.595184326,3.405751944
158167807450,-0.145601064,-0.700854838,0.699523926,2.136825085,-8.625111580,3.385401249
158169068375,-0.147198141,-0.699257731,0.709106445,2.127248287,-8.632294655,3.409343243
158170329312,-0.144536331,-0.704315186,0.717358053,2.117671490,-8.632294655,3.387795448
158171590237,-0.139478892,-0.702185750,0.722681642,2.091335297,-8.628703117,3.432088137
158172851175,-0.138946533,-0.703516603,0.731998026,2.128445387,-8.620323181,3.460818529
158174112100,-0.139212713,-0.700588644,0.741048157,2.153584480,-8.601169586,3.393780947
158175373037,-0.138946533,-0.703250468,0.749832153,2.158372879,-8.617929459,3.417722940
158176633962,-0.141075984,-0.708574057,0.755688131,2.170343876,-8.637083054,3.440467834
158177894875,-0.137615621,-0.709106445,0.762608826,2.152387381,-8.583212852,3.421314240
158179155812,-0.135486171,-0.715494752,0.770061910,2.163161278,-8.568847656,3.471592426
158180416737,-0.128565475,-0.716825664,0.776716411,2.134430885,-8.543708801,3.482366323
158181677662,-0.125903651,-0.717624247,0.788960755,2.178723574,-8.480262756,3.451241732
158182938600,-0.122177124,-0.718156576,0.795082927,2.193088770,-8.489839554,3.485957623
158184199512,-0.119781494,-0.719753683,0.800938904,2.194285870,-8.413225174,3.539827347
158185460437,-0.122177124,-0.721883118,0.810787618,2.183511972,-8.356961250,3.482366323
158186721375,-0.119515315,-0.723480225,0.825427592,2.191891670,-8.346187592,3.497928619
158187982287,-0.117652044,-0.721616924,0.833413005,2.189497471,-8.269572258,3.499125719
158189243237,-0.111796059,-0.724012554,0.839535177,2.231395960,-8.203732491,3.574543238
158190504162,-0.112328425,-0.724012554,0.844592631,2.249352455,-8.148665428,3.520673513
158191765100,-0.113925509,-0.726674378,0.853376567,2.234987259,-8.057685852,3.527856350
158193026037,-0.105407715,-0.732796550,0.862692952,2.238578558,-7.969100475,3.525461912
158194286950,-0.103544444,-0.725609660,0.867484212,2.238578558,-7.910442352,3.507505417
158195547875,-0.097954646,-0.733328938,0.881591797,2.243366957,-7.842207909,3.487154722
158196808812,-0.094760470,-0.737321615,0.891706645,2.242169857,-7.779958248,3.468001127
158198069737,-0.094760470,-0.733062744,0.898627400,2.215833664,-7.638700485,3.406949043
158199330675,-0.089170665,-0.734659791,0.904483378,2.218227863,-7.580042839,3.402160645
158200591575,-0.084645584,-0.738652527,0.911936402,2.246958256,-7.503427982,3.411737442
158201852537,-0.082782321,-0.740515828,0.916195333,2.260126352,-7.433996201,3.333925962
158203113462,-0.073998347,-0.738918722,0.922317505,2.202665567,-7.350199223,3.323152065
158204374375,-0.064948186,-0.740781963,0.936691284,2.201468468,-7.277175903,3.341108561
158205635312,-0.061487831,-0.745573223,0.936158895,2.218227863,-7.223306656,3.308786869
158206896237,-0.057228934,-0.745040894,0.940683961,2.200271368,-7.164648533,3.311181068
158208157162,-0.050574407,-0.745839417,0.944942892,2.183511972,-7.122750282,3.226186752
158209418087,-0.042056613,-0.753558695,0.948403239,2.154781580,-7.086837292,3.230975151
158210679000,-0.031409368,-0.754623413,0.951863587,2.171540976,-7.058106899,3.224989653
158211939950,-0.028747559,-0.751163065,0.950000346,2.170343876,-7.040150166,3.173514366
158213200887,-0.025819566,-0.757019043,0.948403239,2.166752577,-7.053318024,3.135207176
158214461800,-0.011179605,-0.758616090,0.949734151,2.145204782,-7.053318024,3.180696964
158215722725,0.000000000,-0.762076497,0.946806133,2.148796082,-7.054515362,3.173514366
158216983650,0.010114881,-0.764738262,0.946273804,2.123656988,-7.132327080,3.160346270
158218244587,0.026085747,-0.766069174,0.949467957,2.108094692,-7.173028469,3.197456360
158219505512,0.037265353,-0.765270650,0.943079591,2.121262789,-7.195773125,3.189076662
158220766450,0.046315510,-0.771392822,0.943878174,2.140416384,-7.302315235,3.187879562
158222027387,0.056430392,-0.773256063,0.938554525,2.097320795,-7.408857346,3.186682463
158223288300,0.071070351,-0.775917888,0.937756002,2.132036686,-7.457938194,3.269282341
158224549225,0.082249962,-0.783637166,0.929238200,2.136825085,-7.572860241,3.272873640
158225810175,0.094494291,-0.785234213,0.925777853,2.102109194,-7.678205013,3.311181068
158227071087,0.102745906,-0.788428426,0.925245464,2.126051188,-7.818265915,3.341108561
158228332012,0.115256414,-0.791622579,0.924180746,2.149993181,-7.959523678,3.338714361
158229592962,0.125637472,-0.795615315,0.923648417,2.124854088,-8.050503731,3.379415751
158230853875,0.131759644,-0.798543274,0.920188069,2.092532396,-8.172607422,3.436876535
158232114800,0.134155273,-0.802003622,0.924979329,2.158372879,-8.238448143,3.519476414
158233375737,0.142140701,-0.805996358,0.927641094,2.171540976,-8.344989777,3.591302633
158234636650,0.141874522,-0.805730164,0.934295654,2.129642487,-8.373720169,3.666719913
158235897600,0.142673060,-0.812384725,0.936957479,2.172738075,-8.425195694,3.703830004
158237158500,0.146931961,-0.810787618,0.943878174,2.181117773,-8.481459618,3.712209702
158238419450,0.143471614,-0.808125794,0.949201763,2.194285870,-8.474276543,3.716998100
158239680387,0.147464320,-0.813183248,0.959316671,2.209848166,-8.487444878,3.830722809
158240941312,0.141608343,-0.813981771,0.970230103,2.243366957,-8.444349289,3.806780815
158242202225,0.140011251,-0.813183248,0.977150798,2.223016262,-8.402450562,3.877409697
158243463150,0.135486171,-0.813449442,0.985136211,2.225410461,-8.395268440,3.900154591
158244724087,0.125637472,-0.815312684,0.991524577,2.281674147,-8.274361610,3.883395195
158245985025,0.125637472,-0.816909790,1.003236532,2.281674147,-8.157045364,3.839102507
158247245950,0.124040388,-0.824629009,1.008293986,2.286462545,-8.039729118,3.817554712
158248506887,0.119249128,-0.825161397,1.018675089,2.319981575,-7.917624950,3.810372114
158249767800,0.119781494,-0.825427592,1.029588461,2.252943754,-7.827842712,3.807977915
158251028737,0.119781494,-0.827290833,1.033315063,2.318784475,-7.648277283,3.769670486
158252289662,0.120313853,-0.834477723,1.034379721,2.349909067,-7.546524048,3.678690910
158253550587,0.134155273,-0.837938070,1.039437175,2.351106167,-7.444770336,3.673902512
158254811512,0.138946533,-0.839801371,1.041034222,2.340332270,-7.371747017,3.612850428
158256072437,0.150392324,-0.847254395,1.040235758,2.355894566,-7.359776020,3.564966440
158257333387,0.161305740,-0.850448608,1.033315063,2.367865562,-7.321468830,3.494337320
158258594300,0.180736959,-0.856836915,1.028523803,2.336740971,-7.291541100,3.444059134
158259855225,0.197240189,-0.870678365,1.023466349,2.281674147,-7.357381821,3.408146143
158261116162,0.216671407,-0.873872519,1.018408895,2.255337954,-7.370550156,3.414131641
158262377075,0.232642278,-0.878131449,1.012020469,2.264914751,-7.449558735,3.379415751
158263638000,0.254202932,-0.892505229,1.003502727,2.173935175,-7.493851185,3.333925962
158264898937,0.271770895,-0.893569946,0.994984925,2.157175779,-7.612364292,3.374627352
158266159900,0.294928640,-0.897828817,0.992323101,2.092532396,-7.777564049,3.404554844
158267420800,0.318618774,-0.907677531,0.985402405,2.085349798,-7.923610687,3.400963545
158268681737,0.335388184,-0.918324769,0.977416992,2.055422068,-8.080430984,3.464409828
158269942662,0.343639791,-0.918857157,0.974488974,2.044648170,-8.176198959,3.529053450
158271203600,0.360675395,-0.922583699,0.965705037,2.048239470,-8.303092003,3.575740337
158272464525,0.375049174,-0.928173482,0.967568278,2.027888775,-8.491036415,3.603273630
158273725450,0.384897858,-0.935626566,0.969697714,1.976413488,-8.574833870,3.706224203
158274986375,0.391818583,-0.937756002,0.969165385,1.980004787,-8.671798706,3.799598217
158276247300,0.397674561,-0.939353108,0.969165385,1.960851192,-8.809465408,3.807977915
158277508250,0.402199626,-0.937756002,0.976884604,1.977610588,-8.950722694,3.813963413
158278769175,0.400070190,-0.939353108,0.977683187,1.944091797,-9.010578156,3.884592295
158280030087,0.396876007,-0.944676697,0.983006775,1.978807688,-9.042900085,3.938461781
158281291012,0.397674561,-0.943611979,0.987531841,1.898602009,-9.154230118,3.981557369
158282551937,0.397142202,-0.943878174,0.990193665,1.935712099,-9.218873978,3.994725466
158283812875,0.390753835,-0.944676697,0.993654013,1.924938202,-9.238027573,4.045003891
158285073812,0.385164052,-0.941482544,1.002171874,1.950077295,-9.265561104,4.040215492
158286334737,0.381969869,-0.942014873,1.003502727,1.929726601,-9.327810287,3.981557369
158287595687,0.374782979,-0.947072327,1.002437949,1.948880196,-9.296685219,3.975571871
158288856600,0.371854991,-0.945741415,1.009624839,1.978807688,-9.344569206,3.914519787
158290117525,0.365466654,-0.945741415,1.012286663,1.912967205,-9.355342865,3.956418276
158291378462,0.358812124,-0.944676697,1.010955811,1.900996208,-9.368511200,3.869029999
158292639375,0.353754669,-0.947338521,1.014948487,1.868674397,-9.391256332,3.867832899
158293900312,0.348431051,-0.943079591,1.018142700,1.821987510,-9.345766068,3.825934410
158295161250,0.347366333,-0.943878174,1.017876506,1.821987510,-9.354146004,3.821146011
158296422175,0.342308879,-0.944410503,1.014948487,1.827973008,-9.379284859,3.827131510
158297683112,0.339380890,-0.946273804,1.013085246,1.783680320,-9.340977669,3.779247522
158298944025,0.336452901,-0.943611979,1.012020469,1.768118024,-9.325415611,3.762487888
158300204962,0.331395477,-0.945475221,1.006696939,1.741781712,-9.289503098,3.780444622
158301465887,0.330064565,-0.946007609,1.001905680,1.686715126,-9.303868294,3.752911091
158302726825,0.326071829,-0.944144368,0.998711467,1.705868721,-9.330204010,3.724180698
158303987750,0.325539470,-0.943345785,0.991524577,1.696291924,-9.287108421,3.738545895
158305248662,0.321546763,-0.935626566,0.984337687,1.698686123,-9.303868294,3.724180698
158306509600,0.319683492,-0.938022196,0.984337687,1.643619537,-9.267954826,3.754108191
158307770537,0.314093679,-0.937756002,0.975287557,1.680729628,-9.241618156,3.722983599
158309031462,0.310367167,-0.931633830,0.966769755,1.661576033,-9.234436035,3.775656223
158310292387,0.313295156,-0.930036724,0.963309407,1.648407936,-9.227252960,3.796006918
158311553325,0.304244995,-0.929238200,0.951597393,1.678335428,-9.217676163,3.830722809
158312814250,0.298389018,-0.920986593,0.944942892,1.677138329,-9.241618156,3.835511208
158314075187,0.295993388,-0.926310182,0.936691284,1.693897724,-9.215282440,3.770867825
158315336100,0.293597758,-0.920454204,0.930302918,1.702277422,-9.173383713,3.863044500
158316597037,0.290137380,-0.916993856,0.924446940,1.714248419,-9.176975250,3.843890905
158317857962,0.282151967,-0.916993856,0.910871685,1.727416515,-9.137471199,3.837905407
158319118900,0.280022502,-0.911137879,0.902620077,1.735796213,-9.137471199,3.805583715
158320379812,0.276562154,-0.908742249,0.893569946,1.796848416,-9.087192535,3.801992416
158321640762,0.270173818,-0.905548096,0.878929973,1.799242616,-9.088389397,3.794809818
158322901675,0.273367971,-0.901023030,0.865354717,1.814804912,-9.064447403,3.752911091
158324162612,0.270706177,-0.899958253,0.861095846,1.798045516,-9.009381294,3.734954596
158325423537,0.265648723,-0.902353883,0.844326437,1.778891921,-9.057265282,3.764882088
158326684475,0.263253093,-0.899958253,0.831017375,1.784877419,-9.063250542,3.664325714
158327945387,0.264850199,-0.897562623,0.822233379,1.794454217,-9.038111687,3.711012602
158329206325,0.263785452,-0.890641928,0.800140381,1.811213613,-9.047688484,3.691859007
158330467262,0.263785452,-0.890908122,0.783104777,1.806425214,-9.084798813,3.684676409
158331728187,0.264850199,-0.889843404,0.776982605,1.787271619,-9.058462143,3.610456228
158332989112,0.265382558,-0.888246298,0.762076497,1.784877419,-9.103952408,3.612850428
158334250037,0.264317840,-0.882124126,0.740515828,1.784877419,-9.188945770,3.615244627
158335510962,0.266447276,-0.883987427,0.721616924,1.781286120,-9.190143585,3.599682331
158336771887,0.271238536,-0.882656515,0.706444621,1.747767210,-9.245209694,3.547009945
158338032812,0.269907624,-0.880527079,0.692337036,1.745373011,-9.326612473,3.529053450
158339293750,0.273367971,-0.879728496,0.678495586,1.760935307,-9.356540680,3.533841848
158340554687,0.276029795,-0.875203431,0.657467306,1.775300622,-9.443928719,3.507505417
158341815625,0.287741750,-0.876534343,0.640697896,1.711854219,-9.527726173,3.519476414
158343076550,0.285346121,-0.875735819,0.625791728,1.709460020,-9.612719536,3.574543238
158344337462,0.285346121,-0.874937236,0.612748861,1.738190413,-9.662998199,3.582922935
158345598412,0.292266846,-0.870678365,0.593850017,1.717839718,-9.765949249,3.527856350
158346859350,0.291734487,-0.868815064,0.581073344,1.780089021,-9.867702484,3.519476414
158348120262,0.296791911,-0.862160563,0.571490824,1.742978811,-9.929951668,3.594893932
158349381175,0.294130117,-0.864822388,0.556850851,1.754949808,-10.006566048,3.587711334
158350642100,0.296259552,-0.861628175,0.548865438,1.742978811,-10.102334023,3.630806923
158351903050,0.298921376,-0.854973674,0.537685812,1.710657120,-10.149021149,3.629609823
158353163962,0.293863922,-0.849117696,0.532096028,1.731007814,-10.183736801,3.693056107
158354424887,0.289072663,-0.847520590,0.521714926,1.778891921,-10.274716377,3.679888010
158355685837,0.286144674,-0.844326437,0.515858948,1.709460020,-10.260351181,3.677493811
158356946762,0.284281403,-0.843261719,0.513197124,1.744175911,-10.324995041,3.758896589
158358207687,0.276828349,-0.839002788,0.506276429,1.686715126,-10.372879028,3.721786499
158359468612,0.270439982,-0.829686463,0.497758657,1.740584612,-10.320206642,3.743334293
158360729537,0.266447276,-0.822233379,0.492967397,1.697489023,-10.387244225,3.690661907
158361990475,0.258195668,-0.817442119,0.486579031,1.686715126,-10.423156738,3.705027103
158363251400,0.248080775,-0.811852336,0.482852519,1.716642618,-10.398017883,3.691859007
158364512325,0.242224798,-0.807327271,0.475133240,1.732204914,-10.386047363,3.691859007
158365773262,0.231843740,-0.800140381,0.466615468,1.715445518,-10.366893768,3.634398222
158367034212,0.226253927,-0.794550538,0.464486003,1.672349930,-10.387244225,3.598485231
158368295125,0.216405228,-0.784968019,0.467147827,1.684320927,-10.344148636,3.569754839
158369556050,0.205491811,-0.781241536,0.464219838,1.602918029,-10.315418243,3.541024446
158370817000,0.200168177,-0.776450276,0.461291850,1.673547029,-10.272322655,3.496731520
158372077912,0.190053299,-0.765004456,0.455435842,1.613691926,-10.204087257,3.509899616
158373338837,0.182866409,-0.759148479,0.453838766,1.587355733,-10.193313599,3.465606928
158374599762,0.171686798,-0.753292501,0.458363831,1.659181833,-10.133459091,3.414131641
158375860700,0.165032282,-0.747702718,0.451975495,1.592144132,-10.104728699,3.435679436
158377121625,0.153320312,-0.738652527,0.451975495,1.610100627,-10.055646896,3.380612850
158378382562,0.145334885,-0.733062744,0.450910777,1.602918029,-9.999383926,3.350685358
158379643487,0.138414174,-0.725875854,0.449579865,1.590947032,-9.965864182,3.281253338
158380904400,0.131759644,-0.718955159,0.449047506,1.648407936,-9.892841339,3.275267839
158382165350,0.121112399,-0.712034404,0.445587158,1.649605036,-9.853337288,3.235763550
158383426275,0.112594604,-0.705113709,0.441860616,1.623268723,-9.812635422,3.215412855
158384687200,0.111796059,-0.701120973,0.447184235,1.571793437,-9.763554573,3.230975151
158385948137,0.099817909,-0.696063578,0.447184235,1.596932530,-9.733627319,3.183091164
158387209062,0.095825195,-0.693667948,0.443191528,1.571793437,-9.671378136,3.203441858
158388469987,0.089170665,-0.682488322,0.444256246,1.611297727,-9.665391922,3.199850559
158389730925,0.077724881,-0.674769044,0.443990052,1.614889026,-9.618705750,3.196259260
158390991850,0.078523420,-0.670510173,0.443191528,1.623268723,-9.613917351,3.151966572
158392252762,0.079588145,-0.670510173,0.443191528,1.604115129,-9.582792282,3.187879562
158393513712,0.073732160,-0.660661459,0.441062063,1.595735431,-9.557653427,3.236960649
158394774637,0.067609996,-0.655870199,0.438134074,1.655590534,-9.549273491,3.156754971
158396035562,0.059358384,-0.649748027,0.436004639,1.596932530,-9.540893555,3.197456360
158397296500,0.057495117,-0.642561138,0.437867910,1.687912226,-9.498995781,3.174711466
158398557437,0.051106770,-0.638036072,0.434939921,1.716642618,-9.477447510,3.216609955
158399818337,0.051106770,-0.631647766,0.432278097,1.695094824,-9.466673851,3.183091164
158401079300,0.048444960,-0.624993205,0.437601715,1.741781712,-9.396044731,3.214215755
158402340225,0.038330078,-0.620201945,0.436803162,1.727416515,-9.402029991,3.187879562
158403601150,0.031941731,-0.618072510,0.432011902,1.775300622,-9.374496460,3.128024578
158404862075,0.033804998,-0.609022319,0.431479543,1.784877419,-9.403226852,3.111265182
158406122987,0.032207914,-0.607425272,0.437601715,1.818396211,-9.326612473,3.173514366
158407383937,0.022359211,-0.605561972,0.434939921,1.824381709,-9.313445091,3.141192675
158408644862,0.021294488,-0.600504577,0.426422119,1.891419411,-9.313445091,3.134010077
158409905800,0.021294488,-0.593583822,0.427486837,1.896207809,-9.287108421,3.203441858
158411166725,0.015172322,-0.588260233,0.427753031,1.914164305,-9.257181168,3.144783974
158412427650,0.009582520,-0.585598409,0.430681020,1.918952703,-9.198522568,3.081337690
158413688562,0.003992716,-0.589058757,0.432810456,1.947683096,-9.160215378,3.098097086
158414949512,0.000532362,-0.588260233,0.429350108,1.945288897,-9.181763649,3.112462282
158416210450,-0.001863268,-0.583202779,0.425623566,1.945288897,-9.056068420,3.071760893
158417471375,-0.009848701,-0.581871867,0.425357401,1.936909199,-9.050082207,3.135207176
158418732287,-0.008251614,-0.581073344,0.427486837,1.977610588,-9.014169693,3.089717388
158419993225,-0.014639961,-0.572555542,0.424558848,2.030282974,-8.998606682,3.080140591
158421254162,-0.017035590,-0.573620260,0.422163218,2.002749681,-8.938752174,3.055001497
158422515100,-0.021560669,-0.577346802,0.424292654,2.038662672,-8.852560997,3.053804398
158423776012,-0.023157755,-0.579476237,0.420832306,2.048239470,-8.810662270,3.028665066
158425036925,-0.026618110,-0.578943908,0.417105764,2.063801765,-8.766369820,3.051410198
158426297887,-0.030078463,-0.581073344,0.410717428,2.024297476,-8.761581421,3.043030500
158427558812,-0.038063895,-0.577080607,0.412846863,2.015917778,-8.766369820,2.975992680
158428819737,-0.040459525,-0.576015890,0.406724721,1.987187386,-8.672995567,2.981978178
158430080662,-0.042056613,-0.575749695,0.397940725,1.983596087,-8.616731644,2.938882589
158431341587,-0.047380235,-0.578943908,0.399271637,1.950077295,-8.615534782,2.955641985
158432602537,-0.051905312,-0.575217366,0.393149465,1.952471495,-8.625111580,2.918531895
158433863437,-0.056696571,-0.572023153,0.387559682,1.975216389,-8.593987465,2.833537817
158435124362,-0.060423110,-0.570958436,0.379574239,1.944091797,-8.552088737,2.853888512
158436385325,-0.065214366,-0.572289348,0.375581533,1.875856996,-8.519766808,2.886210203
158437646212,-0.065746732,-0.565634847,0.367063731,1.831564307,-8.534132004,2.814384222
158438907162,-0.077458702,-0.565900981,0.355884135,1.871068597,-8.518569946,2.741360903
158440168100,-0.082516141,-0.566433370,0.354553223,1.752555609,-8.517373085,2.761711597
158441429012,-0.083847046,-0.561908305,0.351359040,1.757344007,-8.470685959,2.723404408
158442689950,-0.087839760,-0.562973022,0.340977967,1.741781712,-8.525752068,2.744952202
158443950900,-0.098220825,-0.559246480,0.332460195,1.711854219,-8.526949883,2.715024710
158445211825,-0.100350276,-0.557117045,0.326870382,1.631648421,-8.458714485,2.671929121
158446472762,-0.103544444,-0.556318462,0.321014404,1.578976035,-8.486248016,2.586935043
158447733662,-0.113126963,-0.554987609,0.307439178,1.555034041,-8.495824814,2.609679937
158448994600,-0.123508029,-0.552059591,0.299719900,1.537077546,-8.480262756,2.595314741
158450255537,-0.127766922,-0.543807983,0.292000651,1.531092048,-8.464699745,2.539050817
158451516462,-0.130694911,-0.542743266,0.280821055,1.531092048,-8.492233276,2.480392933
158452777400,-0.138946533,-0.541678548,0.278957784,1.484405041,-8.542511940,2.565387249
158454038312,-0.142140701,-0.537419617,0.274965078,1.429338455,-8.524555206,2.525882721
158455299262,-0.148262873,-0.533160746,0.265382558,1.413776159,-8.578424454,2.432508945
158456560187,-0.153054133,-0.532894552,0.257397115,1.411381960,-8.608352661,2.464830637
158457821112,-0.159176290,-0.528901815,0.254735321,1.387439847,-8.609549522,2.400187254
158459082037,-0.169024989,-0.522779644,0.243555695,1.328781962,-8.626308441,2.418143749
158460342962,-0.174880981,-0.516391337,0.239296809,1.338358760,-8.663418770,2.442085743
158461603925,-0.175679520,-0.512930989,0.235570267,1.288080573,-8.676587105,2.461239338
158462864837,-0.182334051,-0.513995707,0.236102626,1.289277673,-8.718485832,2.452859640
158464125750,-0.185528219,-0.514261901,0.237167358,1.300051570,-8.753201485,2.389413357
158465386700,-0.195643097,-0.510535359,0.232109919,1.256955862,-8.729259491,2.369062662
158466647625,-0.204693258,-0.505211711,0.235037908,1.276109457,-8.738836288,2.390610456
158467908562,-0.206556529,-0.509470642,0.237433538,1.289277673,-8.714894295,2.440888643
158469169475,-0.213477239,-0.502017558,0.237433538,1.276109457,-8.740033150,2.426523447
158470430400,-0.222527400,-0.490571767,0.237965897,1.272518158,-8.705317497,2.408566952
158471691350,-0.234505549,-0.487909943,0.243289515,1.210268974,-8.702922821,2.370259762
158472952275,-0.239296809,-0.491902649,0.252073497,1.268926859,-8.688557625,2.395398855
158474213200,-0.243555695,-0.492701203,0.255533844,1.256955862,-8.620323181,2.390610456
158475474125,-0.254469126,-0.484981954,0.255533844,1.307234168,-8.579622269,2.422932148
158476735062,-0.260058939,-0.478593618,0.261656016,1.333570361,-8.501810074,2.419340849
158477995987,-0.269109100,-0.474334717,0.269907624,1.345541358,-8.483853340,2.431311846
158479256900,-0.280821055,-0.468478739,0.269907624,1.343147159,-8.419210434,2.444479942
158480517837,-0.287741750,-0.470608175,0.268044353,1.356315255,-8.305485725,2.409764051
158481778787,-0.284015238,-0.472737610,0.274698883,1.381454349,-8.242039680,2.420537949
158483039712,-0.288540304,-0.465816915,0.277360708,1.343147159,-8.194155693,2.395398855
158484300625,-0.295993388,-0.464219838,0.281353414,1.341950059,-8.069657326,2.391807556
158485561575,-0.295194834,-0.463155091,0.276828349,1.385045648,-8.043320656,2.349909067
158486822500,-0.291468292,-0.461291850,0.280022502,1.398213744,-7.964312077,2.349909067
158488083450,-0.296791911,-0.463953644,0.279756337,1.430535555,-7.930793285,2.276885748
158489344362,-0.290403575,-0.462356567,0.280022502,1.418564558,-7.908048153,2.328361273
158490605287,-0.292266846,-0.462888926,0.276295990,1.412579060,-7.833827972,2.305616140
158491866237,-0.289871216,-0.462622732,0.272303253,1.392228246,-7.821856976,2.284068346
158493127150,-0.285079956,-0.460493296,0.266979635,1.383848548,-7.754819393,2.282871246
158494388062,-0.280554861,-0.461824208,0.268576711,1.369483352,-7.750030994,2.220622063
158495649012,-0.279223979,-0.463687479,0.262720734,1.413776159,-7.708132267,2.229001760
158496909950,-0.270972341,-0.460759461,0.258728027,1.399410963,-7.690176010,2.207453966
158498170862,-0.266713470,-0.467946351,0.255001485,1.407790661,-7.684190273,2.220622063
158499431787,-0.264850199,-0.468212545,0.250210226,1.376665950,-7.665036678,2.205059767
158500692725,-0.259260386,-0.463687479,0.238764435,1.325190663,-7.673416615,2.229001760
158501953662,-0.256332397,-0.465284556,0.234505549,1.346738458,-7.649474621,2.242169857
158503214587,-0.254202932,-0.459162384,0.230779007,1.326387763,-7.631517887,2.304419041
158504475512,-0.253670573,-0.462090373,0.220131770,1.296460271,-7.656657219,2.268506050
158505736450,-0.244354248,-0.463421285,0.214541957,1.268926859,-7.643488884,2.268506050
158506997375,-0.244354248,-0.459162384,0.212146327,1.229422569,-7.631517887,2.371456861
158508258312,-0.239829168,-0.459162384,0.203362361,1.228225470,-7.631517887,2.393004656
158509519250,-0.237965897,-0.458630025,0.194844559,1.209071875,-7.600393295,2.352303267
158510780175,-0.232376099,-0.457032949,0.187391490,1.168370485,-7.625532627,2.361880064
158512041075,-0.233174637,-0.453838766,0.180736959,1.120486379,-7.630321026,2.369062662
158513302037,-0.234771729,-0.447184235,0.171420619,1.098938584,-7.661445618,2.364274263
158514562950,-0.227318659,-0.442126811,0.160773382,1.076193690,-7.612364292,2.420537949
158515823887,-0.229714289,-0.439731181,0.149061412,1.034295201,-7.637503624,2.449268341
158517084837,-0.227052480,-0.435738444,0.141874522,0.954089403,-7.623138428,2.398990154
158518345750,-0.225455388,-0.429083914,0.127500743,0.914585054,-7.625532627,2.462436438
158519606662,-0.222261220,-0.422163218,0.117385864,0.866701007,-7.659051418,2.452859640
158520867612,-0.220131770,-0.419235229,0.104342990,0.800860465,-7.667430878,2.436100245
158522128525,-0.222527400,-0.413911611,0.095559016,0.833182216,-7.691372871,2.428917646
158523389462,-0.223325938,-0.407257080,0.081983775,0.809240162,-7.691372871,2.434903145
158524650400,-0.221995026,-0.404861450,0.073998347,0.752976418,-7.742848396,2.457648039
158525911312,-0.220131770,-0.392883301,0.062020194,0.670376480,-7.794323921,2.425326347
158527172262,-0.223592117,-0.385164052,0.047646414,0.660799682,-7.785943985,2.400187254
158528433187,-0.220664129,-0.377178609,0.038862441,0.657208383,-7.832631111,2.468421936
158529694112,-0.216671407,-0.369459361,0.028747559,0.600944638,-7.852981567,2.448071241
158530955050,-0.221196488,-0.364934266,0.013309055,0.650025785,-7.897274494,2.377442360
158532215975,-0.222527400,-0.351359040,-0.001597087,0.592564940,-7.906851292,2.421735048
158533476912,-0.226253927,-0.346567780,-0.007453070,0.492008448,-7.965508938,2.430114746
158534737837,-0.227318659,-0.337251455,-0.018100314,0.483628750,-8.006210327,2.412158251
158535998750,-0.227851018,-0.325273305,-0.027682833,0.470460624,-8.030152321,2.400187254
158537259700,-0.233174637,-0.315158427,-0.036732990,0.489614248,-8.067262650,2.397793055
158538520637,-0.232109919,-0.308237702,-0.044452243,0.482431650,-8.111555099,2.355894566
158539781550,-0.237167358,-0.301317006,-0.056696571,0.462080926,-8.155848503,2.367865562
158541042475,-0.240893885,-0.289871216,-0.060423110,0.486022949,-8.198944092,2.366668463
158542303412,-0.241160065,-0.280022502,-0.067077637,0.476446152,-8.206126213,2.351106167
158543564362,-0.247548416,-0.272835612,-0.078789607,0.489614248,-8.276755333,2.329558372
158544825287,-0.249944046,-0.269109100,-0.080652870,0.530315697,-8.281543732,2.313996077
158546086225,-0.252872050,-0.264317840,-0.084379405,0.580593944,-8.346187592,2.306813240
158547347125,-0.257663310,-0.257929474,-0.088904485,0.614112735,-8.324639320,2.274491549
158548608075,-0.265382558,-0.251274943,-0.092098661,0.677559078,-8.362946510,2.298433542
158549869025,-0.268044353,-0.244886607,-0.089436844,0.705092430,-8.335412979,2.244564056
158551129937,-0.272037089,-0.239296809,-0.089170665,0.818816960,-8.386888504,2.238578558
158552390850,-0.276562154,-0.235570267,-0.086775035,0.851138711,-8.389283180,2.219424963
158553651787,-0.284015238,-0.228915736,-0.083580866,0.866701007,-8.433575630,2.202665567
158554912725,-0.285346121,-0.228649557,-0.081185237,0.987608194,-8.444349289,2.173935175
158556173662,-0.295194834,-0.223592117,-0.077458702,0.995987892,-8.426392555,2.175132275
158557434600,-0.300784647,-0.218002319,-0.072933622,1.054645896,-8.446743965,2.152387381
158558695525,-0.305309713,-0.215340510,-0.064682007,1.171961784,-8.479064941,2.139219284
158559956437,-0.313295156,-0.219067037,-0.056696571,1.156399488,-8.476671219,2.169146776
158561217375,-0.321280569,-0.223592117,-0.051106770,1.231816769,-8.401253700,2.154781580
158562478300,-0.326870382,-0.219599396,-0.040193345,1.249773264,-8.388085365,2.110488892
158563739237,-0.334855825,-0.218002319,-0.028747559,1.323993564,-8.359354973,2.142810583
158565000162,-0.341244161,-0.217203766,-0.026884291,1.345541358,-8.364143372,2.114080191
158566261087,-0.350028127,-0.215872869,-0.019697402,1.401805162,-8.261193275,2.146401882
158567522025,-0.355351746,-0.219599396,-0.007186890,1.428141356,-8.234856606,2.141613483
158568782950,-0.367329895,-0.220664129,-0.000798543,1.441309452,-8.171410561,2.100912094
158570043900,-0.372919708,-0.215606689,0.008517795,1.453280449,-8.106766701,2.096123695
158571304812,-0.379041880,-0.212678701,0.022891574,1.422155857,-8.002618790,2.105700493
158572565750,-0.387293488,-0.218002319,0.022891574,1.434126854,-7.920019150,2.105700493
158573826675,-0.394480377,-0.215606689,0.030877007,1.382651448,-7.843404770,2.126051188
158575087600,-0.398473084,-0.219067037,0.031143188,1.389834046,-7.756016254,2.079364300
158576348537,-0.402199626,-0.218002319,0.033538818,1.347935557,-7.691372871,1.975216389
158577609462,-0.405926168,-0.218002319,0.036466811,1.350329757,-7.625532627,2.128445387
158578870375,-0.407257080,-0.213743418,0.036466811,1.302445769,-7.556100845,2.070984602
158580131337,-0.410717428,-0.214541957,0.037531536,1.258152962,-7.481880188,2.079364300
158581392250,-0.411782146,-0.212412506,0.032740276,1.228225470,-7.411251545,2.145204782
158582653175,-0.418969035,-0.204427078,0.026884291,1.164779186,-7.365761757,2.128445387
158583914112,-0.421630859,-0.199103460,0.021028306,1.132457376,-7.322666168,2.116474390
158585175037,-0.419767588,-0.198837280,0.021028306,1.073799491,-7.277175903,2.108094692
158586435975,-0.419767588,-0.198304921,0.012510511,1.033097982,-7.275979042,2.127248287
158587696912,-0.421897024,-0.192715108,0.001330905,0.927753150,-7.237671852,2.167949677
158588957825,-0.420033753,-0.188190028,-0.004258898,0.890643060,-7.241262913,2.120065689
158590218775,-0.417638123,-0.181535512,-0.015704684,0.918176353,-7.238868713,2.147598982
158591479700,-0.412314504,-0.175679520,-0.025021022,0.871489406,-7.219715118,2.157175779
158592740625,-0.415508687,-0.172485352,-0.037531536,0.833182216,-7.187393665,2.214636564
158594001550,-0.416041046,-0.161305740,-0.047646414,0.837970614,-7.190984726,2.151190281
158595262487,-0.409918875,-0.160241023,-0.054034762,0.822408319,-7.223306656,2.154781580
158596523425,-0.407523245,-0.153586492,-0.068408541,0.780509770,-7.229291916,2.215833664
158597784350,-0.404861450,-0.147730514,-0.082782321,0.779312670,-7.242460251,2.274491549
158599045287,-0.405926168,-0.141342163,-0.091033936,0.749385118,-7.302315235,2.279279947
158600306225,-0.400602549,-0.131227285,-0.097156100,0.799663365,-7.290344238,2.318784475
158601567137,-0.397940725,-0.124572754,-0.105673894,0.749385118,-7.353790760,2.292448044
158602828062,-0.394746572,-0.113925509,-0.114457868,0.767341673,-7.398083210,2.346317768
158604089000,-0.395811290,-0.108069524,-0.124040388,0.758961916,-7.402871609,2.325967073
158605349925,-0.393681824,-0.101148814,-0.134687632,0.806845963,-7.423222542,2.360682964
158606610862,-0.395278931,-0.091566294,-0.144270152,0.837970614,-7.411251545,2.402581453
158607871800,-0.397408366,-0.086775035,-0.148795232,0.836773515,-7.469909191,2.424129248
158609132725,-0.395811290,-0.084113225,-0.155449763,0.849941611,-7.509413719,2.462436438
158610393662,-0.398473084,-0.073998347,-0.161571920,0.873883605,-7.552509308,2.438494444
158611654575,-0.398206919,-0.068408541,-0.163435191,0.924161851,-7.553706646,2.464830637
158612915512,-0.398473084,-0.059358384,-0.167161733,1.007958889,-7.588422298,2.454056740
158614176437,-0.399537832,-0.055898029,-0.179139882,1.078587890,-7.600393295,2.486378431
158615437387,-0.398739278,-0.048977323,-0.178607509,1.132457376,-7.631517887,2.467224836
158616698312,-0.403530538,-0.046847872,-0.169823542,1.200692177,-7.644686222,2.477998734
158617959237,-0.403530538,-0.046049330,-0.169024989,1.315613866,-7.624335289,2.454056740
158619220162,-0.404595256,-0.040193345,-0.168492630,1.353921056,-7.605181694,2.439691544
158620481100,-0.409120351,-0.037265353,-0.170622081,1.404199362,-7.614758492,2.468421936
158621742025,-0.416839600,-0.033272635,-0.168758810,1.478419542,-7.590816498,2.448071241
158623002950,-0.414177775,-0.030610826,-0.161305740,1.531092048,-7.592013836,2.494758129
158624263900,-0.412314504,-0.026618110,-0.158111572,1.628057122,-7.594408035,2.446874142
158625524812,-0.413645416,-0.030610826,-0.151457042,1.680729628,-7.563283443,2.430114746
158626785725,-0.418702871,-0.029812282,-0.150924683,1.763329506,-7.581239700,2.402581453
158628046675,-0.414443970,-0.030610826,-0.145601064,1.812410712,-7.552509308,2.407369852
158629307612,-0.415774882,-0.032474093,-0.141342163,1.805228114,-7.556100845,2.406172752
158630568525,-0.420832306,-0.038330078,-0.138680354,1.835155606,-7.588422298,2.406172752
158631829475,-0.418969035,-0.038596258,-0.131759644,1.891419411,-7.530961514,2.354697466
158633090400,-0.420566142,-0.038862441,-0.122177124,1.944091797,-7.518990517,2.357091665
158634351325,-0.421364665,-0.042855155,-0.119515315,1.940500498,-7.503427982,2.376245260
158635612262,-0.420832306,-0.046049330,-0.115788773,1.958456993,-7.483077526,2.268506050
158636873187,-0.428551555,-0.044984605,-0.115788773,1.948880196,-7.541735649,2.226607561
158638134137,-0.430414826,-0.046049330,-0.113393143,1.970427990,-7.493851185,2.232593060
158639395050,-0.435206085,-0.052171495,-0.108335704,1.940500498,-7.457938194,2.176329374
158640655962,-0.436803162,-0.050574407,-0.106738620,1.975216389,-7.462726593,2.188300371
158641916925,-0.438134074,-0.056430392,-0.099817909,1.939303398,-7.447164536,2.170343876
158643177837,-0.441594422,-0.060689289,-0.091300115,1.923741102,-7.460332394,2.105700493
158644438787,-0.443457693,-0.059358384,-0.091300115,1.872265697,-7.438784599,2.139219284
158645699712,-0.447184235,-0.061754014,-0.093961924,1.892616510,-7.383718014,2.114080191
158646960650,-0.451975495,-0.067609996,-0.084113225,1.881842494,-7.337031364,2.106897593
158648221550,-0.454903483,-0.071070351,-0.073998347,1.861491799,-7.340622425,2.116474390
158649482487,-0.455702037,-0.066545270,-0.071602717,1.853112102,-7.346608162,2.076970100
158650743437,-0.460227102,-0.067609996,-0.073465981,1.836352706,-7.328651428,2.055422068
158652004362,-0.462888926,-0.073199801,-0.072135076,1.837549806,-7.313089371,2.054224968
158653265300,-0.460227102,-0.079588145,-0.064415827,1.849520802,-7.281964302,2.091335297
158654526212,-0.464486003,-0.076127790,-0.062818736,1.832761407,-7.208941460,2.030282974
158655787150,-0.466615468,-0.080919050,-0.063351102,1.851915002,-7.275979042,2.036268473
158657048087,-0.467946351,-0.086775035,-0.062286377,1.810016513,-7.226897717,2.024297476
158658309000,-0.470075816,-0.083847046,-0.054300942,1.825578809,-7.259219646,2.061407566
158659569937,-0.467147827,-0.082782321,-0.053768583,1.818396211,-7.287950039,2.000355482
158660830850,-0.462356567,-0.089436844,-0.054300942,1.804031014,-7.204153061,2.047042370
158662091800,-0.467413992,-0.086775035,-0.055898029,1.764526725,-7.218518257,2.033874273
158663352737,-0.466881633,-0.091566294,-0.051372953,1.745373011,-7.222109318,2.047042370
158664613675,-0.466083109,-0.094494291,-0.046847872,1.775300622,-7.186196327,2.097320795
158665874600,-0.468212545,-0.093695745,-0.046847872,1.733402014,-7.241262913,2.053027868
158667135525,-0.466881633,-0.091566294,-0.049775865,1.739387512,-7.285555840,2.041056871
158668396450,-0.465816915,-0.091832474,-0.046049330,1.714248419,-7.283161640,2.066195965
158669657400,-0.467147827,-0.091832474,-0.044718422,1.692700624,-7.299921036,2.130839586
158670918300,-0.468744904,-0.089703031,-0.047646414,1.690306425,-7.332242966,2.130839586
158672179250,-0.466349274,-0.096623734,-0.043653701,1.683123827,-7.332242966,2.115277290
158673440175,-0.462356567,-0.094760470,-0.038063895,1.728613615,-7.386112213,2.182314873
158674701100,-0.464752197,-0.094228104,-0.042322792,1.738190413,-7.371747017,2.188300371
158675962050,-0.466083109,-0.095825195,-0.042322792,1.734599113,-7.357381821,2.215833664
158677222975,-0.464752197,-0.098753184,-0.040725708,1.751358509,-7.413645744,2.264914751
158678483887,-0.466615468,-0.097954646,-0.037797716,1.750161409,-7.420828342,2.303221941
158679744825,-0.468478739,-0.096357554,-0.035402086,1.782483220,-7.413645744,2.304419041
158681005762,-0.467946351,-0.101148814,-0.035402086,1.799242616,-7.448361397,2.309207439
158682266700,-0.468744904,-0.102745906,-0.030610826,1.860294700,-7.438784599,2.291250944
158683527637,-0.466615468,-0.101148814,-0.027150471,1.886631012,-7.477091789,2.348711967
158684788562,-0.472471446,-0.105407715,-0.025287203,1.866280198,-7.442376137,2.342726469
158686049487,-0.469543457,-0.107270978,-0.023157755,1.909375906,-7.428010941,2.337938070
158687310425,-0.467147827,-0.113925509,-0.014107598,1.959654093,-7.455543995,2.363077164
158688571350,-0.473536164,-0.108868070,-0.014107598,2.021903276,-7.495048523,2.351106167
158689832287,-0.467946351,-0.111529879,-0.006654528,2.007538080,-7.439981937,2.364274263
158691093212,-0.467413992,-0.123508029,-0.000532362,2.031480074,-7.491456985,2.390610456
158692354137,-0.467147827,-0.129630193,0.009050157,2.096123695,-7.485471725,2.424129248
158693615075,-0.466349274,-0.131493464,0.011445787,2.120065689,-7.473500729,2.382230759
158694876000,-0.469011098,-0.137881801,0.014373779,2.122459888,-7.509413719,2.414552450
158696136925,-0.466349274,-0.142939255,0.022093032,2.172738075,-7.552509308,2.476801634
158697397875,-0.469011098,-0.145867243,0.026884291,2.206256866,-7.540538311,2.458845139
158698658787,-0.460493296,-0.157313034,0.039128620,2.261323452,-7.538144112,2.432508945
158699919725,-0.459428579,-0.161838099,0.046581693,2.293645144,-7.562086105,2.467224836
158701180662,-0.467680186,-0.169291168,0.054300942,2.341529369,-7.546524048,2.468421936
158702441600,-0.463155091,-0.179938421,0.058293659,2.371456861,-7.597999096,2.512714624
158703702525,-0.459428579,-0.183931142,0.067609996,2.378639460,-7.656657219,2.507926226
158704963450,-0.457032949,-0.190319479,0.070005625,2.434903145,-7.674613476,2.548627615
158706224387,-0.454637319,-0.197240189,0.076660156,2.498349428,-7.607575893,2.498349428
158707485300,-0.459960938,-0.206822708,0.083048500,2.475604534,-7.650671482,2.513911724
158708746237,-0.455968201,-0.209750697,0.089969210,2.480392933,-7.682993412,2.557007551
158710007175,-0.451975495,-0.221728846,0.097954646,2.493561029,-7.666234016,2.559401751
158711268100,-0.454104960,-0.233174637,0.102745906,2.479195833,-7.708132267,2.589329243
158712529025,-0.451709330,-0.241160065,0.107004799,2.452859640,-7.746439457,2.651578426
158713789975,-0.448781312,-0.249145508,0.109932795,2.424129248,-7.747636795,2.682703018
158715050900,-0.447982788,-0.254735321,0.113393143,2.366668463,-7.772775650,2.725798607
158716311825,-0.451176941,-0.262986928,0.114724055,2.324769974,-7.752425194,2.738966703
158717572762,-0.443990052,-0.268576711,0.117652044,2.258929253,-7.806294918,2.813187122
158718833700,-0.444256246,-0.273900360,0.119249128,2.234987259,-7.841010571,2.827552319
158720094625,-0.448515147,-0.274965078,0.119781494,2.172738075,-7.802703381,2.875436306
158721355537,-0.448248953,-0.282950491,0.116321139,2.117671490,-7.852981567,2.801216125
158722616475,-0.450378418,-0.289605021,0.113126963,2.057816267,-7.832631111,2.772485495
158723877412,-0.449846059,-0.289871216,0.107004799,1.994369984,-7.885303497,2.783259392
158725138337,-0.445320964,-0.288274139,0.103012085,1.867477298,-7.890091896,2.806004524
158726399262,-0.445320964,-0.291468292,0.101947360,1.760935307,-7.893682957,2.817975521
158727660225,-0.444256246,-0.295194834,0.093961924,1.691503525,-7.878120899,2.850297213
158728921150,-0.439731181,-0.297058105,0.094228104,1.618480325,-7.903259754,2.814384222
158730182075,-0.443723887,-0.295727193,0.083847046,1.550245643,-7.887697697,2.814384222
158731443012,-0.435472280,-0.294130117,0.078523420,1.504755735,-7.887697697,2.886210203
158732703937,-0.435738444,-0.287741750,0.077192515,1.397016644,-7.893682957,2.861071110
158733964862,-0.436004639,-0.285612315,0.071868896,1.347935557,-7.914033890,2.875436306
158735225775,-0.434673727,-0.283749044,0.062818736,1.307234168,-7.905653954,2.856282711
158736486725,-0.429616272,-0.278691620,0.057228934,1.276109457,-7.904457092,2.849100113
158737747650,-0.429882467,-0.274698883,0.050308228,1.247379065,-7.927201748,2.849100113
158739008587,-0.424292654,-0.270173818,0.043653701,1.205480576,-7.999027729,2.802413225
158740269525,-0.417105764,-0.264317840,0.038596258,1.246181965,-7.984662533,2.859874010
158741530462,-0.419235229,-0.261389822,0.032474093,1.185129881,-8.012195587,2.828749418
158742791375,-0.417371958,-0.252339691,0.031143188,1.170764685,-8.031350136,2.873042107
158744052312,-0.410451233,-0.247016057,0.025287203,1.138442874,-8.121131897,2.885013103
158745313225,-0.405393809,-0.243821889,0.016769409,1.127668977,-8.127118111,2.825158119
158746574187,-0.400868714,-0.237433538,0.012776692,1.171961784,-8.206126213,2.871845007
158747835100,-0.399271637,-0.228383377,0.016769409,1.094150186,-8.269572258,2.865859509
158749096037,-0.396343648,-0.219865590,0.013309055,1.148019671,-8.300697327,2.889801502
158750356962,-0.393415660,-0.216139048,0.014373779,1.137245774,-8.303092003,2.871845007
158751617912,-0.392617106,-0.213743418,0.013042874,1.157596588,-8.347384453,2.925714493
158752878837,-0.389422953,-0.206556529,0.008783977,1.198297977,-8.378508568,2.954444885
158754139775,-0.388358206,-0.198837280,0.005855984,1.192312479,-8.418013573,2.954444885
158755400687,-0.384897858,-0.193779841,0.007985433,1.215057373,-8.458714485,2.928108692
158756661625,-0.383034587,-0.189254761,0.010114881,1.298854470,-8.501810074,2.916137695
158757922525,-0.380905151,-0.184197322,0.011179605,1.312022567,-8.555680275,2.962824583
158759183487,-0.381703675,-0.181535512,0.013042874,1.337161660,-8.593987465,2.899378300
158760444425,-0.381437510,-0.177276611,0.017301772,1.388636947,-8.605957985,2.913743496
158761705350,-0.375049174,-0.174082428,0.019431220,1.485602140,-8.657433510,2.914940596
158762966287,-0.372653544,-0.174348623,0.023956299,1.576581836,-8.720879555,2.855085611
158764227212,-0.372387350,-0.173283890,0.025021022,1.617283225,-8.762778282,2.838326216
158765488150,-0.366531372,-0.172219172,0.029546101,1.721431017,-8.826224327,2.923320293
158766749087,-0.363869548,-0.169823542,0.040725708,1.766920924,-8.899248123,2.949656487
158768010000,-0.362538636,-0.170089722,0.043387517,1.792060018,-8.916007042,2.929305792
158769270937,-0.358812124,-0.171952993,0.047114052,1.886631012,-8.980650902,2.972401381
158770531875,-0.355617940,-0.175147161,0.055631850,1.944091797,-9.020154953,2.937685490
158771792800,-0.352956116,-0.179672241,0.063617282,1.957259893,-9.121908188,2.925714493
158773053737,-0.346035421,-0.182600230,0.071868896,1.989581585,-9.203310966,2.961627483
158774314675,-0.342575073,-0.188988581,0.080919050,2.103306293,-9.240421295,2.949656487
158775575600,-0.342042714,-0.193779841,0.090501569,2.094926596,-9.320627213,2.980781078
158776836525,-0.337783813,-0.194844559,0.101148814,2.189497471,-9.391256332,2.989160776
158778097462,-0.333791077,-0.205491811,0.106738620,2.179920673,-9.451110840,3.028665066
158779358387,-0.329532206,-0.209484518,0.117119685,2.221819162,-9.540893555,3.071760893
158780619325,-0.333524913,-0.214541957,0.131493464,2.237381458,-9.598354340,3.066972494
158781880250,-0.325007111,-0.222261220,0.144802511,2.233790159,-9.615114212,3.128024578
158783141175,-0.321812958,-0.228649557,0.151457042,2.258929253,-9.582792282,3.120841980
158784402100,-0.322345316,-0.230246648,0.161838099,2.305616140,-9.631873131,3.155557871
158785663037,-0.320748210,-0.237699717,0.171686798,2.302024841,-9.618705750,3.183091164
158786923975,-0.315956950,-0.245951325,0.176744252,2.328361273,-9.624691010,3.300407171
158788184912,-0.314359874,-0.257130951,0.188988581,2.302024841,-9.673771858,3.330334663
158789445837,-0.313561320,-0.255001485,0.200966731,2.318784475,-9.660603523,3.347094059
158790706762,-0.311165690,-0.261656016,0.208952159,2.360682964,-9.622296333,3.330334663
158791967700,-0.315690786,-0.268310547,0.219333217,2.372653961,-9.630676270,3.372233152
158793228637,-0.311165690,-0.274698883,0.229181916,2.346317768,-9.607931137,3.361459255
158794489562,-0.306906790,-0.283216685,0.233973175,2.337938070,-9.528923035,3.416525841
158795750487,-0.305575907,-0.285612315,0.233973175,2.324769974,-9.467870712,3.472789526
158797011412,-0.309036255,-0.288274139,0.241958618,2.291250944,-9.459490776,3.505111217
158798272362,-0.301050812,-0.298122823,0.247282237,2.296039343,-9.355342865,3.545812845
158799533287,-0.306108266,-0.301317006,0.250210226,2.232593060,-9.227252960,3.519476414
158800794225,-0.304244995,-0.301849365,0.251274943,2.240972757,-9.179368973,3.572149038
158802055162,-0.302381724,-0.309568614,0.252339691,2.189497471,-9.120711327,3.590105534
158803316075,-0.304244995,-0.311698049,0.251274943,2.155978680,-9.009381294,3.584120035
158804577000,-0.304777354,-0.315690786,0.253138214,2.039859772,-8.911218643,3.591302633
158805837950,-0.298655182,-0.319417328,0.248613149,2.042253971,-8.817845345,3.603273630
158807098887,-0.295993388,-0.320215851,0.243023336,2.032677174,-8.710105896,3.592499733
158808359800,-0.291468292,-0.325805664,0.240893885,1.982398987,-8.651448250,3.591302633
158809620737,-0.286677033,-0.330330729,0.236368805,1.968033791,-8.595184326,3.618835926
158810881675,-0.284281403,-0.327402741,0.230512828,1.962048292,-8.426392555,3.615244627
158812142600,-0.282418132,-0.338316172,0.219067037,1.954865694,-8.358158112,3.513490915
158813403537,-0.273900360,-0.333791077,0.211347789,1.920149803,-8.315062523,3.537433147
158814664450,-0.265648723,-0.336452901,0.203628540,1.886631012,-8.228871346,3.506308317
158815925400,-0.264317840,-0.338582337,0.197240189,1.859097600,-8.153453827,3.519476414
158817186325,-0.258728027,-0.343107432,0.192182750,1.923741102,-8.105569839,3.512293816
158818447250,-0.252872050,-0.339913249,0.182866409,1.862688899,-8.112752914,3.491943121
158819708175,-0.237699717,-0.344704509,0.172485352,1.895010710,-8.068459511,3.543418646
158820969125,-0.233174637,-0.345236868,0.162104294,1.856703401,-8.062474251,3.512293816
158822230050,-0.220131770,-0.347898692,0.151989400,1.884236693,-8.069657326,3.517082214
158823490987,-0.212944880,-0.352689952,0.143205434,1.878251195,-8.050503731,3.475183725
158824751925,-0.207621247,-0.351092875,0.133356735,1.850717902,-8.044517517,3.463212729
158826012850,-0.202563807,-0.352157593,0.123508029,1.863885999,-8.068459511,3.411737442
158827273775,-0.186859131,-0.358545929,0.114724055,1.871068597,-8.079234123,3.421314240
158828534712,-0.179406062,-0.363337189,0.102479719,1.859097600,-8.082824707,3.422511339
158829795637,-0.172219172,-0.364135742,0.094760470,1.832761407,-8.188169479,3.432088137
158831056575,-0.157313034,-0.364668101,0.086508855,1.863885999,-8.222886086,3.390189648
158832317512,-0.156248301,-0.369459361,0.076926336,1.842338204,-8.279150009,3.403357744
158833578437,-0.149061412,-0.374250621,0.070804171,1.855506301,-8.328230858,3.311181068
158834839375,-0.141342163,-0.374782979,0.065746732,1.831564307,-8.426392555,3.347094059
158836100287,-0.137083262,-0.376646250,0.060689289,1.869871497,-8.530540466,3.406949043
158837361237,-0.128831655,-0.380638957,0.052437674,1.859097600,-8.582015991,3.394978046
158838622150,-0.128033102,-0.384365499,0.050308228,1.798045516,-8.667010307,3.384204149
158839883087,-0.120047674,-0.384631693,0.046847872,1.842338204,-8.791508675,3.366247654
158841144012,-0.118450589,-0.387559682,0.041790433,1.775300622,-8.852560997,3.384204149
158842404962,-0.119249128,-0.394746572,0.036732990,1.837549806,-8.939949036,3.353079557
158843665900,-0.117918223,-0.400070190,0.036732990,1.738190413,-9.038111687,3.387795448
158844926825,-0.117385864,-0.397408366,0.038063895,1.759738207,-9.105149269,3.363853455
158846187750,-0.114990234,-0.403264344,0.034869723,1.782483220,-9.169792175,3.332728863
158847448675,-0.113659330,-0.406724721,0.034869723,1.692700624,-9.240421295,3.355473757
158848709625,-0.119249128,-0.405393809,0.039394803,1.703474522,-9.305065155,3.375824451
158849970537,-0.118716769,-0.406192362,0.039660983,1.720233917,-9.360131264,3.391386747
158851231475,-0.122177124,-0.404861450,0.038596258,1.631648421,-9.402029991,3.350685358
158852492400,-0.129630193,-0.404861450,0.044452243,1.657984734,-9.435548782,3.331531763
158853753325,-0.130428731,-0.407257080,0.055099487,1.642422438,-9.427168846,3.321954966
158855014287,-0.126702204,-0.408587992,0.054034762,1.702277422,-9.481039047,3.355473757
158856275212,-0.133889094,-0.411782146,0.057228934,1.704671621,-9.527726173,3.305195570
158857536137,-0.141874522,-0.411782146,0.066012911,1.646013737,-9.528923035,3.298012972
158858797062,-0.142673060,-0.413645416,0.070271812,1.672349930,-9.543288231,3.350685358
158860057987,-0.147996694,-0.412314504,0.071602717,1.727416515,-9.501389503,3.271676540
158861318900,-0.153852671,-0.415242493,0.080919050,1.686715126,-9.482235909,3.274070740
158862579862,-0.159708664,-0.413113058,0.081717595,1.691503525,-9.498995781,3.293224573
158863840787,-0.162902832,-0.414177775,0.084645584,1.716642618,-9.532514572,3.272873640
158865101725,-0.171952993,-0.411782146,0.092364840,1.702277422,-9.508572578,3.233369350
158866362662,-0.173550069,-0.406724721,0.095292829,1.717839718,-9.483432770,3.216609955
158867623587,-0.174082428,-0.414177775,0.100882635,1.735796213,-9.461885452,3.242946148
158868884537,-0.174348623,-0.416573405,0.103012085,1.721431017,-9.417592049,3.197456360
158870145437,-0.182600230,-0.411782146,0.110997513,1.728613615,-9.437943459,3.189076662
158871406387,-0.188456208,-0.409652710,0.118450589,1.690306425,-9.384073257,3.159149170
158872667312,-0.186326772,-0.416307241,0.119781494,1.731007814,-9.376891136,3.189076662
158873928237,-0.190053299,-0.416307241,0.120580032,1.721431017,-9.357737541,3.193865061
158875189175,-0.195909292,-0.408055604,0.122443303,1.683123827,-9.324218750,3.192667961
158876450112,-0.196707830,-0.406458527,0.124306574,1.698686123,-9.309853554,3.168725967
158877711050,-0.198571101,-0.410983622,0.125903651,1.691503525,-9.336189270,3.157952070
158878971962,-0.204959437,-0.410983622,0.124838933,1.678335428,-9.355342865,3.167528868
158880232925,-0.206290349,-0.410717428,0.130961105,1.662773132,-9.363722801,3.150769472
158881493837,-0.208153620,-0.403796732,0.133356735,1.626860023,-9.318233490,3.138798475
158882754762,-0.211347789,-0.405393809,0.133889094,1.642422438,-9.303868294,3.081337690
158884015700,-0.211347789,-0.402199626,0.138680354,1.612494826,-9.342175484,3.117250681
158885276612,-0.212944880,-0.401933461,0.139478892,1.605312228,-9.337387085,3.092111588
158886537550,-0.222261220,-0.404861450,0.144003972,1.538274646,-9.338583946,3.064578295
158887798500,-0.228915736,-0.404329091,0.145601064,1.581370234,-9.372102737,3.078943491
158889059412,-0.235304087,-0.401401103,0.147198141,1.581370234,-9.382876396,3.089717388
158890320375,-0.237167358,-0.399803996,0.150658503,1.581370234,-9.376891136,3.105279684
158891581275,-0.239562988,-0.401933461,0.152521774,1.534683347,-9.361329079,3.112462282
158892842225,-0.245152786,-0.402998179,0.157845393,1.563413739,-9.351752281,3.098097086
158894103150,-0.252073497,-0.392617106,0.161039561,1.545457244,-9.375694275,3.098097086
158895364075,-0.260058939,-0.391020030,0.161039561,1.569399238,-9.354146004,3.071760893
158896625025,-0.262454569,-0.388890564,0.163169011,1.563413739,-9.354146004,3.094505787
158897885925,-0.266713470,-0.384897858,0.169557363,1.522712350,-9.337387085,3.076549292
158899146887,-0.273634166,-0.379840434,0.170622081,1.599326730,-9.309853554,3.055001497
158900407812,-0.279223979,-0.380905151,0.173283890,1.589749932,-9.301473618,3.096899986
158901668737,-0.279223979,-0.379041880,0.176478058,1.571793437,-9.305065155,3.078943491
158902929675,-0.286677033,-0.372121155,0.180470780,1.569399238,-9.257181168,3.038241863
158904190600,-0.293863922,-0.374782979,0.187923849,1.569399238,-9.227252960,3.049015999
158905451550,-0.297058105,-0.376646250,0.192715108,1.589749932,-9.226056099,3.107673883
158906712462,-0.303180277,-0.371854991,0.189787120,1.564610839,-9.223662376,3.129221678
158907973412,-0.307705343,-0.370524079,0.187657669,1.592144132,-9.150638580,3.075352192
158909234337,-0.310100973,-0.365999013,0.200700551,1.637633920,-9.097966194,3.120841980
158910495275,-0.312762797,-0.364934266,0.204427078,1.600523829,-9.082404137,3.077746391
158911756200,-0.317021698,-0.365732819,0.206290349,1.629254222,-9.027338028,3.129221678
158913017137,-0.320482045,-0.365732819,0.210815430,1.601720929,-9.021351814,3.144783974
158914278062,-0.321014404,-0.358013570,0.213743418,1.659181833,-8.938752174,3.089717388
158915539000,-0.327935100,-0.354819387,0.216937587,1.657984734,-8.866926193,3.111265182
158916799937,-0.326870382,-0.355085582,0.218800858,1.667561531,-8.768763542,3.113659382
158918060850,-0.329266012,-0.356682658,0.225189209,1.703474522,-8.752004623,3.106476784
158919321787,-0.331661642,-0.357215017,0.226520106,1.714248419,-8.716091156,3.077746391
158920582712,-0.328467458,-0.354020864,0.229980469,1.745373011,-8.615534782,3.092111588
158921843650,-0.326870382,-0.354553223,0.233973175,1.738190413,-8.579622269,3.041833401
158923104587,-0.325539470,-0.353488505,0.234239370,1.734599113,-8.572439194,3.044227600
158924365512,-0.328201294,-0.346567780,0.236635000,1.764526725,-8.508993149,3.095702887
158925626437,-0.327668935,-0.354819387,0.242490977,1.827973008,-8.445546150,2.992752075
158926887387,-0.327136576,-0.356682658,0.243821889,1.879448295,-8.426392555,2.999934673
158928148312,-0.323942393,-0.352157593,0.246749878,1.927332401,-8.337807655,2.954444885
158929409237,-0.321812958,-0.355617940,0.250210226,1.952471495,-8.366538048,2.925714493
158930670175,-0.321546763,-0.353488505,0.254469126,1.980004787,-8.323442459,2.867056608
158931931087,-0.315158427,-0.359078288,0.257663310,1.965639591,-8.307880402,2.917334795
158933192037,-0.308770061,-0.365466654,0.259260386,2.001552582,-8.300697327,2.910152197
158934452962,-0.304511160,-0.368128449,0.262454569,2.129642487,-8.305485725,2.873042107
158935713887,-0.302115530,-0.364934266,0.270439982,2.031480074,-8.288726807,2.849100113
158936974837,-0.294130117,-0.365732819,0.274698883,2.093729496,-8.297105789,2.892195702
158938235762,-0.288007945,-0.374250621,0.273634166,2.097320795,-8.374917984,2.839523315
158939496687,-0.282151967,-0.374782979,0.273101807,2.062604666,-8.396465302,2.846705914
158940757625,-0.280821055,-0.375847697,0.284281403,2.053027868,-8.397662163,2.888604403
158942018550,-0.276295990,-0.381437510,0.290137380,2.091335297,-8.468291283,2.868253708
158943279487,-0.264584005,-0.385164052,0.293065399,1.982398987,-8.553285599,2.869450808
158944540425,-0.267245829,-0.389422953,0.297856659,2.030282974,-8.649053574,2.900575399
158945801350,-0.265382558,-0.395545095,0.305575907,1.959654093,-8.659827232,2.900575399
158947062287,-0.258994192,-0.397940725,0.305309713,1.954865694,-8.678980827,2.871845007
158948323225,-0.258728027,-0.397940725,0.309568614,1.941697598,-8.771158218,2.880224705
158949584150,-0.250210226,-0.400602549,0.317554057,1.895010710,-8.789114952,2.841917515
158950845087,-0.255533844,-0.402465820,0.325539470,1.906981707,-8.900444984,2.880224705
158952106025,-0.252605855,-0.404861450,0.329266012,1.893813610,-8.904036522,2.904166698
158953366950,-0.243555695,-0.405127615,0.335920542,1.847126603,-8.983044624,2.979583979
158954627887,-0.250210226,-0.405127615,0.336452901,1.764526725,-9.042900085,2.992752075
158955888800,-0.247548416,-0.407523245,0.343107432,1.751358509,-9.107542992,3.013102770
158957149725,-0.247282237,-0.405127615,0.350826681,1.662773132,-9.139864922,2.984372377
158958410675,-0.250742584,-0.403264344,0.352956116,1.616086125,-9.151836395,3.028665066
158959671612,-0.252073497,-0.403796732,0.356682658,1.552639842,-9.187748909,3.027467966
158960932537,-0.253936768,-0.401134908,0.359344482,1.511938334,-9.246407509,2.999934673
158962193475,-0.259260386,-0.400070190,0.362006277,1.456871748,-9.267954826,3.033453465
158963454400,-0.260325104,-0.396609843,0.365732819,1.435323954,-9.255984306,3.056198597
158964715312,-0.261389822,-0.392084748,0.363071024,1.352723956,-9.238027573,3.076549292
158965976262,-0.266181082,-0.387027323,0.363869548,1.262941360,-9.294291496,3.041833401
158967237187,-0.273101807,-0.382768422,0.371854991,1.283292174,-9.291896820,3.096899986
158968498125,-0.274432719,-0.378243327,0.372387350,1.186326981,-9.279926300,3.028665066
158969759075,-0.285878509,-0.369193166,0.370257914,1.106121182,-9.285911560,3.078943491
158971019987,-0.286410868,-0.365732819,0.369459361,1.083376288,-9.227252960,3.076549292
158972280925,-0.286410868,-0.362006277,0.365732819,1.045069098,-9.223662376,3.050213099
158973541862,-0.293597758,-0.351092875,0.364934266,1.030703783,-9.224859238,3.023876667
158974802800,-0.299719900,-0.347366333,0.363337189,0.990002394,-9.270349503,3.045424700
158976063725,-0.299986094,-0.339913249,0.362272471,0.945709705,-9.205705643,3.019088268
158977324662,-0.301317006,-0.332460195,0.359610647,0.912190855,-9.198522568,3.014299870
158978585587,-0.302914083,-0.321546763,0.357481211,0.876277804,-9.194931984,2.991554976
158979846512,-0.306374431,-0.314892232,0.352157593,0.877474904,-9.142259598,2.991554976
158981107450,-0.308770061,-0.311964244,0.350294322,0.831985116,-9.185355186,2.996343374
158982368375,-0.315158427,-0.298655182,0.348963410,0.804451764,-9.150638580,2.956839085
158983629300,-0.317287862,-0.292000651,0.350028127,0.798466265,-9.150638580,2.938882589
158984890237,-0.312762797,-0.285612315,0.348697245,0.764947474,-9.148244858,2.980781078
158986151175,-0.314359874,-0.278159231,0.346833974,0.725443125,-9.141061783,2.986766577
158987412112,-0.318618774,-0.271770895,0.348697245,0.745793819,-9.114726067,2.911349297
158988673050,-0.311964244,-0.263519287,0.346035421,0.758961916,-9.097966194,2.924517393
158989933975,-0.309834808,-0.260591298,0.345236868,0.725443125,-9.066842079,2.970007181
158991194900,-0.312762797,-0.251541138,0.347898692,0.762553275,-9.117119789,2.942473888
158992455837,-0.309568614,-0.245951325,0.349495769,0.775721371,-9.135076523,2.968810081
158993716762,-0.310633332,-0.234239370,0.351625234,0.773327172,-9.083600998,2.964021683
158994977700,-0.309036255,-0.224124476,0.349495769,0.816422760,-9.081207275,2.985569477
158996238637,-0.303446442,-0.221196488,0.357747376,0.790086567,-9.097966194,3.010708570
158997499562,-0.304511160,-0.216937587,0.359610647,0.797269166,-9.057265282,3.015496969
158998760500,-0.303978801,-0.208419800,0.358812124,0.786495268,-9.130288124,3.021482468
159000021437,-0.301849365,-0.206822708,0.361473918,0.865503907,-9.119514465,3.011905670
159001282350,-0.298921376,-0.197772548,0.365200460,0.915782154,-9.078812599,3.033453465
159002543275,-0.294130117,-0.190319479,0.369459361,0.900219858,-9.125499725,3.062184095
159003804237,-0.292266846,-0.187125310,0.373185903,0.926556051,-9.088389397,3.059789896
159005065150,-0.290935934,-0.181801692,0.380372792,0.992396593,-9.093177795,3.053804398
159006326075,-0.291734487,-0.179139882,0.385164052,0.993593693,-9.127894402,3.039438963
159007587012,-0.285878509,-0.172485352,0.387027323,1.063025594,-9.100360870,3.041833401
159008847950,-0.279756337,-0.166895539,0.393948019,1.102529883,-9.068038940,3.047818899
159010108900,-0.277094513,-0.165564641,0.398473084,1.116895080,-9.105149269,3.038241863
159011369837,-0.272037089,-0.161571920,0.401667267,1.136048675,-9.063250542,3.093308687
159012630750,-0.268576711,-0.159974843,0.401401103,1.162384987,-9.070433617,3.020285368
159013891687,-0.266181082,-0.156780660,0.408854157,1.175553083,-9.080010414,2.996343374
159015152625,-0.258461833,-0.153054133,0.411249787,1.193509579,-9.124302864,3.002328873
159016413562,-0.256332397,-0.149061412,0.415774882,1.180341482,-9.107542992,3.020285368
159017674487,-0.249145508,-0.144802511,0.421098500,1.218648672,-9.108740807,2.971204281
159018935412,-0.245418966,-0.143471614,0.426688284,1.233013868,-9.093177795,2.997540474
159020196350,-0.244620427,-0.136817083,0.426422119,1.247379065,-9.156624794,3.003525972
159021457287,-0.236102626,-0.133889094,0.430414826,1.189918280,-9.138668060,3.007117271
159022718225,-0.228649557,-0.131759644,0.433609009,1.203086376,-9.119514465,2.902969599
159023979162,-0.229181916,-0.127234563,0.432544291,1.215057373,-9.175778389,2.946065187
159025240075,-0.224124476,-0.122443303,0.434407532,1.195903778,-9.169792175,2.986766577
159026501012,-0.219599396,-0.119515315,0.435738444,1.200692177,-9.190143585,2.910152197
159027761937,-0.209218338,-0.120047674,0.437335551,1.212663174,-9.165003777,2.987963676
159029022887,-0.207887441,-0.119781494,0.438134074,1.185129881,-9.223662376,2.975992680
159030283800,-0.205491811,-0.116321139,0.430414826,1.207874775,-9.238027573,2.965218782
159031544737,-0.203096181,-0.112062238,0.430414826,1.163582087,-9.236829758,2.938882589
159032805675,-0.194312200,-0.110465154,0.439464986,1.164779186,-9.278728485,2.925714493
159034066600,-0.191384211,-0.105141535,0.434141368,1.207874775,-9.288305283,2.942473888
159035327525,-0.184729680,-0.104875349,0.432278097,1.223437071,-9.276334763,2.998737574
159036588487,-0.186326772,-0.104342990,0.434141368,1.207874775,-9.287108421,2.943670988
159037849412,-0.179672241,-0.105407715,0.432011902,1.187524080,-9.278728485,2.934094191
159039110350,-0.175945699,-0.098220825,0.434141368,1.233013868,-9.296685219,2.962824583
159040371275,-0.173816249,-0.094760470,0.432544291,1.222239971,-9.326612473,2.919728994
159041632187,-0.166363180,-0.090767756,0.429083914,1.209071875,-9.313445091,2.899378300
159042893150,-0.163169011,-0.087573580,0.428817749,1.233013868,-9.329007149,2.913743496
159044154050,-0.156780660,-0.085976496,0.429083914,1.201889277,-9.361329079,2.918531895
159045415000,-0.158111572,-0.081451416,0.421098500,1.205480576,-9.321824074,2.918531895
159046675937,-0.152521774,-0.078523420,0.423760295,1.237802267,-9.356540680,2.904166698
159047936862,-0.142939255,-0.080386691,0.416041046,1.230619669,-9.378087997,2.900575399
159049197800,-0.138414174,-0.077991061,0.413379252,1.270123959,-9.424775124,2.906560898
159050458725,-0.134421453,-0.075329252,0.410451233,1.236605167,-9.429563522,2.892195702
159051719662,-0.128565475,-0.071336530,0.410717428,1.240196466,-9.424775124,2.895787001
159052980600,-0.124838933,-0.070271812,0.406724721,1.244984865,-9.491812706,2.916137695
159054241525,-0.119515315,-0.066279091,0.402465820,1.222239971,-9.484629631,2.885013103
159055502462,-0.116853498,-0.063617282,0.396343648,1.200692177,-9.513360977,2.907757998
159056763387,-0.112328425,-0.063084923,0.392350942,1.231816769,-9.483432770,2.877830505
159058024312,-0.107803345,-0.063351102,0.388890564,1.218648672,-9.509769440,2.870647907
159059285250,-0.105141535,-0.060689289,0.381171316,1.212663174,-9.546879768,2.868253708
159060546187,-0.095559016,-0.059624564,0.377977163,1.193509579,-9.531316757,2.847903013
159061807125,-0.091832474,-0.056696571,0.368394643,1.206677675,-9.524134636,2.819172621
159063068050,-0.084113225,-0.046581693,0.359344482,1.206677675,-9.537302971,2.819172621
159064328975,-0.080652870,-0.049509682,0.356150299,1.228225470,-9.572018623,2.794033289
159065589912,-0.087839760,-0.047646414,0.352157593,1.197100878,-9.566033363,2.814384222
159066850850,-0.078789607,-0.047646414,0.347366333,1.150413871,-9.561244965,2.840720415
159068111775,-0.068940900,-0.046847872,0.339913249,1.254561663,-9.567230225,2.840720415
159069372712,-0.065214366,-0.043653701,0.334589630,1.253364563,-9.551668167,2.803610325
159070633650,-0.061487831,-0.036732990,0.323942393,1.279700875,-9.561244965,2.756923199
159071894575,-0.056430392,-0.032740276,0.322877675,1.201889277,-9.526528358,2.790441990
159073155512,-0.058559842,-0.038862441,0.317021698,1.177947283,-9.536105156,2.762908697
159074416437,-0.051372953,-0.039394803,0.313028961,1.215057373,-9.528923035,2.728192806
159075677387,-0.046847872,-0.040459525,0.309036255,1.252167463,-9.516951561,2.713827610
159076938300,-0.040725708,-0.040459525,0.297324270,1.218648672,-9.458293915,2.687491417
159078199237,-0.038330078,-0.033006456,0.296791911,1.286883473,-9.469067574,2.687491417
159079460187,-0.033538818,-0.035402086,0.293597758,1.262941360,-9.488221169,2.698265314
159080721112,-0.027949015,-0.041524250,0.281087250,1.200692177,-9.453505516,2.667140722
159081982025,-0.022093032,-0.036200628,0.279490143,1.250970364,-9.388861656,2.626439333
159083242975,-0.021826850,-0.035668265,0.277360708,1.280897975,-9.388861656,2.667140722
159084503900,-0.018632676,-0.033006456,0.274166524,1.262941360,-9.342175484,2.658761024
159085764837,-0.009848701,-0.036999173,0.266713470,1.270123959,-9.313445091,2.618059635
159087025762,-0.005589803,-0.040725708,0.258195668,1.292868972,-9.323021889,2.572569847
159088286712,-0.000532362,-0.040193345,0.255800039,1.294066072,-9.290699959,2.574964046
159089547650,0.002395630,-0.038596258,0.254469126,1.312022567,-9.230844498,2.574964046
159090808575,0.002661811,-0.042056613,0.248879328,1.295263171,-9.196128845,2.584540844
159092069500,0.006654528,-0.042056613,0.245152786,1.318008065,-9.185355186,2.555810452
159093330425,0.010381063,-0.046847872,0.244088069,1.362300754,-9.112331390,2.576161146
159094591362,0.018100314,-0.047380235,0.238764435,1.325190663,-9.125499725,2.511517525
159095852275,0.019431220,-0.046847872,0.234771729,1.386242747,-9.120711327,2.486378431
159097113225,0.022093032,-0.049509682,0.232908458,1.328781962,-9.008184433,2.464830637
159098374175,0.029812282,-0.050308228,0.233706996,1.327584863,-8.960299492,2.466027737
159099635087,0.036732990,-0.051639132,0.227584839,1.352723956,-8.962694168,2.439691544
159100896025,0.043121338,-0.055099487,0.221196488,1.362300754,-8.979453087,2.403778553
159102156975,0.047646414,-0.062020194,0.223059759,1.392228246,-8.902838707,2.363077164
159103417887,0.056164213,-0.065746732,0.221995026,1.400608063,-8.886079788,2.325967073
159104678825,0.062286377,-0.066811457,0.220131770,1.403002262,-8.870517731,2.330755472
159105939775,0.067343816,-0.067609996,0.214541957,1.453280449,-8.884882927,2.315193176
159107200712,0.077724881,-0.072933622,0.213477239,1.453280449,-8.875306129,2.330755472
159108461612,0.085710309,-0.078523420,0.209218338,1.497573137,-8.917203903,2.306813240
159109722562,0.091300115,-0.075329252,0.203096181,1.487996340,-8.943540573,2.299630642
159110983500,0.101681180,-0.085976496,0.206822708,1.471236944,-8.924386978,2.306813240
159112244412,0.106738620,-0.090501569,0.203096181,1.521515250,-8.942343712,2.279279947
159113505362,0.112594604,-0.094228104,0.199635819,1.561019540,-8.962694168,2.310404539
159114766275,0.118450589,-0.093695745,0.198038727,1.533486247,-8.995016098,2.308010340
159116027225,0.128033102,-0.097156100,0.198837280,1.583764434,-9.059659004,2.246958256
159117288162,0.135752365,-0.103278264,0.199369639,1.575384736,-9.064447403,2.225410461
159118549100,0.141075984,-0.111796059,0.196974009,1.592144132,-9.159018517,2.284068346
159119810037,0.145867243,-0.114724055,0.191650391,1.640028119,-9.190143585,2.276885748
159121070975,0.154385030,-0.119249128,0.193247467,1.631648421,-9.241618156,2.311601877
159122331887,0.160773382,-0.118184403,0.188190028,1.538274646,-9.308656693,2.308010340
159123592812,0.163435191,-0.124040388,0.186592951,1.602918029,-9.306262016,2.297236443
159124853750,0.161571920,-0.126702204,0.183664948,1.610100627,-9.390059471,2.313996077
159126114700,0.174880981,-0.129896373,0.180470780,1.594538331,-9.417592049,2.345120668
159127375625,0.175945699,-0.132292002,0.171952993,1.577778935,-9.473855972,2.305616140
159128636550,0.174614802,-0.136018544,0.165564641,1.599326730,-9.545681953,2.327164173
159129897487,0.177542791,-0.137881801,0.161838099,1.567005038,-9.528923035,2.347514868
159131158412,0.184463501,-0.142140701,0.157046840,1.493981838,-9.554061890,2.330755472
159132419362,0.186592951,-0.140809804,0.152521774,1.458068848,-9.616311073,2.299630642
159133680300,0.183132589,-0.141608343,0.144003972,1.489193439,-9.665391922,2.237381458
159134941200,0.187391490,-0.142939255,0.138946533,1.460463047,-9.696516991,2.220622063
159136202150,0.184995860,-0.148795232,0.125903651,1.464054346,-9.733627319,2.248155355
159137463087,0.189787120,-0.148529053,0.116587318,1.444900751,-9.789891243,2.240972757
159138724012,0.193247467,-0.147198141,0.109400429,1.428141356,-9.803058624,2.212242365
159139984950,0.185528219,-0.146133423,0.098487005,1.411381960,-9.843760490,2.196680069
159141245875,0.188190028,-0.141608343,0.090767756,1.405396461,-9.866505623,2.151190281
159142506812,0.191384211,-0.148262873,0.077192515,1.358709455,-9.859322548,2.149993181
159143767750,0.190319479,-0.150392324,0.064682007,1.338358760,-9.884461403,2.130839586
159145028700,0.189787120,-0.152521774,0.055898029,1.322796464,-9.947908401,2.114080191
159146289612,0.189787120,-0.150924683,0.043387517,1.345541358,-9.974244118,2.105700493
159147550550,0.185262039,-0.152787954,0.036466811,1.338358760,-10.043676376,2.045845270
159148811487,0.186859131,-0.151723221,0.024488661,1.303642869,-10.034099579,2.020706177
159150072400,0.190053299,-0.156248301,0.007186890,1.259350061,-10.052056313,1.991975784
159151333337,0.191916570,-0.153852671,-0.000532362,1.271321058,-10.143035889,1.989581585
159152594262,0.188722402,-0.154385030,-0.013575235,1.307234168,-10.146626472,1.962048292
159153855225,0.184995860,-0.157845393,-0.023423936,1.260547161,-10.210073471,1.916558504
159155116137,0.182334051,-0.162370473,-0.034071181,1.241393566,-10.245985985,1.900996208
159156377075,0.183931142,-0.167161733,-0.042322792,1.244984865,-10.286687851,1.856703401
159157638012,0.180736959,-0.164499924,-0.052171495,1.230619669,-10.328586578,1.825578809
159158898925,0.179406062,-0.161039561,-0.059890747,1.194706678,-10.324995041,1.875856996
159160159887,0.178607509,-0.157313034,-0.065746732,1.240196466,-10.351330757,1.895010710
159161420812,0.177808970,-0.161305740,-0.074264526,1.148019671,-10.375272751,1.810016513
159162681750,0.172751531,-0.162370473,-0.082249962,1.138442874,-10.486603737,1.778891921
159163942687,0.172485352,-0.166363180,-0.088372126,1.194706678,-10.498574257,1.784877419
159165203612,0.167161733,-0.170089722,-0.093961924,1.169567585,-10.484209061,1.774103522
159166464550,0.166097000,-0.171420619,-0.101414993,1.215057373,-10.505757332,1.726219416
159167725475,0.166363180,-0.170355901,-0.100616455,1.236605167,-10.545261383,1.685518026
159168986412,0.160773382,-0.167161733,-0.103278264,1.235408068,-10.565611839,1.673547029
159170247325,0.162370473,-0.168758810,-0.110731333,1.195903778,-10.526107788,1.681926727
159171508275,0.158643931,-0.172485352,-0.108868070,1.267729759,-10.518925667,1.626860023
159172769212,0.153320312,-0.175679520,-0.114191689,1.238999367,-10.553641319,1.644816637
159174030150,0.151190862,-0.176478058,-0.107270978,1.301248670,-10.512939453,1.601720929
159175291062,0.149593771,-0.172751531,-0.108335704,1.302445769,-10.469843864,1.634042621
159176552000,0.144003972,-0.175147161,-0.113393143,1.320402265,-10.462661743,1.604115129
159177812937,0.142939255,-0.177808970,-0.114457868,1.377863050,-10.442310333,1.605312228
159179073875,0.140011251,-0.179139882,-0.105673894,1.430535555,-10.447098732,1.568202138
159180334812,0.141874522,-0.183398768,-0.106738620,1.394622445,-10.454281807,1.501164436
159181595737,0.140809804,-0.182334051,-0.104076810,1.431732655,-10.387244225,1.486799240
159182856675,0.139478892,-0.181535512,-0.103810623,1.413776159,-10.334571838,1.499967337
159184117612,0.138414174,-0.183398768,-0.098220825,1.458068848,-10.283096313,1.432929754
159185378512,0.129630193,-0.188456208,-0.103012085,1.441309452,-10.273519516,1.393425345
159186639462,0.137615621,-0.191118032,-0.096091375,1.441309452,-10.289081573,1.419761658
159187900400,0.140543625,-0.196974009,-0.097422279,1.450886250,-10.219650269,1.422155857
159189161337,0.138147995,-0.196175471,-0.092897199,1.468842745,-10.242395401,1.359906554
159190422275,0.143205434,-0.196974009,-0.088638306,1.418564558,-10.172963142,1.316810966
159191683200,0.142939255,-0.202563807,-0.088638306,1.447294950,-10.181343079,1.349132657
159192944137,0.139745072,-0.206822708,-0.085710309,1.408987761,-10.110713959,1.323993564
159194205062,0.148795232,-0.206822708,-0.082782321,1.453280449,-10.060435295,1.268926859
159195465987,0.157046840,-0.212678701,-0.078789607,1.411381960,-10.064026833,1.294066072
159196726937,0.157579213,-0.212146327,-0.081185237,1.407790661,-10.042479515,1.259350061
159197987850,0.163967550,-0.216671407,-0.079854332,1.365892053,-10.046070099,1.253364563
159199248800,0.164766103,-0.222793579,-0.077192515,1.363497853,-10.035296440,1.241393566
159200509725,0.165830821,-0.218002319,-0.073465981,1.339555860,-10.016142845,1.185129881
159201770675,0.175679520,-0.224923030,-0.074264526,1.349132657,-10.019734383,1.205480576
159203031600,0.185794398,-0.232376099,-0.073998347,1.357512355,-10.093954086,1.177947283
159204292525,0.188722402,-0.234505549,-0.072401255,1.343147159,-10.086771965,1.191115379
159205553462,0.191916570,-0.230512828,-0.068940900,1.374271750,-10.065223694,1.183932781
159206814400,0.204160899,-0.238232076,-0.062286377,1.363497853,-10.060435295,1.201889277
159208075337,0.210549250,-0.240361527,-0.069207087,1.328781962,-10.054450035,1.191115379
159209336262,0.224656850,-0.246217519,-0.063617282,1.284489274,-10.114305496,1.236605167
159210597200,0.230779007,-0.246217519,-0.054833304,1.298854470,-10.207678795,1.182735682
159211858150,0.237433538,-0.247016057,-0.054567125,1.270123959,-10.236409187,1.171961784
159213119062,0.248080775,-0.251008779,-0.052171495,1.254561663,-10.260351181,1.186326981
159214380012,0.262454569,-0.256066203,-0.048977323,1.238999367,-10.314221382,1.198297977
159215640937,0.266979635,-0.260591298,-0.047380235,1.253364563,-10.358513832,1.234210968
159216901862,0.273367971,-0.260857463,-0.046581693,1.218648672,-10.436325073,1.207874775
159218162800,0.282151967,-0.258195668,-0.043653701,1.203086376,-10.498574257,1.201889277
159219423725,0.298122823,-0.265648723,-0.036999173,1.176750183,-10.539276123,1.242590666
159220684662,0.297856659,-0.268044353,-0.033272635,1.199495077,-10.582371712,1.242590666
159221945587,0.300784647,-0.267778188,-0.035934448,1.156399488,-10.599130630,1.306037068
159223206537,0.312496603,-0.268842906,-0.039128620,1.088164687,-10.709264755,1.310825467
159224467462,0.319151133,-0.267778188,-0.034337360,1.110909581,-10.687716484,1.243787766
159225728400,0.324474752,-0.270173818,-0.034337360,1.058237195,-10.716446877,1.328781962
159226989337,0.327935100,-0.276029795,-0.030078463,1.011550188,-10.785879135,1.338358760
159228250262,0.331395477,-0.273101807,-0.034603544,0.973242998,-10.807426453,1.304839969
159229511200,0.336452901,-0.271504730,-0.036999173,0.987608194,-10.822988510,1.325190663
159230772125,0.337783813,-0.274965078,-0.040459525,0.914585054,-10.857705116,1.328781962
159232033062,0.341510355,-0.276029795,-0.034603544,0.885854661,-10.861295700,1.357512355
159233294012,0.344970703,-0.273367971,-0.036466811,0.848744512,-10.891223907,1.314416766
159234554925,0.349229604,-0.274965078,-0.040991887,0.827196717,-10.906785965,1.284489274
159235815862,0.350028127,-0.274166524,-0.042855155,0.774524271,-10.922348022,1.325190663
159237076787,0.352689952,-0.271770895,-0.049243502,0.770932972,-10.966641426,1.339555860
159238337737,0.362006277,-0.270972341,-0.048711140,0.715866327,-10.977415085,1.367089152
159239598650,0.367862284,-0.271504730,-0.051372953,0.691924274,-10.979808807,1.344344258
159240859600,0.372653544,-0.274166524,-0.062552556,0.610521436,-11.039664268,1.297657371
159242120525,0.378509521,-0.272303253,-0.063883461,0.591367841,-11.124658585,1.349132657
159243381462,0.381171316,-0.269907624,-0.064415827,0.561440289,-11.101913452,1.350329757
159244642400,0.383034587,-0.268842906,-0.072401255,0.472854853,-11.140220642,1.361103654
159245903337,0.386494935,-0.270706177,-0.081717595,0.459686726,-11.195287704,1.284489274
159247164275,0.385962576,-0.268310547,-0.086775035,0.434547603,-11.227608681,1.325190663
159248425212,0.394214213,-0.266713470,-0.093429565,0.414196908,-11.291055679,1.309628367
159249686125,0.397674561,-0.268044353,-0.096357554,0.328005642,-11.341333389,1.329979062
159250947050,0.397940725,-0.263785452,-0.104609169,0.361524463,-11.409567833,1.353921056
159252208000,0.402731985,-0.260857463,-0.112594604,0.289698422,-11.416750908,1.323993564
159253468925,0.409120351,-0.262986928,-0.114724055,0.333991140,-11.499350548,1.362300754
159254729875,0.408321798,-0.266447276,-0.117918223,0.317231715,-11.638214111,1.288080573
159255990787,0.406458527,-0.256332397,-0.125903651,0.300472319,-11.632228851,1.289277673
159257251725,0.407257080,-0.253404409,-0.132824361,0.252588272,-11.683704376,1.334767461
159258512662,0.411782146,-0.247016057,-0.139212713,0.221463665,-11.731588364,1.352723956
159259773600,0.405926168,-0.250476420,-0.145068690,0.222660765,-11.769895554,1.343147159
159261034525,0.402465820,-0.249145508,-0.146399602,0.232237563,-11.818976402,1.352723956
159262295475,0.402465820,-0.246749878,-0.156780660,0.149637610,-11.862071991,1.316810966
159263556400,0.396609843,-0.241426259,-0.162902832,0.156820208,-11.919533730,1.335964561
159264817325,0.393681824,-0.242224798,-0.165032282,0.120907187,-11.966219902,1.328781962
159266078262,0.388890564,-0.238232076,-0.177808970,0.108936176,-11.996148109,1.333570361
159267339200,0.386761129,-0.234239370,-0.179406062,0.074220255,-12.027272224,1.328781962
159268600137,0.381437510,-0.225721568,-0.185262039,0.081402861,-12.133813858,1.371877551
159269861062,0.372121155,-0.219599396,-0.187657669,0.077811554,-12.113463402,1.283292174
159271122000,0.369459361,-0.216405228,-0.201765269,0.131681100,-12.181698799,1.279700875
159272382912,0.367329895,-0.217203766,-0.202031448,0.080205761,-12.191275597,1.298854470
159273643875,0.364668101,-0.215606689,-0.206024170,0.074220255,-12.225991249,1.253364563
159274904812,0.359610647,-0.212146327,-0.209218338,0.058657940,-12.253524780,1.189918280
159276165737,0.353488505,-0.207621247,-0.212678701,0.164002821,-12.336124420,1.165976286
159277426675,0.347366333,-0.206822708,-0.217736140,0.131681100,-12.398373604,1.137245774
159278687600,0.340445608,-0.199901998,-0.225455388,0.131681100,-12.453440666,1.128866076
159279948525,0.342042714,-0.196441650,-0.224390656,0.167594120,-12.509703636,1.086967587
159281209475,0.332460195,-0.200168177,-0.229714289,0.112527482,-12.515689850,1.131260276
159282470400,0.328467458,-0.196175471,-0.227851018,0.169988319,-12.636596680,1.133654475
159283731337,0.324474752,-0.191650391,-0.229980469,0.207098454,-12.701240540,1.082179189
159284992275,0.318884939,-0.187923849,-0.236102626,0.180762231,-12.767080307,1.156399488
159286253212,0.312496603,-0.189520940,-0.234771729,0.203507140,-12.838906288,1.159990788
159287514137,0.303978801,-0.182334051,-0.238764435,0.196324542,-12.864046097,1.228225470
159288775075,0.303180277,-0.185262039,-0.238232076,0.241814375,-12.957419395,1.243787766
159290036000,0.291734487,-0.182600230,-0.238764435,0.207098454,-13.031640053,1.216254473
159291296937,0.286677033,-0.175679520,-0.233440816,0.215478152,-13.047202110,1.250970364
159292557875,0.280022502,-0.171420619,-0.233174637,0.243011475,-13.099874496,1.312022567
159293818812,0.268576711,-0.170622081,-0.233706996,0.196324542,-13.109451294,1.327584863
159295079750,0.262188375,-0.169557363,-0.232908458,0.229843363,-13.128604889,1.374271750
159296340687,0.258461833,-0.170888260,-0.227318659,0.251391172,-13.168109894,1.379060149
159297601612,0.248346955,-0.167960271,-0.227584839,0.266953498,-13.140576363,1.435323954
159298862537,0.237699717,-0.163169011,-0.225721568,0.221463665,-13.115436554,1.436521053
159300123475,0.231577545,-0.167960271,-0.215606689,0.243011475,-13.085509300,1.405396461
159301384425,0.228117198,-0.161039561,-0.213743418,0.248996973,-13.073538780,1.417367458
159302645350,0.218002319,-0.154651210,-0.207621247,0.234631762,-13.017274857,1.434126854
159303906275,0.210016876,-0.158377752,-0.205757990,0.271741897,-12.999318123,1.452083349
159305167212,0.204959437,-0.154118851,-0.198837280,0.287304193,-12.950237274,1.474828243
159306428137,0.207355067,-0.149327591,-0.192981288,0.278924495,-12.890381813,1.525106549
159307689062,0.205757990,-0.145867243,-0.186060578,0.307654917,-12.847286224,1.483207941
159308950012,0.198038727,-0.141342163,-0.179406062,0.330399841,-12.826935768,1.487996340
159310210950,0.196175471,-0.142673060,-0.178873688,0.324414343,-12.728773117,1.477222443
159311471875,0.198571101,-0.140011251,-0.170888260,0.329202741,-12.650961876,1.476025343
159312732812,0.199103460,-0.143205434,-0.157313034,0.381875187,-12.710817337,1.480813742
159313993750,0.200168177,-0.138147995,-0.151989400,0.360327363,-12.627019882,1.456871748
159315254675,0.199901998,-0.136817083,-0.148529053,0.299275219,-12.591106415,1.514332533
159316515600,0.198571101,-0.132824361,-0.142406881,0.323217243,-12.623428345,1.464054346
159317776550,0.203096181,-0.135486171,-0.133356735,0.313640416,-12.568362236,1.508347034
159319037475,0.206290349,-0.128033102,-0.126702204,0.314837515,-12.522871971,1.461660147
159320298412,0.207355067,-0.125637472,-0.121910945,0.262165099,-12.539631844,1.522712350
159321559350,0.206290349,-0.129630193,-0.119249128,0.284909993,-12.549208641,1.539471745
159322820275,0.207355067,-0.121910945,-0.112328425,0.221463665,-12.510901451,1.550245643
159324081212,0.214009598,-0.122177124,-0.102745906,0.169988319,-12.532448769,1.582567334
159325342137,0.209484518,-0.122443303,-0.100882635,0.150834709,-12.509703636,1.572990537
159326603075,0.218002319,-0.121112399,-0.094228104,0.134075299,-12.527660370,1.552639842
159327864025,0.220397949,-0.118716769,-0.091033936,0.131681100,-12.522871971,1.600523829
159329124950,0.218800858,-0.116587318,-0.086508855,0.172382519,-12.501324654,1.610100627
159330385900,0.224390656,-0.116853498,-0.082782321,0.114921682,-12.545617104,1.620874524
159331646812,0.227584839,-0.112860784,-0.079321966,0.126892686,-12.577939034,1.588552833
159332907750,0.225455388,-0.113393143,-0.077458702,0.083797060,-12.573150635,1.586158633
159334168687,0.227851018,-0.105141535,-0.072401255,0.108936176,-12.575544357,1.563413739
159335429625,0.232376099,-0.107270978,-0.063351102,0.065840550,-12.561179161,1.653196335
159336690537,0.233973175,-0.105407715,-0.067077637,0.077811554,-12.538434029,1.663970232
159337951487,0.234505549,-0.105141535,-0.060955472,0.080205761,-12.567164421,1.662773132
159339212425,0.237965897,-0.096357554,-0.055099487,0.079008654,-12.607866287,1.681926727
159340473362,0.243821889,-0.096889921,-0.048444960,0.071826048,-12.589909554,1.701080322
159341734300,0.245418966,-0.096889921,-0.045783147,0.081402861,-12.593501091,1.693897724
159342995225,0.244354248,-0.093695745,-0.042322792,0.114921682,-12.598289490,1.741781712
159344256162,0.242490977,-0.092098661,-0.033804998,0.126892686,-12.600683212,1.748964310
159345517100,0.241160065,-0.089969210,-0.033804998,0.175973833,-12.589909554,1.753752708
159346778012,0.243555695,-0.092631020,-0.026085747,0.165199921,-12.570755959,1.754949808
159348038975,0.244620427,-0.088372126,-0.018898858,0.132878199,-12.558785439,1.768118024
159349299875,0.245152786,-0.088904485,-0.016503228,0.199915841,-12.540828705,1.750161409
159350560825,0.245418966,-0.091300115,-0.009582520,0.162805721,-12.546813965,1.763329506
159351821762,0.244088069,-0.085710309,-0.007453070,0.113724582,-12.494141579,1.707065821
159353082687,0.243821889,-0.086242676,0.001597087,0.203507140,-12.504915237,1.757344007
159354343637,0.243821889,-0.089969210,0.004258898,0.201112941,-12.500126839,1.770512223
159355604562,0.243555695,-0.089436844,0.008251614,0.208295554,-12.518083572,1.787271619
159356865512,0.239030629,-0.088904485,0.016503228,0.246602774,-12.465411186,1.715445518
159358126425,0.241692439,-0.093961924,0.021560669,0.286107093,-12.473791122,1.703474522
159359387362,0.239829168,-0.092098661,0.026884291,0.241814375,-12.485761642,1.717839718
159360648312,0.239562988,-0.089969210,0.033804998,0.275333196,-12.516886711,1.774103522
159361909225,0.232908458,-0.094760470,0.039660983,0.238223076,-12.449849129,1.738190413
159363170175,0.228383377,-0.095559016,0.044452243,0.240617275,-12.460622787,1.687912226
159364431087,0.226786286,-0.094760470,0.047114052,0.257376671,-12.477382660,1.698686123
159365692025,0.222793579,-0.099817909,0.050574407,0.272938997,-12.458229065,1.687912226
159366952962,0.215872869,-0.101148814,0.055898029,0.233434662,-12.466608047,1.728613615
159368213900,0.215074331,-0.097954646,0.060156927,0.204704240,-12.445060730,1.716642618
159369474837,0.211347789,-0.098753184,0.062286377,0.277727395,-12.452242851,1.722628117
159370735762,0.207887441,-0.102745906,0.069207087,0.197521642,-12.435483932,1.754949808
159371996712,0.201765269,-0.105141535,0.069473267,0.203507140,-12.400767326,1.774103522
159373257637,0.194844559,-0.107270978,0.073199801,0.259770900,-12.385205269,1.748964310
159374518562,0.190585658,-0.108335704,0.079854332,0.277727395,-12.369643211,1.735796213
159375779525,0.184729680,-0.112328425,0.082782321,0.284909993,-12.330139160,1.716642618
159377040437,0.182866409,-0.113659330,0.083580866,0.280121595,-12.306197166,1.765723825
159378301387,0.178075150,-0.114990234,0.085976496,0.269347697,-12.270283699,1.727416515
159379562300,0.171154439,-0.116321139,0.087041214,0.274136096,-12.225991249,1.760935307
159380823237,0.168758810,-0.118450589,0.088904485,0.316034615,-12.234371185,1.717839718
159382084187,0.160507202,-0.117652044,0.093429565,0.339976639,-12.182895660,1.789665818
159383345112,0.150924683,-0.121378578,0.095559016,0.320823044,-12.146982193,1.759738207
159384606050,0.149859950,-0.124306574,0.091033936,0.301669419,-12.160150528,1.807622313
159385866987,0.144536331,-0.123774208,0.093695745,0.318428814,-12.150573730,1.739387512
159387127900,0.140543625,-0.128033102,0.099817909,0.283712894,-12.078747749,1.798045516
159388388850,0.134421453,-0.127766922,0.098753184,0.310049117,-12.078747749,1.814804912
159389649775,0.132558182,-0.137881801,0.098487005,0.323217243,-12.042834282,1.838746905
159390910737,0.127766922,-0.140543625,0.094228104,0.317231715,-12.004527092,1.885433912
159392171650,0.121378578,-0.135219991,0.090235390,0.299275219,-12.015301704,1.827973008
159393432587,0.117385864,-0.136018544,0.087041214,0.247799873,-12.023680687,1.868674397
159394693512,0.112062238,-0.142140701,0.087041214,0.237025976,-11.974599838,1.844732404
159395954450,0.111796059,-0.144802511,0.079854332,0.226252064,-11.945869446,1.837549806
159397215387,0.110731333,-0.148529053,0.079321966,0.168791220,-11.920730591,1.872265697
159398476325,0.098487005,-0.148262873,0.078257240,0.191536143,-11.903970718,1.877054095
159399737250,0.097688459,-0.151457042,0.071868896,0.165199921,-11.859678268,1.918952703
159400998200,0.098220825,-0.149327591,0.063883461,0.132878199,-11.890802383,1.905784607
159402259125,0.095292829,-0.149859950,0.063084923,0.136469498,-11.845313072,1.860294700
159403520062,0.088105939,-0.151723221,0.056430392,0.136469498,-11.769895554,1.896207809
159404780987,0.081451416,-0.153852671,0.050840590,0.083797060,-11.801020622,1.891419411
159406041937,0.085444130,-0.155449763,0.046315510,0.087388359,-11.790246010,1.875856996
159407302862,0.083847046,-0.154917404,0.041790433,0.034715924,-11.811794281,1.941697598
159408563787,0.079854332,-0.157579213,0.031409368,0.003591303,-11.730391502,1.966836691
159409824725,0.081983775,-0.159442469,0.025553385,0.067037649,-11.644200325,1.997961283
159411085675,0.078257240,-0.158643931,0.023956299,-0.022744916,-11.690887451,2.012326479
159412346600,0.074530706,-0.155715942,0.017834133,0.033518825,-11.638214111,1.996764183
159413607525,0.075861610,-0.152521774,0.011179605,0.019153614,-11.608286858,1.977610588
159414868462,0.078257240,-0.156780660,0.002661811,0.016759412,-11.536460876,1.989581585
159416129400,0.075861610,-0.158111572,-0.002927992,0.023942018,-11.605893135,2.000355482
159417390337,0.074264526,-0.153852671,-0.012244331,0.023942018,-11.544840813,2.013523579
159418651275,0.073998347,-0.151723221,-0.019165039,-0.035913024,-11.537657738,2.021903276
159419912200,0.076127790,-0.157313034,-0.024488661,0.011971009,-11.510125160,2.012326479
159421173150,0.078789607,-0.160241023,-0.031941731,0.014365210,-11.518504143,2.068590403
159422434075,0.079055786,-0.158111572,-0.041524250,0.045489833,-11.498153687,2.043451071
159423695025,0.080652870,-0.154917404,-0.047380235,0.013168110,-11.483788490,2.117671490
159424955950,0.078523420,-0.157046840,-0.048977323,0.029927522,-11.495759964,2.082955599
159426216875,0.076127790,-0.155183583,-0.058826022,0.039504327,-11.420342445,2.132036686
159427477812,0.082516141,-0.149859950,-0.069739446,0.065840550,-11.420342445,2.157175779
159428738750,0.084379405,-0.147996694,-0.078523420,0.053869538,-11.397597313,2.142810583
159429999662,0.083048500,-0.150126144,-0.087573580,0.056263741,-11.350910187,2.152387381
159431260612,0.088638306,-0.153320312,-0.094760470,0.116118781,-11.340136528,2.201468468
159432521562,0.088638306,-0.154385030,-0.103012085,0.059855044,-11.311406136,2.149993181
159433782475,0.084911771,-0.148795232,-0.116587318,0.102950677,-11.275492668,2.194285870
159435043400,0.090767756,-0.150392324,-0.124838933,0.117315881,-11.250353813,2.183511972
159436304350,0.096357554,-0.145334885,-0.133622915,0.104147777,-11.200076103,2.154781580
159437565287,0.099285550,-0.143737793,-0.145068690,0.165199921,-11.185709953,2.110488892
159438826225,0.103810623,-0.140543625,-0.157046840,0.196324542,-11.130643845,2.166752577
159440087150,0.099817909,-0.144270152,-0.161305740,0.204704240,-11.158177376,2.153584480
159441348087,0.104875349,-0.142673060,-0.169024989,0.247799873,-11.143812180,2.152387381
159442609025,0.109932795,-0.144270152,-0.180736959,0.184353530,-11.101913452,2.209848166
159443869962,0.118716769,-0.139745072,-0.190319479,0.305260718,-11.075576782,2.214636564
159445130900,0.122177124,-0.133356735,-0.197772548,0.332794040,-11.046846390,2.213439465
159446391825,0.126169845,-0.133356735,-0.200966731,0.360327363,-11.030087471,2.276885748
159447652750,0.127500743,-0.134421453,-0.208685979,0.374692559,-11.051634789,2.215833664
159448913687,0.131227285,-0.132558182,-0.220131770,0.389057785,-10.991780281,2.262520552
159450174637,0.138680354,-0.128033102,-0.221995026,0.414196908,-11.006145477,2.296039343
159451435562,0.141874522,-0.125371292,-0.231577545,0.436941803,-10.978611946,2.252943754
159452696500,0.142939255,-0.124306574,-0.235037908,0.523133099,-10.983400345,2.250549555
159453957425,0.145334885,-0.117119685,-0.240893885,0.560243189,-10.955866814,2.258929253
159455218362,0.150924683,-0.117652044,-0.250742584,0.567425787,-10.984597206,2.276885748
159456479300,0.147730514,-0.117119685,-0.249677867,0.598550439,-10.928333282,2.305616140
159457740237,0.149593771,-0.113659330,-0.257663310,0.678756177,-10.905589104,2.293645144
159459001162,0.149327591,-0.111796059,-0.266713470,0.612915635,-10.873267174,2.297236443
159460262100,0.153054133,-0.105940074,-0.269641459,0.652419984,-10.851718903,2.279279947
159461523037,0.151723221,-0.104076810,-0.270706177,0.678756177,-10.828974724,2.251746655
159462783962,0.151989400,-0.108601883,-0.271504730,0.718260527,-10.770316124,2.347514868
159464044900,0.154917404,-0.104342990,-0.276828349,0.741005421,-10.680533409,2.251746655
159465305825,0.154118851,-0.092897199,-0.285346121,0.774524271,-10.698490143,2.262520552
159466566762,0.157579213,-0.095559016,-0.284813762,0.788889468,-10.687716484,2.298433542
159467827725,0.153054133,-0.093961924,-0.284813762,0.790086567,-10.667366028,2.246958256
159469088650,0.158111572,-0.088372126,-0.289338857,0.793677866,-10.649409294,2.226607561
159470349575,0.152521774,-0.085710309,-0.290137380,0.860715508,-10.602722168,2.269703150
159471610512,0.152787954,-0.082782321,-0.287741750,0.897825658,-10.565611839,2.248155355
159472871437,0.154385030,-0.079854332,-0.292266846,0.869095206,-10.554838181,2.183511972
159474132375,0.150658503,-0.074796885,-0.297324270,0.913387954,-10.564414978,2.191891670
159475393337,0.151190862,-0.071336530,-0.297590464,0.895431459,-10.497377396,2.189497471
159476654250,0.146665782,-0.067609996,-0.298389018,0.946906805,-10.528502464,2.183511972
159477915187,0.144270152,-0.066545270,-0.299986094,0.969651699,-10.465055466,2.145204782
159479176125,0.144802511,-0.061754014,-0.298655182,0.985213995,-10.443508148,2.175132275
159480437050,0.139212713,-0.060689289,-0.295727193,1.006761789,-10.469843864,2.179920673
159481697975,0.139212713,-0.059358384,-0.290935934,1.012747288,-10.443508148,2.114080191
159482958912,0.138946533,-0.053768583,-0.291734487,1.012747288,-10.462661743,2.051830769
159484219862,0.138147995,-0.049509682,-0.294928640,0.986411095,-10.437521935,2.073378801
159485480787,0.137881801,-0.046581693,-0.288540304,1.029506683,-10.485406876,2.069787502
159486741737,0.133889094,-0.040459525,-0.285079956,1.065419793,-10.493785858,2.056619167
159488002675,0.126436025,-0.038330078,-0.285079956,1.077390790,-10.573991776,2.088941097
159489263600,0.119781494,-0.038862441,-0.281353414,1.119289279,-10.539276123,2.031480074
159490524525,0.117918223,-0.033538818,-0.277360708,1.072602391,-10.539276123,2.064998865
159491785462,0.113393143,-0.027416652,-0.270173818,1.090558887,-10.612298965,2.029085875
159493046412,0.108069524,-0.028215196,-0.265914917,1.078587890,-10.653000832,2.029085875
159494307337,0.108335704,-0.028481377,-0.262188375,1.118092179,-10.668562889,1.997961283
159495568275,0.100084089,-0.021028306,-0.259260386,1.118092179,-10.722432137,1.987187386
159496829225,0.088638306,-0.014373779,-0.252073497,1.083376288,-10.785879135,1.987187386
159498090150,0.084379405,-0.013841417,-0.242757156,1.126471877,-10.796652794,1.981201887
159499351075,0.082782321,-0.008251614,-0.231577545,1.116895080,-10.817003250,1.999158382
159500612025,0.074796885,-0.002395630,-0.225721568,1.145625472,-10.851718903,1.982398987
159501872962,0.062818736,-0.000798543,-0.214541957,1.125274777,-10.901997566,1.993172884
159503133887,0.054567125,0.000000000,-0.207887441,1.216254473,-10.894814491,1.970427990
159504394812,0.047114052,0.007186890,-0.199369639,1.155202270,-10.909179688,2.013523579
159505655750,0.037531536,0.007186890,-0.191650391,1.193509579,-10.898406029,1.957259893
159506916687,0.030610826,0.014373779,-0.180204600,1.236605167,-10.955866814,1.957259893
159508177600,0.020229762,0.020495944,-0.169823542,1.224634171,-10.952276230,1.939303398
159509438550,0.006388346,0.022093032,-0.162104294,1.199495077,-10.921151161,1.972822189
159510699487,-0.001330905,0.025287203,-0.152787954,1.242590666,-10.872070312,1.945288897
159511960412,-0.010381063,0.028481377,-0.147198141,1.273715258,-10.867281914,1.994369984
159513221362,-0.020229762,0.031941731,-0.133889094,1.288080573,-10.874464035,1.945288897
159514482300,-0.032740276,0.037531536,-0.122709483,1.327584863,-10.834959984,1.950077295
159515743237,-0.041258071,0.039394803,-0.110997513,1.325190663,-10.785879135,1.953668594
159517004162,-0.047646414,0.040193345,-0.096889921,1.326387763,-10.748768806,1.909375906
159518265087,-0.058027480,0.044452243,-0.090501569,1.329979062,-10.691308022,1.914164305
159519526037,-0.071602717,0.045516968,-0.084645584,1.367089152,-10.688913345,1.924938202
159520786950,-0.078523420,0.050308228,-0.075063072,1.374271750,-10.635044098,1.917755604
159522047900,-0.092631020,0.052703857,-0.062552556,1.393425345,-10.554838181,1.880645394
159523308825,-0.096623734,0.057495117,-0.058826022,1.425747156,-10.575188637,1.896207809
159524569750,-0.105141535,0.058826022,-0.052703857,1.417367458,-10.520122528,1.842338204
159525830700,-0.116321139,0.055365667,-0.039394803,1.395819545,-10.437521935,1.884236693
159527091637,-0.118716769,0.060423110,-0.030078463,1.416170359,-10.381258965,1.799242616
159528352562,-0.125637472,0.059624564,-0.019697402,1.456871748,-10.304644585,1.820790410
159529613512,-0.137615621,0.060423110,-0.009316338,1.499967337,-10.248380661,1.790862918
159530874437,-0.145334885,0.063883461,-0.006920708,1.505952835,-10.169371605,1.774103522
159532135387,-0.153320312,0.065214366,0.003726535,1.492784739,-10.156203270,1.702277422
159533396312,-0.156514481,0.063617282,0.007719252,1.504755735,-10.093954086,1.696291924
159534657250,-0.162370473,0.064415827,0.018898858,1.504755735,-10.024522781,1.731007814
159535918187,-0.169557363,0.063883461,0.021826850,1.486799240,-10.020931244,1.696291924
159537179112,-0.177010432,0.065480553,0.029812282,1.499967337,-9.914389610,1.673547029
159538440062,-0.185262039,0.063883461,0.036466811,1.526303649,-9.916783333,1.665167332
159539701000,-0.191916570,0.067343816,0.044718422,1.531092048,-9.871294022,1.612494826
159540961912,-0.194046021,0.065746732,0.052437674,1.553836942,-9.792284966,1.643619537
159542222862,-0.199901998,0.064682007,0.052703857,1.495178938,-9.736021042,1.555034041
159543483775,-0.209484518,0.064149641,0.062286377,1.459265947,-9.668983459,1.581370234
159544744712,-0.213477239,0.065480553,0.065480553,1.466448545,-9.612719536,1.590947032
159546005650,-0.221995026,0.064948186,0.073199801,1.477222443,-9.593565941,1.575384736
159547266600,-0.227584839,0.064415827,0.075595431,1.444900751,-9.558850288,1.552639842
159548527525,-0.231045187,0.062286377,0.077991061,1.394622445,-9.487024307,1.545457244
159549788462,-0.235037908,0.065480553,0.081451416,1.410184860,-9.433155060,1.510741234
159551049400,-0.241160065,0.066012911,0.087307401,1.385045648,-9.396044731,1.519120932
159552310337,-0.243821889,0.066545270,0.083314680,1.389834046,-9.398438454,1.510741234
159553571262,-0.248879328,0.064682007,0.086775035,1.319205165,-9.324218750,1.472434044
159554832187,-0.251807302,0.062818736,0.095559016,1.321599364,-9.301473618,1.497573137
159556093125,-0.256332397,0.062286377,0.096623734,1.254561663,-9.234436035,1.478419542
159557354062,-0.260857463,0.062286377,0.097422279,1.261744261,-9.229647636,1.442506552
159558615012,-0.261389822,0.072401255,0.095559016,1.207874775,-9.198522568,1.483207941
159559875950,-0.266979635,0.066012911,0.098753184,1.159990788,-9.155426979,1.487996340
159561136875,-0.275231242,0.066279091,0.096091375,1.140837073,-9.179368973,1.446097851
159562397800,-0.281619608,0.063883461,0.097688459,1.058237195,-9.115922928,1.460463047
159563658750,-0.283749044,0.070005625,0.099551730,1.106121182,-9.094375610,1.434126854
159564919675,-0.286144674,0.075063072,0.099019364,1.029506683,-9.108740807,1.425747156
159566180625,-0.286144674,0.071336530,0.096889921,0.975637197,-9.081207275,1.450886250
159567441550,-0.293065399,0.069473267,0.097156100,0.972045898,-9.095572472,1.391031146
159568702487,-0.299986094,0.065480553,0.099285550,0.945709705,-9.016563416,1.477222443
159569963425,-0.298921376,0.065746732,0.095026650,0.922964752,-9.001001358,1.403002262
159571224350,-0.301317006,0.064682007,0.093429565,0.873883605,-9.011775017,1.358709455
159572485275,-0.308770061,0.066545270,0.097156100,0.836773515,-9.020154953,1.349132657
159573746212,-0.308770061,0.063883461,0.095026650,0.873883605,-8.968679428,1.352723956
159575007137,-0.315158427,0.064682007,0.095559016,0.818816960,-8.965087891,1.352723956
159576268087,-0.322079122,0.067609996,0.097156100,0.810437262,-8.942343712,1.347935557
159577529025,-0.325273305,0.064682007,0.099285550,0.763750374,-8.945934296,1.307234168
159578789962,-0.330330729,0.068674721,0.095026650,0.706289530,-8.993818283,1.288080573
159580050887,-0.332460195,0.070537992,0.098753184,0.712275028,-8.966285706,1.302445769
159581311825,-0.331661642,0.069739446,0.100084089,0.760159075,-9.011775017,1.308431268
159582572762,-0.339114726,0.070804171,0.100350276,0.691924274,-9.006986618,1.254561663
159583833687,-0.342042714,0.065480553,0.098487005,0.685938776,-9.050082207,1.175553083
159585094637,-0.343107432,0.062818736,0.110997513,0.640448987,-8.985439301,1.218648672
159586355587,-0.348164856,0.064415827,0.113126963,0.612915635,-9.046491623,1.236605167
159587616500,-0.356416494,0.064948186,0.113925509,0.617704034,-9.089587212,1.182735682
159588877437,-0.359876841,0.064682007,0.112328425,0.590170741,-9.119514465,1.133654475
159590138375,-0.365732819,0.064948186,0.115256414,0.536301196,-9.202114105,1.061828494
159591399287,-0.368128449,0.066811457,0.116853498,0.526724398,-9.221267700,1.122880578
159592660250,-0.372121155,0.063883461,0.118982948,0.521935999,-9.251195908,1.146822572
159593921175,-0.377178609,0.060689289,0.121910945,0.482431650,-9.271546364,1.143231273
159595182112,-0.383034587,0.060955472,0.127500743,0.514753342,-9.305065155,1.100135684
159596443062,-0.391020030,0.060423110,0.126436025,0.465672225,-9.326612473,1.067813993
159597703975,-0.401401103,0.060156927,0.128033102,0.403422982,-9.366117477,1.028309584
159598964925,-0.403796732,0.059624564,0.135219991,0.378283858,-9.357737541,1.097741485
159600225850,-0.412048340,0.058027480,0.136817083,0.412999809,-9.360131264,1.078587890
159601486787,-0.420033753,0.058559842,0.136550903,0.373495460,-9.396044731,1.039083600
159602747725,-0.426422119,0.059358384,0.141608343,0.344765037,-9.440337181,1.053448796
159604008650,-0.432544291,0.056962755,0.141342163,0.348356336,-9.433155060,1.063025594
159605269587,-0.441594422,0.055099487,0.142406881,0.348356336,-9.447520256,1.051054597
159606530525,-0.443990052,0.056430392,0.146399602,0.307654917,-9.440337181,1.045069098
159607791450,-0.455968201,0.055365667,0.151989400,0.312443316,-9.439140320,1.006761789
159609052387,-0.467147827,0.057495117,0.148529053,0.274136096,-9.429563522,0.960074902
159610313337,-0.469011098,0.057761297,0.147996694,0.265756398,-9.455899239,1.003170490
159611574275,-0.474334717,0.049775865,0.151190862,0.246602774,-9.459490776,0.968454599
159612835212,-0.484183401,0.054567125,0.154385030,0.240617275,-9.433155060,0.940921247
159614096150,-0.487909943,0.051639132,0.159176290,0.220266551,-9.437943459,0.968454599
159615357075,-0.497226298,0.053768583,0.159708664,0.219069451,-9.428366661,0.930147350
159616618012,-0.503082275,0.056430392,0.154651210,0.213083953,-9.403226852,0.903811157
159617878950,-0.506010234,0.049509682,0.159176290,0.158017308,-9.475052834,0.895431459
159619139875,-0.513729513,0.045783147,0.157046840,0.190339044,-9.430760384,0.926556051
159620400812,-0.525175273,0.052970037,0.153586492,0.138863698,-9.443928719,0.840364814
159621661750,-0.528369486,0.051905312,0.155982122,0.138863698,-9.421183586,0.816422760
159622922687,-0.532894552,0.048711140,0.159176290,0.158017308,-9.414001465,0.804451764
159624183625,-0.538750529,0.048711140,0.160507202,0.156820208,-9.419986725,0.811634362
159625444537,-0.541412354,0.046315510,0.164766103,0.113724582,-9.440337181,0.820014060
159626705500,-0.544074178,0.047912598,0.162104294,0.154426008,-9.415198326,0.792480767
159627966437,-0.550728679,0.046049330,0.160241023,0.136469498,-9.434351921,0.785298169
159629227362,-0.556850851,0.045250785,0.165032282,0.130484000,-9.402029991,0.786495268
159630488300,-0.558714092,0.044186063,0.164499924,0.141257897,-9.364919662,0.737414122
159631749225,-0.566433370,0.047912598,0.157313034,0.117315881,-9.362525940,0.799663365
159633010175,-0.568296611,0.044984605,0.157845393,0.102950677,-9.394847870,0.761356175
159634271100,-0.566965759,0.045516968,0.157313034,0.105344877,-9.417592049,0.760159075
159635532062,-0.573354065,0.045250785,0.157046840,0.088585466,-9.345766068,0.781706870
159636792962,-0.578677714,0.046315510,0.159974843,0.095768072,-9.331400871,0.785298169
159638053912,-0.582138062,0.045250785,0.156248301,0.083797060,-9.350554466,0.761356175
159639314837,-0.589591146,0.043121338,0.155715942,0.082599960,-9.303868294,0.737414122
159640575787,-0.588792562,0.044452243,0.153586492,0.093373865,-9.323021889,0.745793819
159641836712,-0.590123475,0.043919880,0.153852671,0.061052144,-9.321824074,0.749385118
159643097637,-0.588260233,0.044186063,0.155449763,0.100556470,-9.302670479,0.735019922
159644358600,-0.592252910,0.045250785,0.146665782,0.083797060,-9.273940086,0.720654726
159645619512,-0.596245646,0.043919880,0.141342163,0.081402861,-9.257181168,0.683544576
159646880462,-0.595713317,0.042855155,0.143205434,0.074220255,-9.264363289,0.732625723
159648141400,-0.599439800,0.044452243,0.144802511,0.017956512,-9.271546364,0.703895330
159649402312,-0.602367818,0.045250785,0.143205434,0.047884036,-9.238027573,0.705092430
159650663262,-0.603432536,0.045516968,0.145068690,0.038307227,-9.226056099,0.667982280
159651924200,-0.608223796,0.045516968,0.135219991,0.015562311,-9.179368973,0.693121374
159653185137,-0.607691467,0.049509682,0.134155273,-0.002394202,-9.142259598,0.661996782
159654446075,-0.603698730,0.049243502,0.133622915,-0.020350715,-9.181763649,0.660799682
159655707000,-0.605295837,0.051106770,0.133356735,-0.007182605,-9.127894402,0.657208383
159656967937,-0.605029643,0.047646414,0.127234563,-0.016759412,-9.139864922,0.706289530
159658228875,-0.605828166,0.052171495,0.120313853,-0.028730420,-9.120711327,0.650025785
159659489812,-0.603166342,0.053502399,0.119515315,0.008379706,-9.064447403,0.653617084
159660750750,-0.601835430,0.054300942,0.117385864,-0.023942018,-9.087192535,0.675164878
159662011675,-0.608489990,0.060955472,0.106472440,-0.040701430,-9.060856819,0.630872130
159663272600,-0.603432536,0.058559842,0.105673894,-0.019153614,-9.034520149,0.642843187
159664533562,-0.601036906,0.060689289,0.103278264,-0.019153614,-9.078812599,0.627280831
159665794487,-0.599705994,0.062020194,0.097688459,0.005985504,-9.027338028,0.592564940
159667055425,-0.598108947,0.066545270,0.096889921,-0.044292733,-8.997409821,0.623689532
159668316362,-0.592785299,0.068142362,0.091566294,0.016759412,-8.998606682,0.661996782
159669577287,-0.588260233,0.062818736,0.088904485,-0.029927522,-8.966285706,0.640448987
159670838250,-0.583202779,0.062552556,0.081983775,-0.013168110,-8.961497307,0.579396844
159672099175,-0.576015890,0.062020194,0.080386691,-0.038307227,-8.936357498,0.590170741
159673360087,-0.576282084,0.067077637,0.079588145,-0.001197101,-8.887276649,0.596156240
159674621025,-0.573620260,0.068142362,0.073199801,-0.014365210,-8.908824921,0.618901134
159675881962,-0.565102458,0.062286377,0.067343816,-0.087388359,-8.889671326,0.663193882
159677142900,-0.560843587,0.066012911,0.064415827,-0.002394202,-8.920795441,0.605733037
159678403825,-0.556318462,0.066811457,0.059890747,-0.014365210,-8.889671326,0.585382342
159679664775,-0.550994873,0.068142362,0.055898029,-0.073023155,-8.888473511,0.616506934
159680925712,-0.546735942,0.071868896,0.052171495,-0.022744916,-8.895656586,0.600944638
159682186650,-0.539815247,0.072933622,0.047380235,-0.067037649,-8.889671326,0.569819987
159683447587,-0.535023987,0.073199801,0.043919880,-0.067037649,-8.858546257,0.582988143
159684708525,-0.533959270,0.072401255,0.043387517,-0.039504327,-8.836998940,0.602141738
159685969450,-0.523312032,0.075861610,0.036466811,-0.005985504,-8.847772598,0.554257691
159687230387,-0.516657531,0.075595431,0.034603544,-0.016759412,-8.876502991,0.508767843
159688491325,-0.511866271,0.076127790,0.034337360,-0.011971009,-8.892065048,0.526724398
159689752250,-0.506010234,0.079854332,0.028215196,-0.040701430,-8.881291389,0.507570744
159691013200,-0.499888092,0.081185237,0.021826850,-0.016759412,-8.840589523,0.542286694
159692274137,-0.493233562,0.081983775,0.020229762,-0.050278235,-8.872911453,0.523133099
159693535062,-0.485248148,0.083580866,0.016503228,-0.019153614,-8.923190117,0.482431650
159694796000,-0.475133240,0.082782321,0.013309055,-0.026336219,-8.895656586,0.472854853
159696056925,-0.472471446,0.084911771,0.006920708,-0.044292733,-8.900444984,0.452504128
159697317862,-0.470608175,0.087573580,0.004258898,-0.034715924,-8.907627106,0.433350503
159698578800,-0.463421285,0.088638306,0.000532362,-0.071826048,-8.923190117,0.466869324
159699839737,-0.454104960,0.092364840,-0.002129449,-0.061052144,-8.984241486,0.447715729
159701100700,-0.447982788,0.093163386,-0.002129449,-0.013168110,-8.948328972,0.403422982
159702361612,-0.438932627,0.091832474,-0.008783977,0.000000000,-8.967482567,0.407014281
159703622550,-0.433076650,0.091832474,-0.013841417,-0.046686932,-9.002198219,0.490811348
159704883500,-0.424825013,0.093695745,-0.013575235,-0.047884036,-8.987833023,0.416591108
159706144425,-0.418702871,0.094494291,-0.016769409,-0.043095630,-9.045293808,0.411802709
159707405350,-0.415774882,0.092631020,-0.023157755,-0.041898530,-9.072827339,0.403422982
159708666300,-0.411515981,0.094494291,-0.023157755,-0.028730420,-9.096769333,0.428562105
159709927225,-0.400070190,0.102213539,-0.026618110,-0.009576807,-9.109937668,0.427365005
159711188175,-0.391818583,0.103012085,-0.030344645,-0.025139118,-9.155426979,0.426167905
159712449100,-0.387825847,0.101148814,-0.035402086,-0.050278235,-9.197325706,0.442927331
159713710050,-0.389422953,0.103012085,-0.042322792,-0.055066638,-9.196128845,0.426167905
159714970975,-0.375581533,0.102213539,-0.040193345,-0.022744916,-9.190143585,0.401028782
159716231900,-0.364668101,0.105673894,-0.038596258,-0.011971009,-9.239224434,0.403422982
159717492837,-0.357215017,0.104342990,-0.046315510,-0.002394202,-9.249998093,0.468066424
159718753775,-0.351359040,0.106472440,-0.048711140,-0.017956512,-9.271546364,0.445321530
159720014712,-0.344704509,0.106472440,-0.054833304,-0.015562311,-9.275137901,0.436941803
159721275650,-0.336985260,0.109932795,-0.056962755,0.053869538,-9.248801231,0.440533102
159722536587,-0.328999847,0.113659330,-0.058826022,0.057460841,-9.301473618,0.481234550
159723797537,-0.323410034,0.113925509,-0.054833304,0.052672438,-9.300276756,0.462080926
159725058450,-0.319417328,0.118184403,-0.061221652,0.038307227,-9.315838814,0.490811348
159726319400,-0.313827515,0.114990234,-0.064415827,0.099359371,-9.329007149,0.532709897
159727580325,-0.302115530,0.117918223,-0.070005625,0.090979666,-9.339780807,0.488417149
159728841275,-0.296791911,0.127766922,-0.066012911,0.111330383,-9.296685219,0.537498295
159730102187,-0.285878509,0.127500743,-0.062020194,0.082599960,-9.299079895,0.536301196
159731363137,-0.282151967,0.121378578,-0.067609996,0.167594120,-9.275137901,0.515950441
159732624075,-0.276828349,0.124572754,-0.076127790,0.687135875,-9.209297180,-0.021547815
159733885000,-0.268576711,0.125637472,-0.071602717,1.118092179,-9.057265282,-0.432153404
159735145950,-0.261389822,0.128565475,-0.087307401,1.142034173,-8.711302757,-0.168791220
159736406875,-0.248346955,0.125105113,-0.096091375,1.033097982,-8.348581314,0.083797060
159737667787,-0.232109919,0.120580032,-0.104342990,0.849941611,-8.081627846,0.480037451
159738928750,-0.211880147,0.112594604,-0.108601883,0.645237386,-7.916428089,0.864306808
159740189700,-0.191916570,0.103012085,-0.113126963,0.454898328,-7.904457092,0.997184992
159741450637,-0.169024989,0.094494291,-0.104875349,0.367509961,-8.054094315,0.932541549
159742711562,-0.142673060,0.088904485,-0.097422279,0.441730231,-8.482656479,0.616506934
159743972500,-0.131759644,0.084379405,-0.095559016,0.462080926,-8.804677010,0.311246216
159745233437,-0.115256414,0.083314680,-0.100350276,0.451307029,-9.076418877,0.161608621
159746494362,-0.107270978,0.084645584,-0.096623734,0.456095427,-9.380482674,0.082599960
159747755300,-0.104609169,0.088638306,-0.095292829,0.324414343,-9.526528358,0.144849211
159749016250,-0.102213539,0.093695745,-0.099551730,0.155623108,-9.591172218,0.349553436
159750277175,-0.105673894,0.093961924,-0.105673894,0.003591303,-9.630676270,0.568622887
159751538100,-0.103544444,0.100350276,-0.121378578,-0.102950677,-9.623494148,0.744596720
159752799050,-0.099019364,0.099551730,-0.125105113,-0.101753570,-9.618705750,0.661996782
159754059987,-0.096357554,0.097954646,-0.131493464,-0.032321725,-9.794679642,0.687135875
159755320925,-0.093695745,0.101414993,-0.132558182,0.470460624,-9.919178009,0.368707061
159756581850,-0.107004799,0.093163386,-0.134953812,1.709460020,-10.175356865,-1.244984865
159757842800,-0.123241849,0.085976496,-0.161305740,1.424550056,-8.656236649,-0.845153213
159759103725,-0.073998347,0.109666608,-0.197772548,1.024718285,-8.695740700,0.081402861
159760364675,-0.084379405,0.115256414,-0.173550069,0.526724398,-8.428787231,0.788889468
159761625600,-0.059624564,0.116054960,-0.164233729,-0.270544797,-8.540117264,1.217451572
159762886550,-0.035668265,0.105673894,-0.163701370,-0.350750566,-8.669404030,1.731007814
159764147462,-0.022625392,0.098220825,-0.156248301,-0.529118598,-8.981847763,1.799242616
159765408412,-0.006920708,0.093429565,-0.141608343,-0.353144765,-9.558850288,1.483207941
159766669350,0.000532362,0.087041214,-0.136817083,-0.013168110,-10.017339706,0.961272001
159767930287,-0.002129449,0.089703031,-0.134953812,0.221463665,-10.488997459,0.513556242
159769191225,-0.011711968,0.091566294,-0.135219991,0.457292527,-10.843339920,0.184353530
159770452137,-0.022359211,0.100882635,-0.143471614,0.577002585,-10.837353706,0.117315881
159771713087,-0.030344645,0.102479719,-0.155982122,0.700304031,-10.800244331,0.244208574
159772974025,-0.043387517,0.110465154,-0.154118851,0.675164878,-10.662577629,0.636857629
159774234950,-0.055365667,0.115522593,-0.155183583,0.575805485,-10.454281807,0.905008256
159775495900,-0.059890747,0.112062238,-0.156780660,0.508767843,-10.231620789,1.146822572
159776756837,-0.065746732,0.110731333,-0.153320312,0.602141738,-10.067618370,1.182735682
159778017775,-0.070804171,0.105407715,-0.153054133,0.875080705,-9.917980194,0.764947474
159779278712,-0.066545270,0.097156100,-0.149327591,1.079784989,-9.811438560,0.562637389
159780539650,-0.061221652,0.092897199,-0.144270152,1.169567585,-9.865307808,0.556651890
159781800575,-0.055898029,0.093429565,-0.140011251,1.027112484,-9.832986832,0.594959140
159783061525,-0.057495117,0.095559016,-0.133622915,0.854730010,-9.694122314,0.869095206
159784322450,-0.050308228,0.089969210,-0.129896373,0.852335811,-9.737218857,0.912190855
159785583375,-0.050840590,0.079588145,-0.125105113,0.922964752,-9.738415718,0.839167714
159786844312,-0.043919880,0.081185237,-0.127234563,1.017535686,-9.661801338,0.708683729
159788105262,-0.041258071,0.073732160,-0.122975662,0.974440098,-9.738415718,0.756567717
159789366200,-0.039927166,0.079055786,-0.116054960,0.942118347,-9.781511307,0.737414122
159790627112,-0.035135906,0.077458702,-0.112594604,0.861912608,-9.822212219,0.804451764
159791888075,-0.038330078,0.074530706,-0.112062238,0.809240162,-9.832986832,0.864306808
159793149000,-0.041258071,0.071868896,-0.117119685,0.815225661,-9.939528465,0.889445961
159794409937,-0.036999173,0.065746732,-0.114724055,0.709880829,-9.955090523,0.957680702
159795670875,-0.037265353,0.065746732,-0.116054960,0.688332975,-10.046070099,0.864306808
159796931800,-0.044186063,0.071336530,-0.120580032,0.721851826,-10.025719643,0.883460462
159798192737,-0.038596258,0.068408541,-0.122709483,0.788889468,-10.042479515,0.794874966
159799453687,-0.036999173,0.063351102,-0.121112399,0.745793819,-10.041281700,0.816422760
159800714612,-0.039394803,0.068674721,-0.120580032,0.678756177,-10.028114319,0.873883605
159801975550,-0.043653701,0.075063072,-0.125105113,0.647631586,-10.007762909,0.914585054
159803236500,-0.038862441,0.071336530,-0.122975662,0.665588081,-9.999383926,0.986411095
159804497412,-0.039394803,0.072135076,-0.122709483,0.627280831,-9.900024414,0.997184992
159805758337,-0.045250785,0.079321966,-0.125105113,0.626083732,-9.949105263,1.023521185
159807019300,-0.044186063,0.079321966,-0.123241849,0.551863492,-9.910798073,1.130063176
159808280225,-0.043919880,0.084645584,-0.119515315,0.539892495,-9.943120003,1.156399488
159809541162,-0.051106770,0.091566294,-0.120313853,0.548272192,-9.933543205,1.140837073
159810802112,-0.043653701,0.089436844,-0.121112399,0.578199744,-9.908403397,1.171961784
159812063050,-0.042056613,0.095559016,-0.118716769,0.580593944,-9.913191795,1.121683478
159813323987,-0.044452243,0.095825195,-0.115522593,0.566228688,-9.890447617,1.151610970
159814584912,-0.047114052,0.102745906,-0.111529879,0.530315697,-9.928754807,1.282095075
159815845862,-0.047646414,0.111796059,-0.108868070,0.506373644,-9.892841339,1.326387763
159817106787,-0.052437674,0.114191689,-0.112594604,0.480037451,-9.911994934,1.308431268
159818367725,-0.050840590,0.117119685,-0.107803345,0.494402647,-9.906009674,1.356315255
159819628687,-0.053236220,0.119515315,-0.105940074,0.438138902,-9.920374870,1.339555860
159820889587,-0.056430392,0.123508029,-0.102745906,0.446518630,-9.871294022,1.320402265
159822150537,-0.060423110,0.130162552,-0.104076810,0.375889659,-9.892841339,1.252167463
159823411462,-0.058293659,0.126702204,-0.110465154,0.439336002,-9.870096207,1.252167463
159824672412,-0.061221652,0.132558182,-0.104609169,0.501585245,-9.848548889,1.230619669
159825933337,-0.056696571,0.135486171,-0.102745906,0.492008448,-9.792284966,1.271321058
159827194275,-0.057495117,0.132824361,-0.100350276,0.489614248,-9.714473724,1.222239971
159828455225,-0.061754014,0.138680354,-0.098487005,0.506373644,-9.636661530,1.163582087
159829716150,-0.058027480,0.134953812,-0.102745906,0.586579442,-9.627084732,1.148019671
159830977100,-0.059890747,0.136550903,-0.096091375,0.548272192,-9.540893555,1.133654475
159832238025,-0.058293659,0.136018544,-0.092631020,0.577002585,-9.447520256,1.107318282
159833498975,-0.055365667,0.137083262,-0.093695745,0.606930137,-9.422380447,1.120486379
159834759900,-0.053502399,0.139212713,-0.095292829,0.667982280,-9.423578262,1.033097982
159836020837,-0.053502399,0.141075984,-0.098487005,0.659602582,-9.320627213,1.007958889
159837281775,-0.046315510,0.135752365,-0.099551730,0.738611221,-9.275137901,0.950498104
159838542700,-0.041258071,0.133090541,-0.096091375,0.791283667,-9.233239174,0.973242998
159839803637,-0.034869723,0.136018544,-0.096091375,0.806845963,-9.216479301,0.927753150
159841064612,-0.032474093,0.133090541,-0.090235390,0.821211219,-9.184157372,1.053448796
159842325512,-0.027416652,0.132824361,-0.088904485,0.814028561,-9.170989990,1.030703783
159843586450,-0.021826850,0.133356735,-0.091832474,0.815225661,-9.254786491,1.057040095
159844847387,-0.014639961,0.134155273,-0.087041214,0.778115571,-9.288305283,1.086967587
159846108325,-0.013575235,0.132025823,-0.091033936,0.794874966,-9.281123161,1.053448796
159847369275,-0.006920708,0.127234563,-0.089969210,0.808043063,-9.278728485,1.092953086
159848630187,0.000532362,0.126436025,-0.089969210,0.778115571,-9.376891136,1.109712481
159849891150,-0.000532362,0.131227285,-0.092897199,0.804451764,-9.403226852,1.120486379
159851152062,0.001064724,0.127500743,-0.093429565,0.774524271,-9.457097054,1.136048675
159852413000,0.006122165,0.126968384,-0.094760470,0.754173517,-9.542091370,1.155202270
159853673937,-0.000532362,0.123241849,-0.099285550,0.724246025,-9.578003883,1.175553083
159854934875,0.002927992,0.125105113,-0.101947360,0.773327172,-9.581595421,1.109712481
159856195800,0.007719252,0.125903651,-0.100616455,0.773327172,-9.683348656,1.126471877
159857456762,0.000532362,0.129097834,-0.101414993,0.750582218,-9.672574997,1.185129881
159858717675,-0.001597087,0.125371292,-0.108601883,0.690727174,-9.712079048,1.173158884
159859978612,-0.004258898,0.122443303,-0.103278264,0.612915635,-9.712079048,1.258152962
159861239562,-0.004258898,0.126436025,-0.099285550,0.603338838,-9.737218857,1.274912357
159862500512,-0.005323622,0.128033102,-0.108335704,0.585382342,-9.731232643,1.312022567
159863761450,-0.011445787,0.123774208,-0.117119685,0.656011283,-9.666589737,1.207874775
159865022375,-0.011978149,0.122177124,-0.110731333,0.761356175,-9.643844604,1.078587890
159866283312,-0.010913425,0.127234563,-0.111796059,0.726640224,-9.677363396,1.109712481
159867544237,-0.014906141,0.128565475,-0.116321139,0.748188019,-9.633070946,1.134851575
159868805175,-0.010114881,0.125371292,-0.110465154,0.762553275,-9.643844604,1.217451572
159870066125,-0.011711968,0.120846219,-0.109666608,0.651222885,-9.619902611,1.240196466
159871327075,-0.016237047,0.124306574,-0.115256414,0.711077929,-9.574412346,1.240196466
159872587987,-0.018366495,0.130961105,-0.117652044,0.773327172,-9.540893555,1.140837073
159873848912,-0.015438504,0.133090541,-0.122177124,0.812831461,-9.583989143,1.158793688
159875109875,-0.013309055,0.133889094,-0.118982948,0.782903969,-9.538499832,1.176750183
159876370800,-0.013841417,0.129364014,-0.120047674,0.731428623,-9.548076630,1.203086376
159877631737,-0.014639961,0.130428731,-0.118184403,0.720654726,-9.510966301,1.296460271
159878892662,-0.015172322,0.129630193,-0.117918223,0.657208383,-9.476250648,1.347935557
159880153612,-0.015438504,0.126702204,-0.121644758,0.685938776,-9.477447510,1.301248670
159881414562,-0.021294488,0.128299281,-0.129097834,0.782903969,-9.382876396,1.057040095
159882675487,-0.016503228,0.127766922,-0.126702204,0.821211219,-9.526528358,1.016338587
159883936412,-0.015172322,0.130162552,-0.127500743,0.733822823,-9.470264435,1.249773264
159885197350,-0.017834133,0.130961105,-0.127234563,0.667982280,-9.344569206,1.248576164
159886458287,-0.014906141,0.127500743,-0.129097834,0.673967779,-9.330204010,1.306037068
159887719225,-0.016769409,0.128831655,-0.138414174,0.742202520,-9.253589630,1.227028370
159888980162,-0.017035590,0.129630193,-0.140809804,0.764947474,-9.309853554,1.189918280
159890241125,-0.014906141,0.131493464,-0.136550903,0.741005421,-9.296685219,1.206677675
159891502037,-0.013575235,0.131759644,-0.138147995,0.719457626,-9.245209694,1.252167463
159892762987,-0.011978149,0.133356735,-0.141608343,0.761356175,-9.229647636,1.210268974
159894023912,-0.010913425,0.131227285,-0.148262873,0.803254664,-9.236829758,1.092953086
159895284850,-0.008251614,0.135219991,-0.147996694,0.806845963,-9.209297180,1.176750183
159896545787,-0.006122165,0.133889094,-0.148529053,0.814028561,-9.190143585,1.255758762
159897806725,-0.007186890,0.132292002,-0.150126144,0.847547412,-9.149441719,1.238999367
159899067662,-0.012510511,0.134687632,-0.155715942,0.871489406,-9.126696587,1.204283476
159900328587,-0.003194173,0.130961105,-0.153586492,0.930147350,-9.174580574,1.140837073
159901589525,-0.001863268,0.131759644,-0.153852671,1.033097982,-9.114726067,0.978031397
159902850475,0.001064724,0.137083262,-0.155449763,1.067813993,-9.001001358,1.096544385
159904111400,0.000798543,0.134421453,-0.164233729,0.982819796,-8.961497307,1.218648672
159905372325,0.000266181,0.128299281,-0.167960271,0.943315506,-8.817845345,1.315613866
159906633287,0.006654528,0.124838933,-0.168758810,0.878672004,-8.769961357,1.429338455
159907894200,0.013309055,0.124040388,-0.172219172,0.934935749,-8.791508675,1.301248670
159909155137,0.023157755,0.120846219,-0.173017710,0.976834297,-8.815450668,1.221042871
159910416087,0.024222480,0.119249128,-0.173550069,1.033097982,-8.896853447,1.159990788
159911677012,0.033538818,0.121112399,-0.166895539,1.019929886,-8.944737434,1.128866076
159912937962,0.039927166,0.121112399,-0.164233729,1.043871999,-9.027338028,1.139639974
159914198900,0.041790433,0.117119685,-0.169557363,1.022324085,-9.056068420,1.102529883
159915459825,0.042588975,0.115256414,-0.168758810,1.077390790,-9.121908188,1.103726983
159916720787,0.041790433,0.114457868,-0.168758810,1.089361787,-9.169792175,1.116895080
159917981712,0.043653701,0.115522593,-0.166097000,1.405396461,-8.907627106,0.854730010
159919242650,0.066012911,0.109666608,-0.148795232,1.648407936,-9.178172112,0.714669228
159920503575,0.079055786,0.115256414,-0.116587318,1.693897724,-9.563638687,0.806845963
159921764525,0.089170665,0.119515315,-0.085710309,1.812410712,-9.785102844,0.867898107
159923025450,0.092631020,0.117119685,-0.056164213,1.877054095,-10.028114319,0.931344450
159924286400,0.087041214,0.116054960,-0.033538818,1.747767210,-10.141838074,1.298854470
159925547325,0.076127790,0.116321139,-0.014906141,1.636436820,-10.174160004,1.533486247
159926808250,0.058826022,0.104076810,0.001863268,1.630451322,-10.176554680,1.477222443
159928069200,0.047380235,0.100084089,0.003726535,1.399410963,-9.967061996,1.795651317
159929330137,0.044186063,0.092364840,0.005323622,1.243787766,-9.809044838,2.023100376
159930591062,0.037797716,0.083314680,0.003992716,1.198297977,-9.838972092,1.939303398
159931852025,0.021294488,0.079321966,-0.004791260,1.115697980,-9.688137054,1.964442492
159933112950,0.018366495,0.070804171,-0.007985433,1.090558887,-9.603142738,1.792060018
159934373887,0.011445787,0.067876182,-0.015172322,1.224634171,-9.540893555,1.563413739
159935634825,0.001330905,0.063883461,-0.029812282,1.304839969,-9.512163162,1.285686374
159936895750,0.002129449,0.061487831,-0.039128620,1.333570361,-9.284714699,1.121683478
159938156700,0.000000000,0.061754014,-0.046847872,1.435323954,-9.002198219,1.171961784
159939417625,0.003460354,0.062552556,-0.050042044,1.496376038,-8.901641846,0.955286503
159940678550,0.008517795,0.065480553,-0.046581693,1.422155857,-8.762778282,1.118092179
159941939512,0.014107598,0.067077637,-0.036466811,1.394622445,-8.693346024,1.282095075
159943200450,0.023956299,0.061487831,-0.027949015,1.376665950,-8.698134422,1.120486379
159944461375,0.028747559,0.058559842,-0.025021022,1.429338455,-8.729259491,1.103726983
159945722312,0.040991887,0.066279091,-0.020495944,1.438915253,-8.799888611,1.011550188
159946983250,0.043653701,0.063084923,-0.017567953,1.371877551,-8.828619003,1.116895080
159948244200,0.049243502,0.060423110,-0.008251614,1.376665950,-8.910021782,1.318008065
159949505125,0.050574407,0.058027480,-0.002129449,1.525106549,-8.963891029,1.112106681
159950766050,0.059358384,0.059092201,-0.007453070,1.637633920,-9.144653320,0.992396593
159952027012,0.062552556,0.058826022,-0.001863268,1.741781712,-9.190143585,1.037886500
159953287925,0.062020194,0.056164213,-0.008783977,1.781286120,-9.224859238,1.005564690
159954548862,0.059358384,0.056164213,-0.008251614,1.587355733,-9.115922928,1.320402265
159955809800,0.066012911,0.052703857,-0.002927992,1.482010841,-9.220070839,1.555034041
159957070750,0.068408541,0.043653701,-0.002129449,1.376665950,-9.265561104,1.558625340
159958331675,0.066545270,0.037531536,-0.001863268,1.271321058,-9.306262016,1.637633920
159959592625,0.064682007,0.028481377,-0.006920708,1.318008065,-9.253589630,1.595735431
159960853550,0.060955472,0.021028306,-0.021294488,1.250970364,-9.291896820,1.574187636
159962114500,0.062020194,0.017834133,-0.028215196,1.323993564,-9.338583946,1.563413739
159963375437,0.059890747,0.011445787,-0.025553385,1.513135433,-9.354146004,1.262941360
159964636362,0.062552556,0.003726535,-0.021560669,1.619677424,-9.354146004,1.122880578
159965897300,0.064948186,-0.000532362,-0.026351929,1.557428241,-9.315838814,1.285686374
159967158237,0.060955472,-0.002129449,-0.027949015,1.594538331,-9.366117477,1.198297977
159968419187,0.062020194,-0.010381063,-0.027949015,1.683123827,-9.259574890,1.089361787
159969680112,0.063351102,-0.002129449,-0.027416652,1.588552833,-9.221267700,1.345541358
159970941037,0.066545270,-0.004258898,-0.027150471,1.466448545,-9.202114105,1.361103654
159972201975,0.067609996,-0.009848701,-0.019431220,1.422155857,-9.220070839,1.570596337
159973462912,0.071602717,-0.015438504,-0.015970865,1.302445769,-9.259574890,1.538274646
159974723862,0.070804171,-0.022625392,-0.014906141,1.350329757,-9.273940086,1.491587639
159975984787,0.068408541,-0.027416652,-0.018366495,1.338358760,-9.264363289,1.491587639
159977245725,0.071336530,-0.033272635,-0.017301772,1.247379065,-9.247604370,1.575384736
159978506662,0.071070351,-0.040193345,-0.026884291,1.247379065,-9.308656693,1.430535555
159979767600,0.070005625,-0.048711140,-0.032740276,1.215057373,-9.228450775,1.472434044
159981028562,0.071602717,-0.054034762,-0.039660983,1.258152962,-9.265561104,1.408987761
159982289500,0.072401255,-0.060156927,-0.049509682,1.146822572,-9.151836395,1.529894948
159983550412,0.065480553,-0.063084923,-0.053502399,1.198297977,-9.199720383,1.498770237
159984811362,0.059092201,-0.069739446,-0.067343816,1.271321058,-9.036914825,1.244984865
159986072287,0.065746732,-0.070804171,-0.077458702,1.256955862,-8.973467827,1.388636947
159987333237,0.067876182,-0.076393977,-0.082249962,1.261744261,-8.947132111,1.414973259
159988594175,0.070005625,-0.081983775,-0.091566294,1.369483352,-8.844181061,1.242590666
159989855100,0.074264526,-0.080652870,-0.096889921,1.407790661,-8.796297073,1.221042871
159991116062,0.080919050,-0.079055786,-0.098487005,1.393425345,-8.665813446,1.286883473
159992376975,0.084645584,-0.075063072,-0.104609169,1.436521053,-8.696937561,1.225831270
159993637912,0.091033936,-0.080386691,-0.101414993,1.420958757,-8.713697433,1.339555860
159994898850,0.099551730,-0.084379405,-0.100350276,1.448492050,-8.682572365,1.334767461
159996159800,0.105141535,-0.077991061,-0.100616455,1.443703651,-8.783128738,1.401805162
159997420712,0.113393143,-0.088904485,-0.100084089,1.401805162,-8.846575737,1.398213744
159998681650,0.112062238,-0.085710309,-0.099551730,1.371877551,-8.966285706,1.434126854
159999942600,0.115522593,-0.083048500,-0.097156100,1.392228246,-9.076418877,1.509544134
160001203537,0.117652044,-0.090501569,-0.098220825,1.331176162,-9.149441719,1.538274646
160002464487,0.121910945,-0.091300115,-0.096889921,1.316810966,-9.367314339,1.546654344
160003725412,0.121644758,-0.102213539,-0.086242676,1.278503776,-9.455899239,1.534683347
160004986362,0.115788773,-0.105673894,-0.087573580,1.246181965,-9.593565941,1.587355733
160006247275,0.114191689,-0.104342990,-0.083847046,1.243787766,-9.685743332,1.550245643
160007508225,0.114191689,-0.105940074,-0.077991061,1.212663174,-9.812635422,1.574187636
160008769162,0.103278264,-0.110198975,-0.073998347,1.193509579,-9.913191795,1.476025343
160010030087,0.097422279,-0.111796059,-0.068940900,1.241393566,-9.968258858,1.549048543
160011291025,0.094228104,-0.117918223,-0.064948186,1.206677675,-10.058041573,1.495178938
160012551962,0.087041214,-0.118450589,-0.057228934,1.130063176,-10.053253174,1.565807939
160013812900,0.081451416,-0.118184403,-0.049243502,1.162384987,-10.075998306,1.592144132
160015073850,0.071336530,-0.122709483,-0.046581693,1.154005170,-10.035296440,1.556231141
160016334787,0.059890747,-0.117652044,-0.040459525,1.144428372,-10.023325920,1.588552833
160017595712,0.054300942,-0.116321139,-0.032740276,1.181538582,-10.005369186,1.568202138
160018856625,0.052437674,-0.121112399,-0.023157755,1.200692177,-9.916783333,1.520318151
160020117587,0.050574407,-0.125371292,-0.018366495,1.266532660,-9.880870819,1.532289147
160021378537,0.038596258,-0.128299281,-0.012244331,1.325190663,-9.844957352,1.503558636
160022639475,0.035934448,-0.125903651,-0.005855984,1.295263171,-9.761160851,1.538274646
160023900400,0.035402086,-0.128831655,0.002661811,1.361103654,-9.692925453,1.514332533
160025161350,0.028747559,-0.135486171,0.006388346,1.407790661,-9.664195061,1.431732655
160026422287,0.026884291,-0.132292002,0.010913425,1.397016644,-9.606734276,1.434126854
160027683225,0.029279921,-0.133622915,0.022359211,1.392228246,-9.515754700,1.509544134
160028944162,0.023157755,-0.138680354,0.030344645,1.382651448,-9.546879768,1.493981838
160030205100,0.023157755,-0.145068690,0.031409368,1.429338455,-9.467870712,1.413776159
160031466012,0.028215196,-0.143205434,0.035402086,1.428141356,-9.441534042,1.440112352
160032726975,0.027416652,-0.149593771,0.038596258,1.404199362,-9.367314339,1.476025343
160033987912,0.027682833,-0.150924683,0.040459525,1.452083349,-9.321824074,1.448492050
160035248850,0.030877007,-0.154917404,0.043919880,1.413776159,-9.276334763,1.441309452
160036509775,0.030344645,-0.158910111,0.050042044,1.422155857,-9.278728485,1.448492050
160037770712,0.026618110,-0.161039561,0.046581693,1.403002262,-9.220070839,1.442506552
160039031650,0.030610826,-0.166629359,0.046847872,1.355118155,-9.191340446,1.474828243
160040292587,0.033272635,-0.167960271,0.047912598,1.371877551,-9.203310966,1.429338455
160041553525,0.037265353,-0.172219172,0.052171495,1.377863050,-9.184157372,1.426944256
160042814475,0.038862441,-0.178607509,0.050840590,1.298854470,-9.160215378,1.408987761
160044075387,0.033538818,-0.183132589,0.048444960,1.316810966,-9.151836395,1.479616642
160045336337,0.041524250,-0.183931142,0.051905312,1.253364563,-9.156624794,1.483207941
160046597275,0.041790433,-0.183664948,0.050042044,1.231816769,-9.220070839,1.504755735
160047858200,0.044984605,-0.182067871,0.047912598,1.237802267,-9.194931984,1.504755735
160049119150,0.045250785,-0.181003138,0.046049330,1.191115379,-9.217676163,1.531092048
160050380100,0.044452243,-0.186326772,0.046049330,1.116895080,-9.236829758,1.610100627
160051641012,0.047114052,-0.190851837,0.042855155,1.133654475,-9.252392769,1.565807939
160052901950,0.050840590,-0.192715108,0.043919880,1.048660398,-9.238027573,1.638831019
160054162900,0.050574407,-0.194578379,0.041790433,1.051054597,-9.313445091,1.629254222
160055423850,0.058027480,-0.192715108,0.040459525,0.991199493,-9.357737541,1.683123827
160056684775,0.052437674,-0.189520940,0.036200628,1.030703783,-9.403226852,1.654393435
160057945712,0.049243502,-0.186592951,0.031675551,1.009155989,-9.470264435,1.686715126
160059206650,0.051372953,-0.187391490,0.036999173,0.963666201,-9.460687637,1.669955730
160060467600,0.050308228,-0.182866409,0.035135906,0.976834297,-9.518149376,1.684320927
160061728525,0.049243502,-0.183664948,0.032740276,0.962469101,-9.566033363,1.668758631
160062989462,0.047380235,-0.180736959,0.033538818,1.007958889,-9.609128952,1.713051319
160064250412,0.044452243,-0.181801692,0.031143188,1.000776291,-9.613917351,1.679532528
160065511350,0.044186063,-0.178873688,0.038330078,0.956483603,-9.639056206,1.725022316
160066772287,0.042588975,-0.177010432,0.034337360,0.995987892,-9.628282547,1.667561531
160068033212,0.035135906,-0.172219172,0.027150471,0.974440098,-9.654618263,1.669955730
160069294175,0.040725708,-0.173017710,0.031409368,0.984016895,-9.670180321,1.701080322
160070555100,0.036732990,-0.172485352,0.036200628,1.004367590,-9.646238327,1.715445518
160071816025,0.033804998,-0.170355901,0.034869723,0.995987892,-9.683348656,1.727416515
160073076975,0.030078463,-0.164499924,0.032740276,0.970848799,-9.654618263,1.758541107
160074337912,0.027416652,-0.154385030,0.030610826,1.009155989,-9.673771858,1.748964310
160075598837,0.030078463,-0.154917404,0.033272635,1.011550188,-9.651026726,1.736993313
160076859775,0.028747559,-0.156780660,0.034337360,0.932541549,-9.648633003,1.764526725
160078120700,0.026884291,-0.150658503,0.035135906,0.943315506,-9.653421402,1.808819413
160079381662,0.022359211,-0.143737793,0.038063895,0.934935749,-9.654618263,1.786074519
160080642600,0.027949015,-0.145068690,0.031675551,0.948103905,-9.575610161,1.733402014
160081903537,0.025553385,-0.144003972,0.028747559,0.914585054,-9.551668167,1.771709323
160083164475,0.023423936,-0.140277430,0.031941731,0.924161851,-9.579200745,1.740584612
160084425412,0.019431220,-0.132824361,0.031941731,0.895431459,-9.586383820,1.741781712
160085686362,0.021826850,-0.126436025,0.025287203,0.913387954,-9.564835548,1.722628117
160086947275,0.025287203,-0.123241849,0.027150471,0.934935749,-9.554061890,1.654393435
160088208212,0.024222480,-0.117385864,0.032740276,0.945709705,-9.542091370,1.699883223
160089469162,0.027416652,-0.113659330,0.030344645,0.984016895,-9.502586365,1.659181833
160090730100,0.026351929,-0.105940074,0.029279921,0.969651699,-9.482235909,1.661576033
160091991037,0.026085747,-0.103278264,0.026351929,0.951695204,-9.461885452,1.653196335
160093251975,0.027416652,-0.100350276,0.027682833,0.932541549,-9.431957245,1.690306425
160094512900,0.030610826,-0.095026650,0.029279921,0.925358951,-9.460687637,1.747767210
160095773837,0.029279921,-0.092098661,0.025287203,0.870292306,-9.481039047,1.801636815
160097034787,0.033804998,-0.089436844,0.026351929,0.827196717,-9.510966301,1.826775908
160098295712,0.033006456,-0.085444130,0.029812282,0.849941611,-9.548076630,1.760935307
160099556662,0.031941731,-0.083314680,0.029546101,0.925358951,-9.494207382,1.687912226
160100817587,0.031675551,-0.081451416,0.029279921,0.958877802,-9.494207382,1.592144132
160102078550,0.029546101,-0.080652870,0.021560669,0.938527048,-9.460687637,1.602918029
160103339475,0.029812282,-0.076393977,0.019165039,0.946906805,-9.380482674,1.642422438
160104600425,0.024222480,-0.071070351,0.015704684,0.961272001,-9.379284859,1.605312228
160105861312,0.029279921,-0.076926336,0.017567953,0.966060400,-9.309853554,1.569399238
160107122287,0.032740276,-0.076660156,0.011711968,1.024718285,-9.245209694,1.470039845
160108383225,0.033538818,-0.081717595,0.009848701,1.063025594,-9.126696587,1.501164436
160109644162,0.040193345,-0.081717595,0.005855984,1.060631394,-9.044096947,1.511938334
160110905100,0.038862441,-0.081451416,0.002927992,1.066616893,-9.063250542,1.466448545
160112166025,0.047646414,-0.080919050,0.009050157,1.125274777,-8.980650902,1.452083349
160113427000,0.061487831,-0.080386691,0.002395630,1.140837073,-8.927978516,1.484405041
160114687900,0.064948186,-0.081983775,0.006920708,1.114500880,-8.975862503,1.538274646
160115948850,0.063883461,-0.083847046,0.008251614,1.049857497,-9.021351814,1.495178938
160117209775,0.069207087,-0.085710309,0.007453070,1.067813993,-8.969876289,1.492784739
160118470725,0.079588145,-0.089703031,0.009050157,1.130063176,-9.100360870,1.478419542
160119731675,0.083314680,-0.088105939,0.014107598,1.131260276,-9.173383713,1.365892053
160120992600,0.092364840,-0.087041214,0.008251614,1.138442874,-9.151836395,1.410184860
160122253550,0.090501569,-0.092897199,0.005057441,1.148019671,-9.176975250,1.514332533
160123514487,0.092631020,-0.091300115,0.007719252,1.073799491,-9.238027573,1.538274646
160124775412,0.101681180,-0.086508855,0.010647244,0.980425596,-9.283516884,1.665167332
160126036362,0.099285550,-0.083847046,0.011179605,0.990002394,-9.421183586,1.669955730
160127297275,0.097156100,-0.084113225,0.017301772,0.961272001,-9.496601105,1.687912226
160128558237,0.098753184,-0.081451416,0.013841417,0.958877802,-9.564835548,1.714248419
160129819150,0.099817909,-0.072933622,0.013575235,0.970848799,-9.672574997,1.640028119
160131080100,0.097156100,-0.075329252,0.011978149,0.927753150,-9.715670586,1.787271619
160132341050,0.094760470,-0.075329252,0.010114881,0.933738649,-9.786299706,1.805228114
160133601975,0.090501569,-0.068142362,0.013309055,0.980425596,-9.827000618,1.685518026
160134862900,0.086775035,-0.066012911,0.011978149,1.063025594,-9.870096207,1.723825216
160136123850,0.084379405,-0.067343816,0.010913425,1.096544385,-9.898826599,1.661576033
160137384800,0.075063072,-0.060955472,0.009316338,1.161187887,-9.810241699,1.572990537
160138645712,0.071070351,-0.064682007,0.005855984,1.229422569,-9.756372452,1.581370234
160139906662,0.069739446,-0.063084923,0.007186890,1.241393566,-9.779116631,1.594538331
160141167600,0.072667442,-0.064948186,0.007985433,1.210268974,-9.720458984,1.677138329
160142428525,0.069207087,-0.063883461,0.007985433,1.154005170,-9.677363396,1.661576033
160143689462,0.065480553,-0.062020194,0.010913425,1.197100878,-9.594763756,1.692700624
160144950412,0.069739446,-0.063351102,0.014639961,1.203086376,-9.594763756,1.731007814
160146211350,0.072135076,-0.064948186,0.006388346,1.213860273,-9.579200745,1.690306425
160147472287,0.068674721,-0.063351102,0.008517795,1.211466074,-9.574412346,1.764526725
160148733225,0.066545270,-0.063351102,0.007186890,1.167173386,-9.550470352,1.723825216
160149994175,0.069739446,-0.060955472,0.005855984,1.185129881,-9.556456566,1.659181833
160151255112,0.068408541,-0.062020194,0.007453070,1.154005170,-9.531316757,1.714248419
160152516037,0.071868896,-0.059890747,0.011445787,1.180341482,-9.525331497,1.726219416
160153776987,0.072135076,-0.054034762,0.006654528,1.195903778,-9.526528358,1.738190413
160155037912,0.074796885,-0.051905312,0.006122165,1.192312479,-9.482235909,1.772906423
160156298850,0.071602717,-0.050840590,0.000798543,1.188721180,-9.519346237,1.714248419
160157559787,0.073199801,-0.052437674,-0.003726535,1.189918280,-9.522937775,1.762132406
160158820725,0.075329252,-0.048977323,-0.001863268,1.204283476,-9.500192642,1.753752708
160160081675,0.077192515,-0.047380235,-0.001863268,1.131260276,-9.498995781,1.745373011
160161342612,0.078523420,-0.042855155,-0.003460354,1.146822572,-9.487024307,1.780089021
160162603550,0.079321966,-0.040991887,-0.004258898,1.149216771,-9.521739960,1.769315124
160163864487,0.082249962,-0.043653701,-0.001597087,1.140837073,-9.525331497,1.764526725
160165125425,0.083847046,-0.042322792,-0.005589803,1.163582087,-9.560047150,1.812410712
160166386362,0.082249962,-0.041790433,-0.009050157,1.131260276,-9.564835548,1.782483220
160167647312,0.082516141,-0.038330078,-0.011711968,1.130063176,-9.537302971,1.799242616
160168908225,0.083580866,-0.037797716,-0.013841417,1.104924083,-9.550470352,1.833958507
160170169175,0.084645584,-0.040193345,-0.015970865,1.177947283,-9.560047150,1.801636815
160171430125,0.084911771,-0.038596258,-0.018100314,1.116895080,-9.563638687,1.816002011
160172691050,0.084645584,-0.033804998,-0.022359211,1.158793688,-9.539696693,1.817199111
160173951987,0.087573580,-0.027416652,-0.028747559,1.157596588,-9.564835548,1.813607812
160175212937,0.086242676,-0.032474093,-0.029279921,1.169567585,-9.494207382,1.769315124
160176473862,0.076393977,-0.031409368,-0.035402086,1.206677675,-9.507374763,1.832761407
160177734812,0.082516141,-0.030877007,-0.036999173,1.222239971,-9.446322441,1.762132406
160178995737,0.089170665,-0.031941731,-0.035934448,1.183932781,-9.475052834,1.786074519
160180256675,0.087041214,-0.028215196,-0.040725708,1.228225470,-9.440337181,1.778891921
160181517612,0.090501569,-0.029279921,-0.039927166,1.294066072,-9.451110840,1.753752708
160182778550,0.087041214,-0.033006456,-0.036466811,1.318008065,-9.414001465,1.753752708
160184039500,0.085976496,-0.032207914,-0.043919880,1.368286252,-9.431957245,1.713051319
160185300437,0.096623734,-0.031941731,-0.045783147,1.331176162,-9.379284859,1.691503525
160186561387,0.097422279,-0.032207914,-0.047912598,1.301248670,-9.342175484,1.695094824
160187822312,0.094760470,-0.030344645,-0.047646414,1.364694953,-9.361329079,1.715445518
160189083237,0.095825195,-0.032474093,-0.045250785,1.326387763,-9.344569206,1.734599113
160190344187,0.100350276,-0.036466811,-0.047912598,1.319205165,-9.320627213,1.690306425
160191605125,0.102479719,-0.034071181,-0.047646414,1.321599364,-9.309853554,1.742978811
160192866062,0.106738620,-0.035402086,-0.048178777,1.284489274,-9.340977669,1.714248419
160194127000,0.108335704,-0.037531536,-0.050308228,1.258152962,-9.358934402,1.690306425
160195387950,0.112062238,-0.031675551,-0.052171495,1.237802267,-9.366117477,1.759738207
160196648875,0.109666608,-0.030078463,-0.055365667,1.227028370,-9.411606789,1.792060018
160197909800,0.113126963,-0.031941731,-0.050574407,1.262941360,-9.415198326,1.763329506
160199170762,0.115788773,-0.032740276,-0.045783147,1.179144382,-9.465476036,1.734599113
160200431700,0.109666608,-0.035934448,-0.051372953,1.231816769,-9.514557838,1.796848416
160201692637,0.112594604,-0.036466811,-0.051905312,1.193509579,-9.532514572,1.729810715
160202953562,0.116587318,-0.035402086,-0.047912598,1.170764685,-9.574412346,1.716642618
160204214500,0.114724055,-0.031675551,-0.049243502,1.193509579,-9.579200745,1.764526725
160205475437,0.112328425,-0.038596258,-0.047912598,1.195903778,-9.616311073,1.677138329
160206736387,0.106738620,-0.033804998,-0.052171495,1.212663174,-9.654618263,1.719036818
160207997325,0.108868070,-0.032474093,-0.054833304,1.248576164,-9.641449928,1.762132406
160209258262,0.109134249,-0.029546101,-0.053502399,1.221042871,-9.593565941,1.691503525
160210519212,0.109400429,-0.029279921,-0.051106770,1.255758762,-9.519346237,1.696291924
160211780150,0.105407715,-0.030877007,-0.054300942,1.233013868,-9.619902611,1.679532528
160213041075,0.101148814,-0.030610826,-0.053502399,1.212663174,-9.578003883,1.720233917
160214302025,0.099019364,-0.031143188,-0.056164213,1.262941360,-9.572018623,1.674744129
160215562950,0.098220825,-0.029812282,-0.056164213,1.280897975,-9.557653427,1.671152830
160216823912,0.099551730,-0.033006456,-0.055099487,1.254561663,-9.548076630,1.708262920
160218084812,0.103012085,-0.033006456,-0.056696571,1.233013868,-9.605537415,1.704671621
160219345762,0.100616455,-0.025553385,-0.057761297,1.238999367,-9.579200745,1.748964310
160220606687,0.103278264,-0.030078463,-0.061487831,1.236605167,-9.619902611,1.745373011
160221867637,0.104609169,-0.031941731,-0.061754014,1.222239971,-9.600749016,1.685518026
160223128575,0.096889921,-0.031409368,-0.062818736,1.285686374,-9.654618263,1.678335428
160224389512,0.096091375,-0.028481377,-0.063883461,1.200692177,-9.655815125,1.684320927
160225650437,0.101414993,-0.027682833,-0.068940900,1.252167463,-9.637859344,1.675941229
160226911400,0.096623734,-0.027949015,-0.065746732,1.240196466,-9.688137054,1.672349930
160228172325,0.098220825,-0.033272635,-0.062020194,1.261744261,-9.712079048,1.699883223
160229433262,0.094760470,-0.033804998,-0.068408541,1.233013868,-9.736021042,1.675941229
160230694200,0.093695745,-0.032740276,-0.071602717,1.183932781,-9.740809441,1.690306425
160231955150,0.095292829,-0.030610826,-0.071070351,1.209071875,-9.769539833,1.684320927
160233216075,0.093961924,-0.028215196,-0.072933622,1.209071875,-9.769539833,1.677138329
160234477025,0.087041214,-0.031941731,-0.070271812,1.217451572,-9.765949249,1.747767210
160235737962,0.089170665,-0.030078463,-0.067609996,1.225831270,-9.730035782,1.735796213
160236998900,0.084113225,-0.028747559,-0.072933622,1.248576164,-9.732430458,1.666364431
160238259825,0.084911771,-0.031675551,-0.072135076,1.290474772,-9.700108528,1.704671621
160239520787,0.084645584,-0.031143188,-0.073998347,1.219845772,-9.715670586,1.715445518
160240781725,0.075861610,-0.027416652,-0.076127790,1.267729759,-9.697713852,1.753752708
160242042662,0.073199801,-0.029279921,-0.077458702,1.219845772,-9.654618263,1.750161409
160243303587,0.077458702,-0.030610826,-0.083314680,1.223437071,-9.629479408,1.750161409
160244564537,0.076127790,-0.029013740,-0.081717595,1.213860273,-9.581595421,1.734599113
160245825475,0.072667442,-0.027682833,-0.079854332,1.271321058,-9.550470352,1.758541107
160247086412,0.074530706,-0.025287203,-0.086508855,1.236605167,-9.538499832,1.745373011
160248347337,0.067609996,-0.025553385,-0.081983775,1.261744261,-9.485827446,1.759738207
160249608287,0.067876182,-0.025553385,-0.084911771,1.240196466,-9.441534042,1.802833915
160250869212,0.070005625,-0.025819566,-0.082782321,1.223437071,-9.428366661,1.732204914
160252130150,0.069207087,-0.022625392,-0.081451416,1.258152962,-9.402029991,1.736993313
160253391100,0.066012911,-0.021560669,-0.078257240,1.309628367,-9.422380447,1.726219416
160254652037,0.071602717,-0.020229762,-0.080919050,1.291671872,-9.422380447,1.665167332
160255912962,0.075329252,-0.018898858,-0.083314680,1.241393566,-9.378087997,1.736993313
160257173912,0.073732160,-0.022093032,-0.078789607,1.283292174,-9.388861656,1.721431017
160258434850,0.077991061,-0.021294488,-0.075063072,1.224634171,-9.416395187,1.695094824
160259695787,0.077991061,-0.020495944,-0.069739446,1.209071875,-9.423578262,1.739387512
160260956725,0.079588145,-0.017567953,-0.070804171,1.215057373,-9.467870712,1.790862918
160262217675,0.077991061,-0.015970865,-0.070271812,1.207874775,-9.491812706,1.738190413
160263478612,0.083314680,-0.016769409,-0.067343816,1.200692177,-9.509769440,1.731007814
160264739562,0.081717595,-0.013042874,-0.067343816,1.234210968,-9.543288231,1.753752708
160266000487,0.086242676,-0.015970865,-0.064682007,1.242590666,-9.583989143,1.760935307
160267261425,0.082516141,-0.014107598,-0.062286377,1.197100878,-9.592369080,1.777694821
160268522350,0.084113225,-0.013575235,-0.058293659,1.247379065,-9.633070946,1.734599113
160269783300,0.086775035,-0.013309055,-0.053768583,1.241393566,-9.611522675,1.758541107
160271044237,0.085710309,-0.012244331,-0.057495117,1.234210968,-9.637859344,1.789665818
160272305175,0.085444130,-0.012510511,-0.054300942,1.228225470,-9.646238327,1.789665818
160273566112,0.083048500,-0.011711968,-0.056164213,1.227028370,-9.654618263,1.768118024
160274827050,0.082516141,-0.006654528,-0.054567125,1.231816769,-9.672574997,1.826775908
160276087987,0.082516141,-0.009848701,-0.051106770,1.302445769,-9.682151794,1.816002011
160277348925,0.082782321,-0.004525078,-0.046581693,1.285686374,-9.719262123,1.802833915
160278609887,0.083847046,0.000000000,-0.047114052,1.274912357,-9.731232643,1.813607812
160279870800,0.085710309,-0.005855984,-0.046581693,1.300051570,-9.742007256,1.784877419
160281131737,0.083314680,-0.005323622,-0.037797716,1.313219666,-9.736021042,1.780089021
160282392687,0.081451416,0.001064724,-0.040725708,1.300051570,-9.696516991,1.820790410
160283653637,0.078257240,0.002129449,-0.036999173,1.328781962,-9.716867447,1.863885999
160284914550,0.080386691,0.003460354,-0.033538818,1.284489274,-9.738415718,1.849520802
160286175500,0.083048500,0.003460354,-0.029013740,1.276109457,-9.732430458,1.889025211
160287436450,0.078789607,0.002927992,-0.023690118,1.258152962,-9.756372452,1.890222311
160288697375,0.074796885,0.006122165,-0.023423936,1.230619669,-9.817423820,1.895010710
160289958312,0.070271812,0.007719252,-0.021826850,1.238999367,-9.819818497,1.903390408
160291219250,0.069473267,0.009582520,-0.018632676,1.258152962,-9.810241699,1.873462796
160292480200,0.072401255,0.011179605,-0.017834133,1.195903778,-9.809044838,1.908178806
160293741125,0.069207087,0.011179605,-0.019165039,1.247379065,-9.856928825,1.908178806
160295002075,0.059890747,0.009582520,-0.015172322,1.197100878,-9.830592155,1.903390408
160296263012,0.056696571,0.014639961,-0.011445787,1.182735682,-9.831789017,1.889025211
160297523950,0.055898029,0.017834133,-0.011978149,1.183932781,-9.730035782,1.928529501
160298784912,0.052437674,0.022359211,-0.011445787,1.161187887,-9.737218857,1.926135302
160300045825,0.048444960,0.023956299,-0.009316338,1.198297977,-9.747992516,1.951274395
160301306775,0.047114052,0.025287203,-0.009582520,1.158793688,-9.654618263,1.890222311
160302567700,0.042855155,0.028481377,-0.009316338,1.235408068,-9.646238327,1.806425214
160303828637,0.043387517,0.032474093,-0.005855984,1.259350061,-9.616311073,1.796848416
160305089562,0.042322792,0.033804998,-0.008783977,1.329979062,-9.557653427,1.810016513
160306350512,0.041258071,0.031941731,-0.012244331,1.309628367,-9.487024307,1.792060018
160307611450,0.041524250,0.032474093,-0.012244331,1.301248670,-9.439140320,1.825578809
160308872375,0.040991887,0.031409368,-0.008517795,1.303642869,-9.366117477,1.799242616
160310133325,0.046581693,0.031941731,-0.006654528,1.388636947,-9.345766068,1.789665818
160311394275,0.046847872,0.027150471,-0.008783977,1.344344258,-9.305065155,1.795651317
160312655212,0.045516968,0.028215196,-0.004258898,1.326387763,-9.301473618,1.813607812
160313916137,0.046581693,0.032474093,-0.008251614,1.320402265,-9.315838814,1.817199111
160315177075,0.044186063,0.033538818,-0.004791260,1.374271750,-9.362525940,1.788468719
160316438000,0.048444960,0.032207914,-0.003460354,1.355118155,-9.342175484,1.774103522
160317698950,0.050042044,0.027682833,-0.004258898,1.362300754,-9.378087997,1.750161409
160318959887,0.048178777,0.034869723,-0.002129449,1.395819545,-9.379284859,1.729810715
160320220837,0.050840590,0.032207914,-0.000532362,1.371877551,-9.400833130,1.748964310
160321481762,0.053768583,0.030344645,0.002129449,1.367089152,-9.482235909,1.740584612
160322742712,0.054034762,0.031143188,-0.004791260,1.349132657,-9.445125580,1.746570110
160324003662,0.051372953,0.028215196,-0.002129449,1.313219666,-9.398438454,1.820790410
160325264587,0.047646414,0.025819566,-0.000532362,1.308431268,-9.469067574,1.859097600
160326525512,0.047380235,0.021560669,0.002129449,1.377863050,-9.514557838,1.857900500
160327786475,0.045250785,0.022359211,0.005589803,1.405396461,-9.509769440,1.788468719
160329047400,0.044718422,0.023956299,0.002661811,1.368286252,-9.524134636,1.820790410
160330308350,0.046315510,0.021028306,0.002395630,1.358709455,-9.564835548,1.823184609
160331569287,0.041790433,0.025553385,0.002129449,1.314416766,-9.539696693,1.838746905
160332830237,0.041258071,0.021560669,0.006654528,1.349132657,-9.588777542,1.823184609
160334091162,0.037531536,0.025021022,0.003194173,1.350329757,-9.576807022,1.799242616
160335352112,0.038063895,0.025021022,0.005589803,1.416170359,-9.601945877,1.861491799
160336613050,0.041790433,0.025819566,0.004791260,1.441309452,-9.637859344,1.835155606
160337873975,0.036999173,0.025819566,0.007186890,1.471236944,-9.637859344,1.780089021
160339134912,0.032207914,0.026085747,0.003726535,1.449689150,-9.607931137,1.799242616
160340395862,0.038862441,0.022891574,0.012776692,1.434126854,-9.594763756,1.855506301
160341656787,0.035668265,0.025287203,0.018632676,1.450886250,-9.605537415,1.884236693
160342917725,0.034071181,0.019431220,0.015172322,1.417367458,-9.556456566,1.883039594
160344178675,0.032207914,0.021826850,0.016503228,1.408987761,-9.579200745,1.867477298
160345439600,0.029013740,0.021294488,0.018632676,1.428141356,-9.593565941,1.853112102
160346700575,0.025021022,0.018632676,0.019431220,1.392228246,-9.647436142,1.867477298
160347961487,0.024754841,0.017301772,0.022891574,1.391031146,-9.625887871,1.848323703
160349222425,0.023157755,0.018632676,0.022093032,1.395819545,-9.636661530,1.861491799
160350483387,0.025819566,0.020495944,0.026351929,1.458068848,-9.668983459,1.788468719
160351744312,0.020229762,0.019963583,0.028215196,1.434126854,-9.655815125,1.764526725
160353005262,0.020762125,0.021028306,0.029546101,1.438915253,-9.615114212,1.795651317
160354266175,0.022359211,0.025553385,0.036732990,1.493981838,-9.660603523,1.792060018
160355527125,0.017035590,0.024754841,0.030344645,1.486799240,-9.637859344,1.792060018
160356788062,0.016237047,0.022625392,0.036200628,1.434126854,-9.603142738,1.902193308
160358049000,0.013841417,0.016769409,0.033804998,1.332373261,-9.621099472,1.969230890
160359309937,0.008251614,0.015172322,0.042588975,1.382651448,-9.594763756,1.924938202
160360570887,0.006920708,0.021826850,0.043653701,1.361103654,-9.661801338,1.950077295
160361831812,0.004258898,0.029812282,0.041258071,1.380257249,-9.636661530,1.908178806
160363092750,0.003194173,0.028481377,0.038596258,1.388636947,-9.659406662,1.832761407
160364353700,0.000798543,0.029013740,0.039660983,1.419761658,-9.694122314,1.787271619
160365614637,0.000532362,0.026618110,0.040991887,1.437718153,-9.609128952,1.763329506
160366875562,-0.004791260,0.026085747,0.035668265,1.395819545,-9.610325813,1.768118024
160368136525,-0.005323622,0.031675551,0.037531536,1.400608063,-9.570821762,1.780089021
160369397450,-0.009050157,0.030344645,0.033272635,1.371877551,-9.489418983,1.855506301
160370658387,-0.008251614,0.025553385,0.030078463,1.359906554,-9.482235909,1.889025211
160371919350,-0.006654528,0.026884291,0.033804998,1.374271750,-9.501389503,1.891419411
160373180275,-0.008783977,0.029279921,0.035668265,1.332373261,-9.479841232,1.832761407
160374441212,-0.008783977,0.029013740,0.031675551,1.361103654,-9.483432770,1.831564307
160375702137,-0.006920708,0.026085747,0.027682833,1.338358760,-9.487024307,1.788468719
160376963087,-0.011179605,0.026884291,0.028215196,1.329979062,-9.503784180,1.819593310
160378224025,-0.013042874,0.025553385,0.032207914,1.329979062,-9.510966301,1.808819413
160379484962,-0.009848701,0.023157755,0.026618110,1.333570361,-9.470264435,1.741781712
160380745887,-0.013841417,0.022625392,0.029546101,1.365892053,-9.491812706,1.720233917
160382006837,-0.022891574,0.026085747,0.022891574,1.328781962,-9.471462250,1.747767210
160383267800,-0.021294488,0.026351929,0.020762125,1.340752959,-9.488221169,1.792060018
160384528725,-0.022359211,0.029279921,0.024754841,1.313219666,-9.469067574,1.789665818
160385789662,-0.019431220,0.029546101,0.023157755,1.351526856,-9.467870712,1.816002011
160387050600,-0.014107598,0.026351929,0.018100314,1.323993564,-9.498995781,1.817199111
160388311525,-0.021028306,0.027682833,0.017567953,1.319205165,-9.475052834,1.795651317
160389572475,-0.021028306,0.030610826,0.019165039,1.374271750,-9.435548782,1.756146908
160390833412,-0.018632676,0.028747559,0.015704684,1.344344258,-9.448717117,1.760935307
160392094362,-0.020495944,0.023157755,0.014906141,1.321599364,-9.422380447,1.776497722
160393355300,-0.025553385,0.028481377,0.012510511,1.335964561,-9.473855972,1.744175911
160394616250,-0.027150471,0.025819566,0.013309055,1.323993564,-9.470264435,1.738190413
160395877175,-0.022625392,0.025553385,0.011179605,1.307234168,-9.464279175,1.789665818
160397138100,-0.015438504,0.024222480,0.014107598,1.304839969,-9.453505516,1.741781712
160398399050,-0.022093032,0.024222480,0.010114881,1.369483352,-9.412803650,1.742978811
160399659987,-0.021560669,0.027150471,0.012244331,1.400608063,-9.385271072,1.740584612
160400920937,-0.019165039,0.030078463,0.010381063,1.412579060,-9.399636269,1.695094824
160402181875,-0.019431220,0.028215196,0.013575235,1.380257249,-9.397241592,1.719036818
160403442812,-0.022891574,0.022093032,0.016503228,1.447294950,-9.378087997,1.719036818
160404703750,-0.013575235,0.022625392,0.015172322,1.438915253,-9.400833130,1.667561531
160405964687,-0.017301772,0.018366495,0.016503228,1.418564558,-9.362525940,1.687912226
160407225650,-0.019963583,0.022093032,0.020762125,1.389834046,-9.390059471,1.677138329
160408486562,-0.018366495,0.019963583,0.018632676,1.394622445,-9.408015251,1.646013737
160409747500,-0.019165039,0.020762125,0.022093032,1.423352957,-9.431957245,1.635239720
160411008450,-0.016769409,0.022891574,0.027416652,1.418564558,-9.453505516,1.695094824
160412269400,-0.012776692,0.019431220,0.028747559,1.367089152,-9.504981041,1.666364431
160413530312,-0.018366495,0.018632676,0.031143188,1.391031146,-9.509769440,1.693897724
160414791250,-0.015172322,0.015172322,0.030877007,1.361103654,-9.573215485,1.714248419
160416052200,-0.013309055,0.017035590,0.033804998,1.398213744,-9.560047150,1.740584612
160417313150,-0.013309055,0.014107598,0.034869723,1.365892053,-9.573215485,1.725022316
160418574075,-0.015438504,0.012510511,0.035402086,1.383848548,-9.494207382,1.721431017
160419835000,-0.016503228,0.012776692,0.037265353,1.331176162,-9.543288231,1.753752708
160421095950,-0.017567953,0.017301772,0.040725708,1.368286252,-9.575610161,1.782483220
160422356900,-0.018100314,0.021028306,0.041524250,1.346738458,-9.570821762,1.741781712
160423617837,-0.016769409,0.014639961,0.041258071,1.389834046,-9.569623947,1.799242616
160424878787,-0.018366495,0.018632676,0.042588975,1.352723956,-9.566033363,1.736993313
160426139725,-0.018898858,0.015704684,0.043919880,1.323993564,-9.532514572,1.757344007
160427400675,-0.022625392,0.014373779,0.045783147,1.284489274,-9.537302971,1.806425214
160428661587,-0.023423936,0.019697402,0.044452243,1.316810966,-9.527726173,1.782483220
160429922525,-0.021294488,0.015438504,0.045516968,1.310825467,-9.550470352,1.742978811
160431183462,-0.020495944,0.013309055,0.047646414,1.327584863,-9.522937775,1.748964310
160432444400,-0.026351929,0.012244331,0.043919880,1.344344258,-9.487024307,1.793257117
160433705350,-0.024754841,0.011179605,0.043919880,1.272518158,-9.497797966,1.800439715
160434966300,-0.025287203,0.014639961,0.045783147,1.285686374,-9.470264435,1.736993313
160436227225,-0.024488661,0.016503228,0.042322792,1.262941360,-9.451110840,1.731007814
160437488162,-0.021826850,0.015704684,0.046581693,1.279700875,-9.441534042,1.750161409
160438749100,-0.024222480,0.015704684,0.040725708,1.247379065,-9.494207382,1.729810715
160440010050,-0.023956299,0.014107598,0.042056613,1.271321058,-9.442731857,1.757344007
160441271000,-0.027949015,0.019165039,0.045516968,1.280897975,-9.446322441,1.709460020
160442531925,-0.026085747,0.017035590,0.044186063,1.253364563,-9.418789864,1.699883223
160443792862,-0.024488661,0.015438504,0.041524250,1.313219666,-9.430760384,1.765723825
160445053800,-0.027150471,0.017301772,0.039660983,1.289277673,-9.400833130,1.742978811
160446314750,-0.029013740,0.014107598,0.037265353,1.291671872,-9.379284859,1.760935307
160447575675,-0.027416652,0.016503228,0.037531536,1.278503776,-9.330204010,1.715445518
160448836625,-0.025553385,0.017567953,0.030078463,1.276109457,-9.342175484,1.739387512
160450097550,-0.024488661,0.015704684,0.031143188,1.288080573,-9.336189270,1.744175911
160451358500,-0.026085747,0.014373779,0.024488661,1.272518158,-9.317035675,1.756146908
160452619450,-0.024222480,0.018898858,0.021826850,1.217451572,-9.319430351,1.731007814
160453880387,-0.027682833,0.016769409,0.021560669,1.254561663,-9.285911560,1.707065821
160455141325,-0.024488661,0.016237047,0.022093032,1.246181965,-9.276334763,1.699883223
160456402250,-0.022891574,0.016237047,0.018366495,1.278503776,-9.263166428,1.703474522
160457663200,-0.021560669,0.015704684,0.007985433,1.285686374,-9.278728485,1.659181833
160458924150,-0.018632676,0.018632676,0.007453070,1.276109457,-9.242815971,1.623268723
160460185062,-0.015438504,0.018632676,0.006654528,1.283292174,-9.289503098,1.647210836
160461446012,-0.015172322,0.014906141,-0.001330905,1.295263171,-9.220070839,1.666364431
160462706962,-0.014107598,0.016503228,-0.002927992,1.244984865,-9.216479301,1.643619537
160463967887,-0.010114881,0.017834133,-0.001330905,1.250970364,-9.199720383,1.671152830
160465228825,-0.003992716,0.015970865,-0.003460354,1.277306676,-9.199720383,1.671152830
160466489750,-0.001330905,0.016237047,-0.006122165,1.283292174,-9.221267700,1.685518026
160467750712,-0.003194173,0.018366495,-0.006920708,1.276109457,-9.258378029,1.666364431
160469011662,-0.002661811,0.013309055,-0.009050157,1.285686374,-9.259574890,1.636436820
160470272587,0.006122165,0.013309055,-0.010114881,1.306037068,-9.257181168,1.667561531
160471533537,0.008517795,0.015438504,-0.005589803,1.353921056,-9.258378029,1.713051319
160472794475,0.007719252,0.016237047,-0.005855984,1.272518158,-9.311050415,1.693897724
160474055400,0.009050157,0.016769409,-0.005057441,1.290474772,-9.329007149,1.736993313
160475316350,0.011179605,0.016503228,-0.003194173,1.304839969,-9.327810287,1.746570110
160476577287,0.013042874,0.013309055,-0.005589803,1.277306676,-9.379284859,1.725022316
160477838237,0.010647244,0.013309055,-0.011445787,1.290474772,-9.385271072,1.733402014
160479099175,0.012510511,0.014107598,-0.009848701,1.292868972,-9.396044731,1.778891921
160480360112,0.013575235,0.012776692,-0.011445787,1.279700875,-9.364919662,1.701080322
160481621050,0.017301772,0.008517795,-0.008517795,1.280897975,-9.380482674,1.732204914
160482881987,0.012776692,0.007186890,-0.008251614,1.303642869,-9.342175484,1.689109325
160484142925,0.010913425,0.010381063,-0.015704684,1.280897975,-9.337387085,1.731007814
160485403862,0.015704684,0.012510511,-0.018632676,1.238999367,-9.287108421,1.716642618
160486664800,0.017301772,0.008251614,-0.016769409,1.238999367,-9.259574890,1.733402014
160487925750,0.022891574,0.007186890,-0.017834133,1.254561663,-9.265561104,1.738190413
160489186687,0.017834133,0.009848701,-0.022093032,1.309628367,-9.299079895,1.764526725
160490447637,0.018100314,0.009316338,-0.019431220,1.204283476,-9.215282440,1.720233917
160491708562,0.019963583,0.008783977,-0.015704684,1.209071875,-9.230844498,1.758541107
160492969500,0.026351929,0.012244331,-0.022359211,1.268926859,-9.240421295,1.728613615
160494230462,0.026085747,0.012244331,-0.023956299,1.250970364,-9.242815971,1.715445518
160495491375,0.027682833,0.014107598,-0.022359211,1.223437071,-9.248801231,1.709460020
160496752325,0.031675551,0.016769409,-0.020762125,1.252167463,-9.259574890,1.673547029
160498013275,0.034071181,0.014373779,-0.022359211,1.248576164,-9.267954826,1.715445518
160499274212,0.036732990,0.012244331,-0.022625392,1.233013868,-9.267954826,1.719036818
160500535125,0.041524250,0.012244331,-0.023423936,1.213860273,-9.327810287,1.748964310
160501796075,0.040991887,0.018366495,-0.020229762,1.206677675,-9.375694275,1.727416515
160503057025,0.042588975,0.019963583,-0.014107598,1.217451572,-9.443928719,1.738190413
160504317950,0.044984605,0.018100314,-0.014639961,1.270123959,-9.481039047,1.725022316
160505578900,0.041524250,0.020495944,-0.014639961,1.291671872,-9.487024307,1.753752708
160506839825,0.042322792,0.018898858,-0.007985433,1.280897975,-9.531316757,1.775300622
160508100775,0.045250785,0.018366495,-0.010913425,1.290474772,-9.554061890,1.748964310
160509361725,0.040991887,0.018366495,-0.009582520,1.262941360,-9.591172218,1.748964310
160510622662,0.038063895,0.015704684,-0.003992716,1.249773264,-9.603142738,1.807622313
160511883600,0.035934448,0.014373779,-0.005855984,1.256955862,-9.646238327,1.808819413
160513144537,0.036999173,0.015704684,-0.000798543,1.280897975,-9.613917351,1.735796213
160514405487,0.033272635,0.017567953,-0.000266181,1.206677675,-9.594763756,1.757344007
160515666425,0.037797716,0.011445787,0.004258898,1.231816769,-9.606734276,1.736993313
160516927362,0.037531536,0.009582520,0.003460354,1.231816769,-9.610325813,1.753752708
160518188325,0.029812282,0.012776692,0.003194173,1.280897975,-9.657012939,1.754949808
160519449237,0.032207914,0.005589803,0.006388346,1.274912357,-9.643844604,1.786074519
160520710175,0.029812282,0.005323622,0.012244331,1.272518158,-9.646238327,1.740584612
160521971112,0.030610826,0.011711968,0.010114881,1.155202270,-9.672574997,1.747767210
160523232062,0.024488661,0.015704684,0.012244331,1.209071875,-9.712079048,1.721431017
160524493000,0.025819566,0.008783977,0.013042874,1.224634171,-9.654618263,1.759738207
160525753937,0.021826850,0.006920708,0.013841417,1.199495077,-9.666589737,1.769315124
160527014887,0.019963583,0.006920708,0.014906141,1.204283476,-9.619902611,1.752555609
160528275812,0.020495944,0.007719252,0.017301772,1.218648672,-9.597157478,1.719036818
160529536750,0.022891574,0.008517795,0.021294488,1.207874775,-9.573215485,1.802833915
160530797700,0.021826850,0.003460354,0.020495944,1.173158884,-9.606734276,1.781286120
160532058650,0.021294488,0.006122165,0.020229762,1.204283476,-9.556456566,1.786074519
160533319575,0.021028306,0.009050157,0.018898858,1.222239971,-9.567230225,1.776497722
160534580512,0.016769409,0.008783977,0.018100314,1.156399488,-9.515754700,1.768118024
160535841437,0.017035590,0.008251614,0.023956299,1.200692177,-9.554061890,1.763329506
160537102400,0.017301772,0.006920708,0.024488661,1.219845772,-9.512163162,1.786074519
160538363337,0.015970865,0.001064724,0.024222480,1.204283476,-9.512163162,1.780089021
160539624275,0.014639961,0.004258898,0.024754841,1.185129881,-9.525331497,1.783680320
160540885237,0.013042874,0.002927992,0.026085747,1.194706678,-9.518149376,1.719036818
160542146162,0.014639961,0.010913425,0.022359211,1.210268974,-9.467870712,1.708262920
160543407100,0.011978149,0.007719252,0.024754841,1.227028370,-9.483432770,1.710657120
160544668050,0.014373779,0.003194173,0.028747559,1.182735682,-9.448717117,1.764526725
160545928987,0.015704684,0.003726535,0.027416652,1.229422569,-9.417592049,1.777694821
160547189937,0.015704684,0.003726535,0.028747559,1.206677675,-9.397241592,1.816002011
160548450862,0.015970865,0.007186890,0.024222480,1.179144382,-9.455899239,1.762132406
160549711812,0.017301772,0.005589803,0.027949015,1.218648672,-9.429563522,1.794454217
160550972750,0.020495944,0.002927992,0.031143188,1.193509579,-9.409213066,1.760935307
160552233687,0.018100314,0.001863268,0.027416652,1.234210968,-9.411606789,1.713051319
160553494637,0.017035590,0.002927992,0.026351929,1.195903778,-9.397241592,1.756146908
160554755575,0.015970865,0.003726535,0.027416652,1.231816769,-9.378087997,1.768118024
160556016500,0.018898858,0.006654528,0.027416652,1.161187887,-9.399636269,1.790862918
160557277437,0.018100314,0.001064724,0.021826850,1.156399488,-9.427168846,1.790862918
160558538387,0.018632676,-0.002927992,0.020229762,1.144428372,-9.441534042,1.744175911
160559799337,0.020229762,0.002395630,0.028215196,1.128866076,-9.390059471,1.783680320
160561060275,0.019697402,-0.002661811,0.024488661,1.136048675,-9.368511200,1.729810715
160562321200,0.016503228,-0.001863268,0.020762125,1.101332784,-9.396044731,1.775300622
160563582150,0.026884291,-0.007985433,0.022891574,1.094150186,-9.368511200,1.748964310
160564843087,0.020495944,-0.008251614,0.021028306,1.102529883,-9.402029991,1.746570110
160566104025,0.018100314,0.000266181,0.017035590,1.150413871,-9.373299599,1.708262920
160567364975,0.024488661,-0.001330905,0.020762125,1.137245774,-9.400833130,1.733402014
160568625900,0.022359211,-0.001064724,0.017035590,1.182735682,-9.370905876,1.687912226
160569886837,0.025021022,-0.008783977,0.014373779,1.197100878,-9.354146004,1.683123827
160571147812,0.020495944,-0.008517795,0.014639961,1.227028370,-9.326612473,1.681926727
160572408737,0.028215196,-0.007985433,0.015704684,1.203086376,-9.312247276,1.672349930
160573669675,0.034603544,-0.007985433,0.019431220,1.288080573,-9.338583946,1.702277422
160574930612,0.029279921,-0.008517795,0.021560669,1.264138460,-9.362525940,1.714248419
160576191562,0.033804998,-0.009848701,0.024754841,1.253364563,-9.340977669,1.709460020
160577452487,0.038862441,-0.010647244,0.024222480,1.286883473,-9.356540680,1.690306425
160578713437,0.038063895,-0.014107598,0.024222480,1.307234168,-9.399636269,1.746570110
160579974375,0.038063895,-0.015970865,0.024222480,1.255758762,-9.397241592,1.729810715
160581235325,0.038063895,-0.016503228,0.022625392,1.261744261,-9.396044731,1.777694821
160582496250,0.040459525,-0.014373779,0.027416652,1.291671872,-9.502586365,1.764526725
160583757175,0.044984605,-0.014906141,0.026618110,1.307234168,-9.484629631,1.774103522
160585018137,0.039660983,-0.019165039,0.026351929,1.316810966,-9.457097054,1.765723825
160586279062,0.039927166,-0.019165039,0.025021022,1.273715258,-9.476250648,1.758541107
160587540012,0.042588975,-0.021294488,0.031675551,1.284489274,-9.493009567,1.821987510
160588800962,0.037797716,-0.020495944,0.034869723,1.319205165,-9.467870712,1.800439715
160590061900,0.039660983,-0.024222480,0.031941731,1.291671872,-9.551668167,1.814804912
160591322825,0.041524250,-0.019431220,0.032740276,1.264138460,-9.554061890,1.830367208
160592583787,0.038063895,-0.020495944,0.035135906,1.252167463,-9.552865028,1.879448295
160593844712,0.044984605,-0.023956299,0.033006456,1.240196466,-9.542091370,1.884236693
160595105650,0.040991887,-0.027949015,0.028747559,1.274912357,-9.550470352,1.886631012
160596366587,0.034603544,-0.024754841,0.030078463,1.227028370,-9.537302971,1.879448295
160597627550,0.036466811,-0.029279921,0.031675551,1.189918280,-9.560047150,1.902193308
160598888475,0.035402086,-0.024222480,0.030344645,1.161187887,-9.498995781,1.896207809
160600149425,0.029812282,-0.026085747,0.029013740,1.246181965,-9.531316757,1.921346903
160601410337,0.030078463,-0.026618110,0.027416652,1.165976286,-9.566033363,1.886631012
160602671300,0.030344645,-0.020762125,0.026884291,1.151610970,-9.604340553,1.902193308
160603932237,0.030610826,-0.025287203,0.028215196,1.138442874,-9.601945877,1.899799109
160605193175,0.025553385,-0.020495944,0.026618110,1.127668977,-9.599552155,1.953668594
160606454112,0.025553385,-0.021560669,0.034603544,1.136048675,-9.568427086,1.914164305
160607715062,0.026884291,-0.021294488,0.032474093,1.074996591,-9.631873131,1.922544003
160608976000,0.025021022,-0.019165039,0.030610826,1.109712481,-9.643844604,1.944091797
160610236950,0.022891574,-0.015438504,0.029279921,1.069011092,-9.642647743,1.990778685
160611497875,0.020495944,-0.017035590,0.031941731,1.064222693,-9.678560257,2.003946781
160612758825,0.021560669,-0.011711968,0.032474093,1.047463298,-9.661801338,1.982398987
160614019750,0.018898858,-0.007985433,0.032207914,1.060631394,-9.728838921,1.966836691
160615280700,0.014107598,-0.010647244,0.036466811,1.079784989,-9.673771858,1.964442492
160616541650,0.010647244,-0.009848701,0.030344645,1.042674899,-9.716867447,1.942894697
160617802575,0.009316338,-0.003194173,0.028481377,1.088164687,-9.726444244,1.951274395
160619063525,0.006920708,-0.003194173,0.027416652,1.124077678,-9.719262123,1.938106298
160620324475,0.006920708,-0.007186890,0.026351929,1.177947283,-9.713275909,1.935712099
160621585387,0.001597087,-0.005589803,0.030078463,1.096544385,-9.698910713,1.903390408
160622846350,0.000532362,-0.006654528,0.029812282,1.079784989,-9.678560257,1.924938202
160624107287,0.000266181,-0.002927992,0.026351929,1.100135684,-9.640253067,1.896207809
160625368225,0.000798543,-0.002661811,0.027682833,1.074996591,-9.670180321,1.867477298
160626629162,-0.001330905,-0.001597087,0.032474093,1.120486379,-9.682151794,1.862688899
160627890125,-0.006654528,-0.002661811,0.033804998,1.146822572,-9.619902611,1.871068597
160629151050,-0.006122165,-0.007719252,0.032207914,1.125274777,-9.591172218,1.897404909
160630412000,-0.010913425,-0.002927992,0.026351929,1.089361787,-9.569623947,1.827973008
160631672925,-0.008783977,-0.005323622,0.027949015,1.057040095,-9.526528358,1.890222311
160632933875,-0.006920708,-0.009050157,0.029546101,1.024718285,-9.531316757,1.866280198
160634194812,-0.008517795,-0.006654528,0.020495944,1.009155989,-9.469067574,1.895010710
160635455750,-0.011711968,-0.002129449,0.013042874,0.988805294,-9.419986725,1.906981707
160636716675,-0.005057441,-0.003992716,0.011711968,0.975637197,-9.454702377,1.859097600
160637977625,-0.001863268,-0.007453070,0.008783977,1.004367590,-9.381679535,1.810016513
160639238562,-0.003460354,-0.003992716,0.006920708,1.031900883,-9.327810287,1.783680320
160640499512,0.002395630,-0.003992716,0.002129449,1.025915384,-9.283516884,1.758541107
160641760437,0.004525078,-0.001597087,-0.001064724,1.074996591,-9.255984306,1.732204914
160643021400,0.009316338,-0.003726535,-0.005589803,1.131260276,-9.287108421,1.719036818
160644282337,0.011445787,-0.003726535,-0.003460354,1.140837073,-9.277531624,1.651999235
160645543275,0.011978149,-0.000798543,-0.003992716,1.131260276,-9.299079895,1.659181833
160646804212,0.017834133,0.003992716,-0.002927992,1.149216771,-9.303868294,1.696291924
160648065162,0.017567953,0.003992716,-0.002661811,1.103726983,-9.312247276,1.738190413
160649326112,0.021294488,0.001330905,-0.004258898,1.137245774,-9.318233490,1.719036818
160650587050,0.021826850,-0.005057441,-0.007719252,1.181538582,-9.314641953,1.770512223
160651848000,0.024222480,-0.007186890,-0.011978149,1.137245774,-9.358934402,1.816002011
160653108912,0.020495944,-0.005855984,-0.013575235,1.182735682,-9.356540680,1.742978811
160654369862,0.029013740,-0.007453070,-0.011711968,1.114500880,-9.352949142,1.794454217
160655630800,0.031941731,-0.010114881,-0.012776692,1.095347285,-9.366117477,1.802833915
160656891750,0.029812282,-0.011445787,-0.018366495,1.085770488,-9.396044731,1.845929503
160658152662,0.026351929,-0.011179605,-0.021826850,1.015141487,-9.370905876,1.786074519
160659413625,0.027949015,-0.016503228,-0.028481377,1.011550188,-9.397241592,1.768118024
160660674550,0.033804998,-0.021294488,-0.033006456,0.985213995,-9.329007149,1.801636815
160661935500,0.028481377,-0.019697402,-0.038063895,1.015141487,-9.330204010,1.702277422
160663196450,0.026618110,-0.018366495,-0.046581693,1.042674899,-9.279926300,1.673547029
160664457375,0.021294488,-0.027949015,-0.055365667,1.049857497,-9.199720383,1.634042621
160665718337,0.027682833,-0.027682833,-0.065214366,1.104924083,-9.097966194,1.625662923
160666979275,0.032740276,-0.028747559,-0.076660156,1.124077678,-8.943540573,1.614889026
160668240212,0.034603544,-0.029546101,-0.088372126,1.192312479,-8.878896713,1.521515250
160669501150,0.034071181,-0.036999173,-0.095292829,1.197100878,-8.807070732,1.555034041
160670762087,0.043653701,-0.037265353,-0.090235390,1.189918280,-8.726864815,1.561019540
160672023037,0.059358384,-0.034337360,-0.096623734,1.207874775,-8.669404030,1.601720929
160673283975,0.070005625,-0.035402086,-0.098220825,1.203086376,-8.718485832,1.626860023
160674544925,0.079854332,-0.036200628,-0.096357554,1.243787766,-8.759186745,1.625662923
160675805825,0.088638306,-0.034071181,-0.089969210,1.273715258,-8.857349396,1.642422438
160677066800,0.093429565,-0.031675551,-0.085976496,1.266532660,-8.998606682,1.668758631
160678327725,0.103544444,-0.033804998,-0.087041214,1.253364563,-9.100360870,1.697489023
160679588687,0.107270978,-0.032474093,-0.085444130,1.200692177,-9.204508781,1.736993313
160680849612,0.110198975,-0.028481377,-0.084911771,1.180341482,-9.318233490,1.758541107
160682110562,0.110731333,-0.026351929,-0.083314680,1.110909581,-9.403226852,1.845929503
160683371500,0.112594604,-0.033006456,-0.086508855,1.078587890,-9.500192642,1.923741102
160684632437,0.107537165,-0.024222480,-0.092364840,1.064222693,-9.546879768,1.972822189
160685893387,0.107270978,-0.020762125,-0.097422279,1.114500880,-9.595960617,1.924938202
160687154312,0.105141535,-0.019963583,-0.097954646,1.152808070,-9.612719536,1.946485996
160688415262,0.103810623,-0.020762125,-0.096623734,1.118092179,-9.654618263,1.946485996
160689676200,0.099019364,-0.014373779,-0.096889921,1.127668977,-9.702502251,2.006340981
160690937137,0.100882635,-0.007985433,-0.098753184,1.164779186,-9.755174637,2.003946781
160692198075,0.100084089,-0.003460354,-0.092364840,1.122880578,-9.720458984,2.088941097
160693459025,0.093429565,0.005855984,-0.087839760,1.110909581,-9.788693428,2.078167200
160694719950,0.088105939,0.008517795,-0.087307401,1.185129881,-9.752780914,2.112883091
160695980912,0.087573580,0.012776692,-0.085976496,1.154005170,-9.831789017,2.134430885
160697241850,0.086242676,0.022093032,-0.080120511,1.138442874,-9.898826599,2.103306293
160698502787,0.084645584,0.030610826,-0.068940900,1.138442874,-9.923966408,2.188300371
160699763737,0.079588145,0.032474093,-0.057495117,1.118092179,-9.982624054,2.155978680
160701024675,0.073998347,0.042056613,-0.053768583,1.137245774,-10.078392029,2.182314873
160702285625,0.070271812,0.046581693,-0.045250785,1.113303781,-10.155006409,2.211045265
160703546562,0.059624564,0.053768583,-0.044186063,1.058237195,-10.226832390,2.146401882
160704807475,0.051639132,0.058826022,-0.044452243,1.077390790,-10.255562782,2.104503393
160706068412,0.053502399,0.056696571,-0.031941731,1.080982089,-10.228030205,2.075773001
160707329375,0.046049330,0.054300942,-0.032207914,1.126471877,-10.256760597,2.031480074
160708590325,0.034337360,0.057228934,-0.036466811,1.204283476,-10.217255592,1.963245392
160709851250,0.032474093,0.062818736,-0.028747559,1.218648672,-10.116699219,1.930923700
160711112187,0.025819566,0.058293659,-0.023690118,1.200692177,-10.102334023,1.902193308
160712373137,0.018632676,0.065480553,-0.019165039,1.150413871,-9.894038200,1.915361404
160713634075,0.017834133,0.071868896,-0.008251614,1.261744261,-10.478223801,2.091335297
160714895012,0.006654528,0.061487831,-0.009050157,1.283292174,-9.442731857,1.673547029
160716155962,0.019431220,0.057228934,-0.011711968,1.272518158,-9.967061996,2.001552582
160717416900,0.009582520,0.059624564,0.010114881,1.133654475,-9.844957352,1.892616510
160718677837,0.006122165,0.058293659,0.009848701,1.133654475,-9.773131371,1.940500498
160719938775,0.002927992,0.060423110,0.009316338,1.167173386,-9.719262123,1.883039594
160721199712,0.004258898,0.051639132,0.010647244,1.188721180,-9.594763756,1.736993313
160722460650,0.004525078,0.048178777,0.012244331,1.174355984,-9.546879768,1.734599113
160723721600,0.001330905,0.046847872,0.012510511,1.233013868,-9.488221169,1.618480325
160724982537,0.004525078,0.042322792,0.010913425,1.267729759,-9.421183586,1.567005038
160726243475,0.003194173,0.038596258,0.008517795,1.341950059,-9.350554466,1.533486247
160727504412,0.001330905,0.031143188,0.011978149,1.302445769,-9.240421295,1.510741234
